﻿<?xml version="1.0" encoding="utf-8" standalone="no" ?>
<modDesc descVersion="51">
    <author>Daniel i Kacper</author>
    <version>1.6.0.0</version>
    <title>
        <en>Informacje o polu</en>
    </title>
    <description>
        <en>
<![CDATA[>>>>>> Statystyki <<<<<<

Numer pola : TAK
Grunt : TAK
Cena za ha : TAK
Cena za a : TAK
Potencjalny zysk : TAK
]]>
		</en>
    </description>
    <iconFilename>Pokaz.dds</iconFilename>
    <multiplayer supported="true"/>
    
    <extraSourceFiles>
        <sourceFile filename="Konfiguracja.lua" />
    </extraSourceFiles>

    <l10n>
        <text name="additionalFieldInfo_FIELD_AREA">
            <pl>Pole %d</pl>
        </text>
        <text name="additionalFieldInfo_FARMLAND_AREA">
            <pl>Grunt</pl>
        </text>
        <text name="additionalFieldInfo_AREA">
            <pl>Grunt</pl>
        </text>
        <text name="additionalFieldInfo_PRICE_ON_AREA">
            <pl>Cena za %s</pl>
        </text>
        <text name="additionalFieldInfo_POTENTIAL_HARVEST">
            <pl>Potencjalna ilość zbiorów</pl>
        </text>
        <text name="additionalFieldInfo_POTENTIAL_YIELD">
            <pl>Potencjalny zysk</pl>
        </text>
    </l10n>
</modDesc>
