<?xml version="1.0" encoding="utf-8" standalone="no"?>
<modDesc descVersion="53">
	<author>Knight of Modding, CNH_JD</author>
	<version>1.1.0.0</version>
	<title>
		<en>Real Seeds Usage</en>
	</title>
	<description>
		<en>
			<![CDATA[
With this mod, seeders will use the right and real amount of seed for every crop type.

Wheat: 200 kg/ha
Barley: 200 kg/ha
Oat: 135 kg/ha
Canola: 6,5 kg/ha
Sunflower: 5 kg/ha
Soybean: 55 kg/ha
Maize: 19,5 kg/ha
Potato: 1600 kg/ha
Sugarbeet: 70 kg/ha
Grass: 35 kg/ha
Rye: 150 kg/ha
Triticale: 175 kg/ha
Spelt: 125 kg/ha
Miscanthus: 30 kg/ha
Alfalfa: 42 kg/ha
Clover: 36 kg/ha
Carrot: 1,5 kg/ha
Onion: 8 kg/ha

Changelog 1.1.0.0:
- Added support for grass, alfalfa and clover
- Added support for rye, triticale, spelt and miscanthus
- Added support for carrot and onion
- Added new translations
- Fixed sugarbeet seed usage
]]>
		</en>
		<de>
<![CDATA[
Mit diesem Mod verwenden die Sämaschinen die richtige und echte Menge an Saatgut für jede Kulturart.

Weizen: 200 kg/ha
Gerste: 200 kg/ha
Hafer: 135 kg/ha
Raps: 6,5 kg/ha
Sonnenblumen: 5 kg/ha
Sojabohnen: 55 kg/ha
Mais: 19,5 kg/ha
Kartoffeln: 1600 kg/ha
Zuckerrüben: 70 kg/ha
Gras: 35 kg/ha
Roggen: 150 kg/ha
Triticale: 175 kg/ha
Dinkel: 125 kg/ha
Elefantengras: 30 kg/ha
Luzerne: 42 kg/ha
Klee: 36 kg/ha
Karotten: 1,5 kg/ha
Zwiebeln: 8 kg/ha

Changelog 1.1.0.0:
- Unterstützung für Gras, Alfalfa und Klee hinzugefügt
- Unterstützung für Roggen, Triticale, Dinkel und Elefantengras wurde hinzugefügt
- Unterstützung für Karotten und Zwiebeln hinzugefügt
- Neue Übersetzungen hinzugefügt
- Verwendung von Zuckerrübensaatgut verbessert
]]>
</de>
		<fr>
			<![CDATA[
Avec ce mod, les semoirs/semoirs monograines/planteuses utiliseront une quantité de semences réaliste pour chaque culture.

Blé: 200 kg/ha
Orge: 200 kg/ha
Avoine: 135 kg/ha
Colza: 6,5 kg/ha
Tournesol: 5 kg/ha
Soja: 55 kg/ha
Maïs: 19,5 kg/ha
P. de terre: 1600 kg/ha
Betteraves: 70 kg/ha
L'herbe : 35 kg/ha
Seigle : 150 kg/ha
Triticale : 175 kg/ha
Épeautre : 125 kg/ha
Miscanthus : 30 kg/ha
Luzerne : 42 kg/ha
Trèfle : 36 kg/ha
Carotte : 1,5 kg/ha
Oignon : 8 kg/ha

Changelog 1.1.0.0:
- Ajout d'un soutien pour l'herbe, la luzerne et le trèfle
- Ajout d'un soutien pour le seigle, le triticale, l'épeautre et le miscanthus
- Ajout d'un soutien pour la carotte et l'oignon
- Ajout de nouvelles traductions
- Utilisation fixe des semences de betteraves sucrières
]]>
		</fr>
	</description>
	<multiplayer supported="true" />
	<iconFilename>icon.png</iconFilename>
	<extraSourceFiles>
		<sourceFile filename="rmod/Main.lua" />
		<sourceFile filename="realSeedsUsage.lua" />
	</extraSourceFiles>
</modDesc>
