﻿<?xml version="1.0" encoding="utf-8" standalone="no"?>
<modDesc descVersion="44">
    <author>AgroFarmYT,PrezesZiaroo</author>
    <version>1.0.0.0</version>

    <title>
		<pl>Paczka Polskich Narzedzi</pl>
		<en>Package of Polish Tools</en>
    </title>
    <description>
        <pl>Paczka Polskich Narzedzi</pl>
        <en>Package of Polish Tools</en>
    </description>
    <iconFilename>Store/Store1.dds</iconFilename>
    <multiplayer supported="true"/>

    <specializations>
		<specialization name="addConfig"         className="AddConfig"         filename="Skrypty/AddConfig.lua"/>
    </specializations>

    <vehicleTypes>
        <type name="PrezesZiaroo" parent="shovel" className="Vehicle" filename="$dataS/scripts/vehicles/Vehicle.lua">
			<specialization name="addConfig"/>    
        </type>         
    </vehicleTypes> 
	
	<newConfigurations>
        <newConfiguration configName="Koncowka"            isColorConfig="false" />
		<newConfiguration configName="Trzonek"            isColorConfig="false" />
		<newConfiguration configName="Marka"            isColorConfig="false" />
		<newConfiguration configName="Rekojesc"            isColorConfig="false" />
		<newConfiguration configName="MarkaStareWidly"            isColorConfig="false" />
		<newConfiguration configName="MarkaNoweWidly"            isColorConfig="false" />
		<newConfiguration configName="KoncowkaKolor"            isColorConfig="true" />
		<newConfiguration configName="TrzonekKolor"            isColorConfig="true" />
		<newConfiguration configName="RekojescNowaKolor"            isColorConfig="true" />
    </newConfigurations>
	
	    <l10n>
        <text name="configuration_Koncowka">          <pl>Koncowka</pl>           <en>End</en>            <de>Ende</de></text>
		<text name="configuration_Trzonek">          <pl>Trzonek</pl>           <en>Handle</en>            <de>Griff</de></text>
		<text name="configuration_Marka">          <pl>Marka</pl>           <en>Mark</en>            <de>Kennzeichen</de></text>
		<text name="configuration_Rekojesc">          <pl>Rękojeść</pl>           <en>The handle</en>            <de>Der Griff</de></text>
		<text name="configuration_MarkaStareWidly">          <pl>Marka stary typ wideł</pl>           <en>Brand old type of forks</en>            <de>Brand alte Gabeltyp</de></text>
		<text name="configuration_MarkaNoweWidly">          <pl>Marka nowy typ wideł</pl>           <en>Brand new type of forks</en>            <de>Brandneue Art von Gabeln</de></text>
		<text name="configuration_KoncowkaKolor">          <pl>Koncowka Kolor</pl>           <en>Color of End</en>            <de>Die Farbe des Ende</de></text>
		<text name="configuration_TrzonekKolor">          <pl>Trzonek Kolor</pl>           <en>Color of Handle</en>            <de>Die Farbe des Griff</de></text>
		<text name="configuration_RekojescNowaKolor">          <pl>Kolor nowej rekojesci</pl>           <en>Color of new handle</en>            <de>Die Farbe des neuen Griffs</de></text>

  <!-- <text name="configuration_ "> <pl> </pl>  <en> </en>  <de> </de></text> --> 
    </l10n>

	 <storeItems>
        <storeItem rootNode="vehicle" xmlFilename="PaczkaNarzedzi.xml"/>   
    </storeItems>
</modDesc>
