﻿			<?xml version="1.0" encoding="utf-8" standalone="no" ?>
<vehicle type="PrezesZiaroo">
    <annotation>Copyright (C) GIANTS Software GmbH, All Rights Reserved.</annotation>

    <storeData>
        <name>Paczka Narzedzi</name>
		
		
		

        <functions>
            <function>Paczka polskich narzędzi.</function>
        </functions>

        <image>Store/Store.dds</image>
        <price>30</price>
        <brand>LIZARD</brand>
        <category>misc</category>
    </storeData>

	<attachable>
        <inputAttacherJoints>
            <inputAttacherJoint node="0>0|9" jointType="trailer" lowerRotLimit="0 0 0" comboTime="0" allowsJointLimitMovement="false" upperRotRotationOffset="0" fixedRotation="true"/>
            <inputAttacherJoint node="0>0|8" jointType="trailer" lowerRotLimit="0 0 0" comboTime="0" allowsJointLimitMovement="false" upperRotRotationOffset="0" fixedRotation="true"/>
            <inputAttacherJoint node="0>0|7" jointType="trailer" lowerRotLimit="0 0 0" comboTime="0" allowsJointLimitMovement="false" upperRotRotationOffset="0" fixedRotation="true"/>
        </inputAttacherJoints>
    </attachable>
	
    <base>
        <filename>PaczkaNarzedzi.i3d</filename>
        <size width="3" length="2"/>

        <components>
            <component centerOfMass="0 0 0" solverIterationCount="10" mass="100" />
        </components>

        <schemaOverlay attacherJointPosition="0 0">
            <default name="DEFAULT_IMPLEMENT"/>
            <selected name="DEFAULT_IMPLEMENT_SELECTED"/>
        </schemaOverlay>
    </base>

    <shovel>
        <shovelNode node="0>0|4" fillUnitIndex="1" width="0.5" length="0.5" yOffset="-0.5" zOffset="0" needsMovement="false" needsActivation="false" fillLitersPerSecond="500" needsAttacherVehicle="false"/>
        <dischargeInfo node="0>0|1|4" minSpeedAngle="105" maxSpeedAngle="180" />
    </shovel>

    <fillUnit>
        <fillUnitConfigurations>
            <fillUnitConfiguration>
                <fillUnits>
                    <fillUnit unit="$l10n_unit_literShort" fillTypeCategories="bulk windrow" capacity="50" >
                        <exactFillRootNode node="0>0|1|1" />
                    </fillUnit>
                </fillUnits>
            </fillUnitConfiguration>
        </fillUnitConfigurations>
    </fillUnit>

    <fillVolume>
        <fillVolumeConfigurations>
            <fillVolumeConfiguration>
                <volumes>
                    <volume node="0>0|1|0" allSidePlanes="true" maxAllowedHeapAngle="50" fillUnitIndex="1" />
					<volume node="0>0|1|5" allSidePlanes="true" maxAllowedHeapAngle="50" fillUnitIndex="1" />
					<volume node="0>0|1|6" allSidePlanes="true" maxAllowedHeapAngle="50" fillUnitIndex="1" />
					<volume node="0>0|1|7" allSidePlanes="true" maxAllowedHeapAngle="50" fillUnitIndex="1" />
                </volumes>
            </fillVolumeConfiguration>
        </fillVolumeConfigurations>
        <loadInfos>
            <loadInfo>
                <node node="0>0|1|2" width="2.45" length="1.2" />
            </loadInfo>
        </loadInfos>
        <unloadInfos>
            <unloadInfo>
                <node node="0>0|1|3" width="2.45" length="1.2" />
            </unloadInfo>
        </unloadInfos>
    </fillVolume>

    <dischargeable requiresTipOcclusionArea="false">
        <dischargeNode node="0>0|1|4" fillUnitIndex="1" emptySpeed="500" >
            <raycast node="0>0|1|4" maxDistance="30" useWorldNegYDirection="true" yOffset="2"/>
            <info width="2.45" length="1.3" zOffset="1.5"/>
            <effects>
                <effectNode effectClass="TipEffect">
                    <effectNode effectNode="0>0|2|0" effectClass="ParticleEffect" />
                </effectNode>
            </effects>
        </dischargeNode>
    </dischargeable>


	<foliageBending>
        <bendingNode minX="-0.5" maxX="0.5" minZ="-0.5" maxZ="0.5" yOffset="0.1" />
    </foliageBending>
	
    <animations>

    </animations>
	
	  <baseMaterial>
    <!-- Koncowka -->
        <material name="Lopata" baseNode="0>0|0|1|0|0">
            <shaderParameter name="colorMat1" value="0.2 0 0 1"/>           
        </material> 
		<material name="Widly2ki" baseNode="0>0|0|1|0|2|3">
            <shaderParameter name="colorMat1" value="0.2 0 0 1"/>           
        </material> 
        <material name="TrzonekMetalowyNowy" baseNode="0>0|0|1|2|1">
            <shaderParameter name="colorMat2" value="0.05 0.05 0.05 1"/>           
        </material> 	
        <material name="RekojescNowaSt" baseNode="0>0|0|1|1|0">
            <shaderParameter name="colorMat3" value="0.2 0 0 1"/>           
        </material> 
        <material name="Sniegowka" baseNode="0>0|0|1|0|3">
            <shaderParameter name="colorMat1" value="0.2 0 0 1"/>           
        </material>
        <material name="Trzymanie" baseNode="0>0|0|1|0|3|0">
            <shaderParameter name="colorMat1" value="0.2 0 0 1"/>           
        </material>		
		<material name="Szpadyl" baseNode="0>0|0|1|0|4">
            <shaderParameter name="colorMat1" value="0.2 0 0 1"/>           
        </material>	
    </baseMaterial>
	
	    <!-- Koncowka -->
	<KoncowkaKolorConfigurations useDefaultColors="false" defaultColorIndex="0">
        <KoncowkaKolorConfiguration         material="1"	color="0.287 0.037 0.014"/>	
        <KoncowkaKolorConfiguration         material="1"    color="0.371 0.063 0.028"/>
	    <KoncowkaKolorConfiguration         material="1"	color="0.371 0.058 0.066"/>
	    <KoncowkaKolorConfiguration         material="1"	color="0.287 0.055 0.025"/>
	    <KoncowkaKolorConfiguration         material="1"    color="0.299 0.045 0.022"/>
	    <KoncowkaKolorConfiguration         material="1"	color="0.488 0.045 0.038"/>
	    <KoncowkaKolorConfiguration         material="1"	color="0.456 0.025 0.012"/>
	    <KoncowkaKolorConfiguration         material="1"	color="0.356 0.037 0.022"/>
	    <KoncowkaKolorConfiguration         material="1"	color="0.281 0.071 0.040"/>
	    <KoncowkaKolorConfiguration         material="1"	color="0.356 0.054 0.008"/>	
	    <KoncowkaKolorConfiguration         material="1"	color="0.311 0.306 0.310"/>
	    <KoncowkaKolorConfiguration         material="1"	color="0.105 0.108 0.109"/>
	    <KoncowkaKolorConfiguration         material="1"	color="0.093 0.095 0.096"/>
	    <KoncowkaKolorConfiguration         material="1"	color="0.076 0.078 0.078"/>
	    <KoncowkaKolorConfiguration         material="1"	color="0.081 0.083 0.084"/>
	    <KoncowkaKolorConfiguration         material="1"	color="0.066 0.067 0.068"/>
	    <KoncowkaKolorConfiguration         material="1"	color="0.102 0.104 0.105"/>
	    <KoncowkaKolorConfiguration         material="1"	color="0.122 0.125 0.126"/>
	    <KoncowkaKolorConfiguration         material="1"	color="0.168 0.172 0.176"/>
	    <KoncowkaKolorConfiguration         material="1"	color="0.125 0.128 0.130"/>
	    <KoncowkaKolorConfiguration         material="1"	color="0.074 0.253 0.641"/>	
	    <KoncowkaKolorConfiguration         material="1"	color="0.074 0.368 0.641"/>
	    <KoncowkaKolorConfiguration         material="1"	color="0.033 0.154 0.390"/>
	    <KoncowkaKolorConfiguration         material="1"	color="0.020 0.193 0.497"/>
	    <KoncowkaKolorConfiguration         material="1"	color="0.013 0.088 0.233"/>
	    <KoncowkaKolorConfiguration         material="1"	color="0.076 0.233 0.480"/>
	    <KoncowkaKolorConfiguration         material="1"	color="0 0.367 0.779"/>
	    <KoncowkaKolorConfiguration         material="1"	color="0.026 0.189 0.779"/>
	    <KoncowkaKolorConfiguration         material="1"	color="0.042 0.155 0.537"/>
	    <KoncowkaKolorConfiguration         material="1"	color="0.023 0.229 0.537"/>
	    <KoncowkaKolorConfiguration         material="1"	color="0.022 0.188 0.026"/>
	    <KoncowkaKolorConfiguration         material="1"	color="0.026 0.222 0.030"/>
	    <KoncowkaKolorConfiguration         material="1"	color="0.082 0.222 0.063"/>
	    <KoncowkaKolorConfiguration         material="1"	color="0.067 0.174 0.018"/>
	    <KoncowkaKolorConfiguration         material="1"	color="0.037 0.174 0.071"/>
	    <KoncowkaKolorConfiguration         material="1"	color="0.117 0.174 0.084"/>
	    <KoncowkaKolorConfiguration         material="1"	color="0.075 0.232 0.054"/>
	    <KoncowkaKolorConfiguration         material="1"	color="0.041 0.232 0.065"/>
	    <KoncowkaKolorConfiguration         material="1"	color="0.141 0.222 0.090"/>
	    <KoncowkaKolorConfiguration         material="1"	color="0.074 0.222 0.081"/>
	    <KoncowkaKolorConfiguration         material="1"	color="1 0.773 0.082"/>	
	    <KoncowkaKolorConfiguration         material="1"	color="1 0.482 0"/>	
	    <KoncowkaKolorConfiguration         material="1"	color="1 0.933 0"/>	
	    <KoncowkaKolorConfiguration         material="1"	color="0.831 0.435 0.02"/>	
	    <KoncowkaKolorConfiguration         material="1"	color="0.591 0.479 0.109"/>	
	    <KoncowkaKolorConfiguration         material="1"	color="0.708 0.521 0.030"/>	
	    <KoncowkaKolorConfiguration         material="1"	color="0.815 0.761 0. 007"/>
	    <KoncowkaKolorConfiguration         material="1"	color="0.839 0.694 0.031"/>	
	    <KoncowkaKolorConfiguration         material="1"	color="0.604 0.445 0.034"/>	
	    <KoncowkaKolorConfiguration         material="1"	color="0.02 0.02 0.02"/>
	<material name="Lopata"               shaderParameter="colorMat1" />
	<material name="Widly2ki"             shaderParameter="colorMat1" />
	<material name="Sniegowka"             shaderParameter="colorMat1" />
	<material name="Trzymanie"             shaderParameter="colorMat1" />
	<material name="Szpadyl"             shaderParameter="colorMat1" />
    </KoncowkaKolorConfigurations>
	
	    <!-- Trzonek -->
	<TrzonekKolorConfigurations useDefaultColors="false" defaultColorIndex="0">
        <TrzonekKolorConfiguration         material="1"	color="0.287 0.037 0.014"/>	
        <TrzonekKolorConfiguration         material="1" color="0.371 0.063 0.028"/>
	    <TrzonekKolorConfiguration         material="1"	color="0.371 0.058 0.066"/>
	    <TrzonekKolorConfiguration         material="1"	color="0.287 0.055 0.025"/>
	    <TrzonekKolorConfiguration         material="1" color="0.299 0.045 0.022"/>
	    <TrzonekKolorConfiguration         material="1"	color="0.488 0.045 0.038"/>
	    <TrzonekKolorConfiguration         material="1"	color="0.456 0.025 0.012"/>
	    <TrzonekKolorConfiguration         material="1"	color="0.356 0.037 0.022"/>
	    <TrzonekKolorConfiguration         material="1"	color="0.281 0.071 0.040"/>
	    <TrzonekKolorConfiguration         material="1"	color="0.356 0.054 0.008"/>	
	    <TrzonekKolorConfiguration         material="1"	color="0.311 0.306 0.310"/>
	    <TrzonekKolorConfiguration         material="1"	color="0.105 0.108 0.109"/>
	    <TrzonekKolorConfiguration         material="1"	color="0.093 0.095 0.096"/>
	    <TrzonekKolorConfiguration         material="1"	color="0.076 0.078 0.078"/>
	    <TrzonekKolorConfiguration         material="1"	color="0.081 0.083 0.084"/>
	    <TrzonekKolorConfiguration         material="1"	color="0.066 0.067 0.068"/>
	    <TrzonekKolorConfiguration         material="1"	color="0.102 0.104 0.105"/>
	    <TrzonekKolorConfiguration         material="1"	color="0.122 0.125 0.126"/>
	    <TrzonekKolorConfiguration         material="1"	color="0.168 0.172 0.176"/>
	    <TrzonekKolorConfiguration         material="1"	color="0.125 0.128 0.130"/>
	    <TrzonekKolorConfiguration         material="1"	color="0.074 0.253 0.641"/>	
	    <TrzonekKolorConfiguration         material="1"	color="0.074 0.368 0.641"/>
	    <TrzonekKolorConfiguration         material="1"	color="0.033 0.154 0.390"/>
	    <TrzonekKolorConfiguration         material="1"	color="0.020 0.193 0.497"/>
	    <TrzonekKolorConfiguration         material="1"	color="0.013 0.088 0.233"/>
	    <TrzonekKolorConfiguration         material="1"	color="0.076 0.233 0.480"/>
	    <TrzonekKolorConfiguration         material="1"	color="0 0.367 0.779"/>
	    <TrzonekKolorConfiguration         material="1"	color="0.026 0.189 0.779"/>
	    <TrzonekKolorConfiguration         material="1"	color="0.042 0.155 0.537"/>
	    <TrzonekKolorConfiguration         material="1"	color="0.023 0.229 0.537"/>
	    <TrzonekKolorConfiguration         material="1"	color="0.022 0.188 0.026"/>
	    <TrzonekKolorConfiguration         material="1"	color="0.026 0.222 0.030"/>
	    <TrzonekKolorConfiguration         material="1"	color="0.082 0.222 0.063"/>
	    <TrzonekKolorConfiguration         material="1"	color="0.067 0.174 0.018"/>
	    <TrzonekKolorConfiguration         material="1"	color="0.037 0.174 0.071"/>
	    <TrzonekKolorConfiguration         material="1"	color="0.117 0.174 0.084"/>
	    <TrzonekKolorConfiguration         material="1"	color="0.075 0.232 0.054"/>
	    <TrzonekKolorConfiguration         material="1"	color="0.041 0.232 0.065"/>
	    <TrzonekKolorConfiguration         material="1"	color="0.141 0.222 0.090"/>
	    <TrzonekKolorConfiguration         material="1"	color="0.074 0.222 0.081"/>
	    <TrzonekKolorConfiguration         material="1"	color="1 0.773 0.082"/>	
	    <TrzonekKolorConfiguration         material="1"	color="1 0.482 0"/>	
	    <TrzonekKolorConfiguration         material="1"	color="1 0.933 0"/>	
	    <TrzonekKolorConfiguration         material="1"	color="0.831 0.435 0.02"/>	
	    <TrzonekKolorConfiguration         material="1"	color="0.591 0.479 0.109"/>	
	    <TrzonekKolorConfiguration         material="1"	color="0.708 0.521 0.030"/>	
	    <TrzonekKolorConfiguration         material="1"	color="0.815 0.761 0. 007"/>
	    <TrzonekKolorConfiguration         material="1"	color="0.839 0.694 0.031"/>	
	    <TrzonekKolorConfiguration         material="1"	color="0.604 0.445 0.034"/>	
	    <TrzonekKolorConfiguration         material="1"	color="0.02 0.02 0.02"/>
        <material name="TrzonekMetalowyNowy"             shaderParameter="colorMat2" />
    </TrzonekKolorConfigurations>
	
	    <!-- Rekojesc -->
	<RekojescNowaKolorConfigurations useDefaultColors="false" defaultColorIndex="0">
        <RekojescNowaKolorConfiguration         material="1"	color="0.287 0.037 0.014"/>	
        <RekojescNowaKolorConfiguration         material="1"    color="0.371 0.063 0.028"/>
	    <RekojescNowaKolorConfiguration         material="1"	color="0.371 0.058 0.066"/>
	    <RekojescNowaKolorConfiguration         material="1"	color="0.287 0.055 0.025"/>
	    <RekojescNowaKolorConfiguration         material="1"    color="0.299 0.045 0.022"/>
	    <RekojescNowaKolorConfiguration         material="1"	color="0.488 0.045 0.038"/>
	    <RekojescNowaKolorConfiguration         material="1"	color="0.456 0.025 0.012"/>
	    <RekojescNowaKolorConfiguration         material="1"	color="0.356 0.037 0.022"/>
	    <RekojescNowaKolorConfiguration         material="1"	color="0.281 0.071 0.040"/>
	    <RekojescNowaKolorConfiguration         material="1"	color="0.356 0.054 0.008"/>	
	    <RekojescNowaKolorConfiguration         material="1"	color="0.311 0.306 0.310"/>
	    <RekojescNowaKolorConfiguration         material="1"	color="0.105 0.108 0.109"/>
	    <RekojescNowaKolorConfiguration         material="1"	color="0.093 0.095 0.096"/>
	    <RekojescNowaKolorConfiguration         material="1"	color="0.076 0.078 0.078"/>
	    <RekojescNowaKolorConfiguration         material="1"	color="0.081 0.083 0.084"/>
	    <RekojescNowaKolorConfiguration         material="1"	color="0.066 0.067 0.068"/>
	    <RekojescNowaKolorConfiguration         material="1"	color="0.102 0.104 0.105"/>
	    <RekojescNowaKolorConfiguration         material="1"	color="0.122 0.125 0.126"/>
	    <RekojescNowaKolorConfiguration         material="1"	color="0.168 0.172 0.176"/>
	    <RekojescNowaKolorConfiguration         material="1"	color="0.125 0.128 0.130"/>
	    <RekojescNowaKolorConfiguration         material="1"	color="0.074 0.253 0.641"/>	
	    <RekojescNowaKolorConfiguration         material="1"	color="0.074 0.368 0.641"/>
	    <RekojescNowaKolorConfiguration         material="1"	color="0.033 0.154 0.390"/>
	    <RekojescNowaKolorConfiguration         material="1"	color="0.020 0.193 0.497"/>
	    <RekojescNowaKolorConfiguration         material="1"	color="0.013 0.088 0.233"/>
	    <RekojescNowaKolorConfiguration         material="1"	color="0.076 0.233 0.480"/>
	    <RekojescNowaKolorConfiguration         material="1"	color="0 0.367 0.779"/>
	    <RekojescNowaKolorConfiguration         material="1"	color="0.026 0.189 0.779"/>
	    <RekojescNowaKolorConfiguration         material="1"	color="0.042 0.155 0.537"/>
	    <RekojescNowaKolorConfiguration         material="1"	color="0.023 0.229 0.537"/>
	    <RekojescNowaKolorConfiguration         material="1"	color="0.022 0.188 0.026"/>
	    <RekojescNowaKolorConfiguration         material="1"	color="0.026 0.222 0.030"/>
	    <RekojescNowaKolorConfiguration         material="1"	color="0.082 0.222 0.063"/>
	    <RekojescNowaKolorConfiguration         material="1"	color="0.067 0.174 0.018"/>
	    <RekojescNowaKolorConfiguration         material="1"	color="0.037 0.174 0.071"/>
	    <RekojescNowaKolorConfiguration         material="1"	color="0.117 0.174 0.084"/>
	    <RekojescNowaKolorConfiguration         material="1"	color="0.075 0.232 0.054"/>
	    <RekojescNowaKolorConfiguration         material="1"	color="0.041 0.232 0.065"/>
	    <RekojescNowaKolorConfiguration         material="1"	color="0.141 0.222 0.090"/>
	    <RekojescNowaKolorConfiguration         material="1"	color="0.074 0.222 0.081"/>
	    <RekojescNowaKolorConfiguration         material="1"	color="1 0.773 0.082"/>	
	    <RekojescNowaKolorConfiguration         material="1"	color="1 0.482 0"/>	
	    <RekojescNowaKolorConfiguration         material="1"	color="1 0.933 0"/>	
	    <RekojescNowaKolorConfiguration         material="1"	color="0.831 0.435 0.02"/>	
	    <RekojescNowaKolorConfiguration         material="1"	color="0.591 0.479 0.109"/>	
	    <RekojescNowaKolorConfiguration         material="1"	color="0.708 0.521 0.030"/>	
	    <RekojescNowaKolorConfiguration         material="1"	color="0.815 0.761 0. 007"/>
	    <RekojescNowaKolorConfiguration         material="1"	color="0.839 0.694 0.031"/>	
	    <RekojescNowaKolorConfiguration         material="1"	color="0.604 0.445 0.034"/>	
	    <RekojescNowaKolorConfiguration         material="1"	color="0.02 0.02 0.02"/>
		<material name="RekojescNowaSt"             shaderParameter="colorMat3" />
    </RekojescNowaKolorConfigurations>

	

	    <!-- Końcówka -->
    <KoncowkaConfigurations>
        <KoncowkaConfiguration name="Widly2ki" price="2">
                <objectChange node="0>0|0|1|0|2|3" visibilityActive="true" />
        </KoncowkaConfiguration>
        <KoncowkaConfiguration name="Widly3ki" price="3">
                <objectChange node="0>0|0|1|0|2|2" visibilityActive="true" />
        </KoncowkaConfiguration>
		 <KoncowkaConfiguration name="Widly4ki" price="4">
                <objectChange node="0>0|0|1|0|2|1" visibilityActive="true" />
        </KoncowkaConfiguration>
		<KoncowkaConfiguration name="Widly5ki" price="5">
                <objectChange node="0>0|0|1|0|2|0" visibilityActive="true" />
        </KoncowkaConfiguration>
	    <KoncowkaConfiguration name="Gable" price="5">
                <objectChange node="0>0|0|1|0|1" visibilityActive="true" />
				<objectChange node="0>0|1|7" visibilityActive="true" />
				<objectChange node="0>0|1|0" visibilityActive="false" />
        </KoncowkaConfiguration>
		<KoncowkaConfiguration name="Lopata" price="5">
                <objectChange node="0>0|0|1|0|0" visibilityActive="true" />
        </KoncowkaConfiguration>
		<KoncowkaConfiguration name="Szpadel" price="5">
                <objectChange node="0>0|0|1|0|4" visibilityActive="true" />
				<objectChange node="0>0|1|6" visibilityActive="true" />
				<objectChange node="0>0|1|0" visibilityActive="false" />
        </KoncowkaConfiguration>
		<KoncowkaConfiguration name="LopataSniegowa" price="7">
                <objectChange node="0>0|0|1|0|3" visibilityActive="true" />
				<objectChange node="0>0|1|5" visibilityActive="true" />
				<objectChange node="0>0|1|0" visibilityActive="false" />
        </KoncowkaConfiguration>
	</KoncowkaConfigurations>
	
		    <!-- Trzonek -->
    <TrzonekConfigurations>
        <TrzonekConfiguration name="DrewnianeStaryTyp" price="0">
                <objectChange node="0>0|0|0" visibilityActive="true" />
				<objectChange node="0>0|0|1|1|0" visibilityActive="true" />
				<objectChange node="0>0|0|1|3|0" visibilityActive="false" />
				<objectChange node="0>0|0|1|1|3" visibilityActive="true" />
				<objectChange node="0>0|0|1|3|0" visibilityActive="false" />
				<objectChange node="0>0|0|1|3|1" visibilityActive="true" />
        </TrzonekConfiguration>
		<TrzonekConfiguration name="DrewnianeNowyTyp" price="5">
                <objectChange node="0>0|0|1|2|0" visibilityActive="true" />
				<objectChange node="0>0|0|1|1|1" visibilityActive="true" />
				<objectChange node="0>0|0|1|1|2" visibilityActive="true" />
				<objectChange node="0>0|0|1|3|1" visibilityActive="false" />
				<objectChange node="0>0|0|1|3|1" visibilityActive="false" />
				<objectChange node="0>0|0|1|3|0" visibilityActive="true" />
	    </TrzonekConfiguration>
		<TrzonekConfiguration name="Metalowe" price="10">
                <objectChange node="0>0|0|1|2|1" visibilityActive="true" />
				<objectChange node="0>0|0|1|3|0" visibilityActive="true" />
				<objectChange node="0>0|0|1|3|1" visibilityActive="false" />
        </TrzonekConfiguration>
    </TrzonekConfigurations>
	
	<RekojescConfigurations>
        <RekojescConfiguration name="Bez" price="0">
				<objectChange node="0>0|0|1|1|3|0" visibilityActive="false" />
        </RekojescConfiguration>
		<RekojescConfiguration name="StaryTypStareWidly" price="1">
                <objectChange node="0>0|0|1|1|3|0" visibilityActive="true" />
        </RekojescConfiguration>
		<RekojescConfiguration name="NowyTypStareWidly" price="2">
                <objectChange node="0>0|0|1|1|3|1" visibilityActive="true" />
        </RekojescConfiguration>
		<RekojescConfiguration name="StaryTypNoweWidly" price="5">
                <objectChange node="0>0|0|1|1|2|1" visibilityActive="true" />
        </RekojescConfiguration>
		<RekojescConfiguration name="NowyTypNoweWidly" price="10">
                <objectChange node="0>0|0|1|1|2|0" visibilityActive="true" />
        </RekojescConfiguration>
    </RekojescConfigurations>


						<!-- Marka -->
    
	
	<MarkaNoweWidlyConfigurations>
        <MarkaNoweWidlyConfiguration name="Brak" price="0">
                <objectChange node="0>0|0|1|3|0|0" visibilityActive="false" />
        </MarkaNoweWidlyConfiguration>
        <MarkaNoweWidlyConfiguration name="MetalTechNowe" price="2">
                <objectChange node="0>0|0|1|3|0|3" visibilityActive="true" />
        </MarkaNoweWidlyConfiguration>
		<MarkaNoweWidlyConfiguration name="SthilNowe" price="5">
                <objectChange node="0>0|0|1|3|0|0" visibilityActive="true" />
        </MarkaNoweWidlyConfiguration>
		<MarkaNoweWidlyConfiguration name="UniaNowe" price="10">
                <objectChange node="0>0|0|1|3|0|1" visibilityActive="true" />
        </MarkaNoweWidlyConfiguration>
		<MarkaNoweWidlyConfiguration name="FiskarsNowe" price="15">
                <objectChange node="0>0|0|1|3|0|2" visibilityActive="true" />
        </MarkaNoweWidlyConfiguration>
    </MarkaNoweWidlyConfigurations>
	
	    <MarkaStareWidlyConfigurations>		
			<MarkaStareWidlyConfiguration name="Brak" price="0">
                <objectChange node="0>0|0|1|3|1|0" visibilityActive="false" />
        </MarkaStareWidlyConfiguration>
        <MarkaStareWidlyConfiguration name="MetalTechStare" price="1">
                <objectChange node="0>0|0|1|3|1|2" visibilityActive="true" />
        </MarkaStareWidlyConfiguration>
		<MarkaStareWidlyConfiguration name="SthilStare" price="2">
                <objectChange node="0>0|0|1|3|1|3" visibilityActive="true" />
        </MarkaStareWidlyConfiguration>
		<MarkaStareWidlyConfiguration name="UniaStare" price="5">
                <objectChange node="0>0|0|1|3|1|0" visibilityActive="true" />
        </MarkaStareWidlyConfiguration>
		<MarkaStareWidlyConfiguration name="FiskarsStare" price="7">
                <objectChange node="0>0|0|1|3|1|1" visibilityActive="true" />
        </MarkaStareWidlyConfiguration>
	</MarkaStareWidlyConfigurations>
	
    <i3dMappings>
    </i3dMappings>
</vehicle>

