﻿<?xml version="1.0" encoding="utf-8" standalone="no"?>
<vehicle type="towingChain">
    <annotation>Copyright (C) GIANTS Software GmbH, All Rights Reserved.</annotation>
    <storeData>
        <name>
            <en>Towing Chain</en>
            <de>Abschleppkette</de>
		</name>
        <functions>
            <function>With the Towing Chain you can pull vehicles.</function>
        </functions>
        <specs>
            <neededPower>150</neededPower>
            <workingWidth>2.7</workingWidth>
        </specs>
        <image>textures/store.dds</image>
        <price>500</price>
        <dailyUpkeep>5</dailyUpkeep>
        <lifetime>1200</lifetime>
        <rotation>0</rotation>
        <brand>LIZARD</brand>
        <category>misc</category>
    </storeData>
	<base>
        <typeDesc>$l10n_typeDesc_trailer</typeDesc>
        <filename>Abschleppkette.i3d</filename>
		<size width="0.1" length="4" lengthOffset="0" />
		<components>
			<component centerOfMass="0 0 0" solverIterationCount="10" mass="150"/>
			<component centerOfMass="0 0 0" solverIterationCount="10" mass="150"/>
			<component centerOfMass="0 0 0" solverIterationCount="10" mass="150"/>
			<component centerOfMass="0 0 0" solverIterationCount="10" mass="150"/>
			<component centerOfMass="0 0 0" solverIterationCount="10" mass="150"/>
			<component centerOfMass="0 0 0" solverIterationCount="10" mass="150"/>
			<component centerOfMass="0 0 0" solverIterationCount="10" mass="150"/>
			<component centerOfMass="0 0 0" solverIterationCount="10" mass="150"/>
			<component centerOfMass="0 0 0" solverIterationCount="10" mass="150"/>
			<component centerOfMass="0 0 0" solverIterationCount="10" mass="150"/>
			<component centerOfMass="0 0 0" solverIterationCount="10" mass="150"/>
			<component centerOfMass="0 0 0" solverIterationCount="10" mass="150"/>
			<component centerOfMass="0 0 0" solverIterationCount="10" mass="150"/>
			<component centerOfMass="0 0 0" solverIterationCount="10" mass="150"/>
			<component centerOfMass="0 0 0" solverIterationCount="10" mass="150"/>
			<component centerOfMass="0 0 0" solverIterationCount="10" mass="150"/>
			<component centerOfMass="0 0 0" solverIterationCount="10" mass="150"/>
			<component centerOfMass="0 0 0" solverIterationCount="10" mass="150"/>
			<component centerOfMass="0 0 0" solverIterationCount="10" mass="150"/>
			<component centerOfMass="0 0 0" solverIterationCount="10" mass="150"/>
			<component centerOfMass="0 0 0" solverIterationCount="10" mass="150"/>
			<joint component1="1" component2="2" node="joint1" rotLimit="20 20 20" transLimit="0 0 0" transLimitSpring="10000 10000 10000"/>
			<joint component1="2" component2="3" node="joint2" rotLimit="20 20 20" transLimit="0 0 0" transLimitSpring="10000 10000 10000"/>
			<joint component1="3" component2="4" node="joint3" rotLimit="20 20 20" transLimit="0 0 0" transLimitSpring="10000 10000 10000"/>
			<joint component1="4" component2="5" node="joint4" rotLimit="20 20 20" transLimit="0 0 0" transLimitSpring="10000 10000 10000"/>
			<joint component1="5" component2="6" node="joint5" rotLimit="20 20 20" transLimit="0 0 0" transLimitSpring="10000 10000 10000"/>
			<joint component1="6" component2="7" node="joint6" rotLimit="20 20 20" transLimit="0 0 0" transLimitSpring="10000 10000 10000"/>
			<joint component1="7" component2="8" node="joint7" rotLimit="20 20 20" transLimit="0 0 0" transLimitSpring="10000 10000 10000"/>
			<joint component1="8" component2="9" node="joint8" rotLimit="20 20 20" transLimit="0 0 0" transLimitSpring="10000 10000 10000"/>
			<joint component1="9" component2="10" node="joint9" rotLimit="20 20 20" transLimit="0 0 0" transLimitSpring="10000 10000 10000"/>
			<joint component1="10" component2="11" node="joint10" rotLimit="20 20 20" transLimit="0 0 0" transLimitSpring="10000 10000 10000"/>
			<joint component1="11" component2="12" node="joint11" rotLimit="20 20 20" transLimit="0 0 0" transLimitSpring="10000 10000 10000"/>
			<joint component1="12" component2="13" node="joint12" rotLimit="20 20 20" transLimit="0 0 0" transLimitSpring="10000 10000 10000"/>
			<joint component1="13" component2="14" node="joint13" rotLimit="20 20 20" transLimit="0 0 0" transLimitSpring="10000 10000 10000"/>
			<joint component1="14" component2="15" node="joint14" rotLimit="20 20 20" transLimit="0 0 0" transLimitSpring="10000 10000 10000"/>
			<joint component1="15" component2="16" node="joint15" rotLimit="20 20 20" transLimit="0 0 0" transLimitSpring="10000 10000 10000"/>
			<joint component1="16" component2="17" node="joint16" rotLimit="20 20 20" transLimit="0 0 0" transLimitSpring="10000 10000 10000"/>
			<joint component1="17" component2="18" node="joint17" rotLimit="20 20 20" transLimit="0 0 0" transLimitSpring="10000 10000 10000"/>
			<joint component1="18" component2="19" node="joint18" rotLimit="20 20 20" transLimit="0 0 0" transLimitSpring="10000 10000 10000"/>
			<joint component1="19" component2="20" node="joint19" rotLimit="20 20 20" transLimit="0 0 0" transLimitSpring="10000 10000 10000"/>
			<joint component1="20" component2="21" node="joint20" rotLimit="20 20 20" transLimit="0 0 0" transLimitSpring="10000 10000 10000"/>
		</components>
        <schemaOverlay attacherJointPosition="0 0">
            <default name="DEFAULT_IMPLEMENT"/>
            <selected name="DEFAULT_IMPLEMENT_SELECTED"/>
        </schemaOverlay>
    </base>
	<attachSound file="$data/sounds/vehicles/shared/attach_01.ogg" pitchOffset="1.0" volume="1.0" indoorVolumeFactor="0.35" indoorLowpassGain="0.75" />
	<towingChain index="20>1" rootNode="20>" attachRadius="1.5" />
	<attachable>
        <inputAttacherJoints>
            <inputAttacherJoint node="attacherJoint" jointType="trailer"/>
            <!--<inputAttacherJoint node="attachJointTeleloader" jointType="trailer"/>-->
        </inputAttacherJoints>
    </attachable>
	<i3dMappings>
        <i3dMapping id="attacherJoint" node="0>1"/>
        <i3dMapping id="joint1" node="0>0|0"/>
        <i3dMapping id="joint2" node="1>0|0"/>
        <i3dMapping id="joint3" node="2>0|0"/>
        <i3dMapping id="joint4" node="3>0|0"/>
        <i3dMapping id="joint5" node="4>0|0"/>
        <i3dMapping id="joint6" node="5>0|0"/>
        <i3dMapping id="joint7" node="6>0|0"/>
        <i3dMapping id="joint8" node="7>0|0"/>
        <i3dMapping id="joint9" node="8>0|0"/>
        <i3dMapping id="joint10" node="9>0|0"/>
        <i3dMapping id="joint11" node="10>0|0"/>
        <i3dMapping id="joint12" node="11>0|0"/>
        <i3dMapping id="joint13" node="12>0|0"/>
        <i3dMapping id="joint14" node="13>0|0"/>
        <i3dMapping id="joint15" node="14>0|0"/>
        <i3dMapping id="joint16" node="15>0|0"/>
        <i3dMapping id="joint17" node="16>0|0"/>
        <i3dMapping id="joint18" node="17>0|0"/>
        <i3dMapping id="joint19" node="18>0|0"/>
        <i3dMapping id="joint20" node="19>0|0"/>
        <i3dMapping id="joint21" node="20>0|0"/>
        <i3dMapping id="attachJointTeleloader" node="20>1"/>
	</i3dMappings>
</vehicle>
