﻿<?xml version="1.0" encoding="utf-8" standalone="no"?>
<modDesc descVersion="40">
    <author>kenny456,Bullgore,Upsidedown,balogh2003</author>
    <version>1.1.0.0</version>
    <title>
        <en>Towing Chain</en>
        <de>Abschleppkette</de>
    </title>
    <description>
        <en>With the Towing Chain you can pull vehicles.</en>
        <de>Mit der Abschleppkette können Sie Fahrzeuge ziehen.</de>
    </description>
    <iconFilename>textures/store.dds</iconFilename>
    <multiplayer supported="true"/>
    <l10n>
		<text name="input_TOWINGCHAIN_ATTACH_VEHICLE">
            <en>Towing Chain - toggle attach / detach vehicle</en>
            <de>Abschleppkette - Fahrzeug ein- / aushängen</de>
        </text>
		<text name="input_TOWINGCHAIN_MANUAL_ATTACH">
            <en>Towing Chain - toggle manual attaching vehicle</en>
            <de>Abschleppkette - manuelles Anhängefahrzeug umschalten</de>
        </text>
		<text name="input_TOWINGCHAIN_VEHICLE_THROTTLE">
            <en>Towing Chain - toggle attached vehicle throttle</en>
            <de>Abschleppkette - betätigte Fahrzeugdrossel umschalten</de>
        </text>
		<text name="TOWINGCHAIN_VEHICLE_ATTACH">
            <en>Attach Towing Chain to vehicle</en>
            <de>Abschleppkette am Fahrzeug befestigen</de>
        </text>
		<text name="TOWINGCHAIN_VEHICLE_DETACH">
            <en>Detach Towing Chain from vehicle</en>
            <de>Die Abschleppkette vom Fahrzeug abnehmen</de>
        </text>
		<text name="TOWINGCHAIN_MANUAL_ATTACH_ON">
            <en>Activate Towing Chain manual attaching</en>
            <de>Aktivieren Sie das manuelle Anbringen der Abschleppkette</de>
        </text>
		<text name="TOWINGCHAIN_MANUAL_ATTACH_OFF">
            <en>Deactivate Towing Chain manual attaching</en>
            <de>Deaktivieren Sie das manuelle Anbringen der Abschleppkette</de>
        </text>
		<text name="TOWINGCHAIN_VEHICLE_THROTTLE_ON">
            <en>Turn on attached vehicle throttle</en>
            <de>Schalten Sie das angeschlossene Fahrzeuggas ein</de>
        </text>
		<text name="TOWINGCHAIN_VEHICLE_THROTTLE_OFF">
            <en>Turn off attached vehicle throttle</en>
            <de>Angeschlossene Fahrzeuggasklappe ausschalten</de>
        </text>
		<text name="TOWINGCHAIN_SELF_ATTACH">
            <en>Attach Towing Chain to self</en>
            <de>Befestigen Sie die Abschleppkette am Selbst</de>
        </text>
		<text name="TOWINGCHAIN_SELF_DETACH">
            <en>Detach Towing Chain from self</en>
            <de>Trennen Sie die Abschleppkette von sich selbst</de>
        </text>
    </l10n>
	<actions>
        <action name="TOWINGCHAIN_ATTACH_VEHICLE" category="VEHICLE"   axisType="HALF" ignoreComboMask="false"/>
        <action name="TOWINGCHAIN_MANUAL_ATTACH" category="VEHICLE"   axisType="HALF" ignoreComboMask="false"/>
        <action name="TOWINGCHAIN_VEHICLE_THROTTLE" category="VEHICLE"   axisType="HALF" ignoreComboMask="false"/>
    </actions>
	<inputBinding>
        <actionBinding action="TOWINGCHAIN_ATTACH_VEHICLE" >
            <binding device="KB_MOUSE_DEFAULT" input="KEY_x" />
        </actionBinding>
		<actionBinding action="TOWINGCHAIN_MANUAL_ATTACH" >
            <binding device="KB_MOUSE_DEFAULT" input="KEY_z" />
        </actionBinding>
		<actionBinding action="TOWINGCHAIN_VEHICLE_THROTTLE" >
            <binding device="KB_MOUSE_DEFAULT" input="KEY_b" />
        </actionBinding>
    </inputBinding>
	<extraSourceFiles>
        <sourceFile filename="Script/register.lua"/>
    </extraSourceFiles>
	<vehicleTypes>
        <type name="towingChain" parent="baseAttachable" className="Vehicle" filename="$dataS/scripts/vehicles/Vehicle.lua">
            <specialization name="towingChain" />
        </type>
    </vehicleTypes>
    <storeItems>
        <storeItem xmlFilename="Abschleppkette.xml" rootNode="vehicle"/>
    </storeItems>
</modDesc>
