<?xml version="1.0" encoding="utf-8" standalone="no" ?>
<modDesc descVersion="53">
    <author>Deniox_</author>
    <version>1.0</version>

    <title>
        <en>Pojazd Kurierski</en>
    </title>

    <description>
        <en>.</en>
    </description>

    <iconFilename>icon_rumblerVan.png</iconFilename>
    <multiplayer supported="true" />

    <l10n>
        <text name="function_pallets">
            <en>The vehicle can be filled with boxes, big bags, pallets and tank.</en>
            <de>Das Fahrzeug kann mit Kisten, Big Bags, Paletten und Tank gefüllt werden.</de>
            <it>Il veicolo può caricare scatole, grandi sacchi, pallets e cisterne.</it>
        </text>
        <text name="category_tank">
            <en>Tanks</en>
            <de>Tank</de>
            <it>Cisterne</it>
        </text>
        <text name="function_service">
            <en>This vehicle allows you to customize your machinery anywhere on the map.</en>
            <de>Mit diesem Fahrzeug können Sie Ihre Maschinen überall auf der Karte anpassen.</de>
            <it>Questo veicolo ti consente di personalizzare i tuoi macchinari ovunque sulla mappa.</it>
        </text>
        <text name="modTrovata">
            <en>Exit to open options for:</en>
            <de>Beenden Sie für Optionen von:</de>
            <it>Scendi per opzioni di:</it>
        </text>
    </l10n>

    <specializations>
        <specialization name="workshop" className="workshop" filename="specializations/workshop.lua"/>
        <specialization name="fillUnitAddon" className="FillUnitAddon" filename="specializations/fillUnitAddon.lua"/>
    </specializations>
    <vehicleTypes>
        <type name="carService" parent="carFillable" filename="$dataS/scripts/vehicles/Vehicle.lua">
            <specialization name="workshop"/>
        </type>
        <type name="carFillableAddon" parent="carFillable" filename="$dataS/scripts/vehicles/Vehicle.lua">
            <specialization name="fillUnitAddon"/>
        </type>
    </vehicleTypes>
    <storeItems>
        <storeItem xmlFilename="Xml/Pojazd.xml"/>
    </storeItems>
</modDesc>
