<?xml version="1.0" encoding="utf-8" standalone="no"?>
<modDesc descVersion="41">
    <author>Deniox_</author>
    <version>1.0</version>

    <title>
        <en>Pakowacz Worków</en>
    </title>

    <description>
		<en><![CDATA[
		
		>> Autor: Deniox_
		>> Wydanie: Nigdy
		>> Mod: Pakowacz Worków
		>> Wersja: 1.0
		
		
		- Worek:
		
		Koszt: 5 PLN
		Pojemność: 100 L ( Worek )
		
		- Pakowacz:
		
		Koszt: 1600 PLN
		Pojemność: 600 L ( Miska )
		]]></en>
	</description>

    <storeItems>
        <storeItem xmlFilename="Xml/Pakowacz.xml"/>
		<storeItem xmlFilename="Xml/Worek.xml"/>
    </storeItems>
	
	<iconFilename>Zdjecia/Pakowacz.dds</iconFilename>
    <multiplayer supported="true"/>
</modDesc>
