<?xml version="2.0" encoding="utf-8" standalone="no"?>
<vehicle type="carFillable">
    <annotation>Copyright (C) GIANTS Software GmbH, All Rights Reserved.</annotation>
   
	
    <storeData>
        <name>
			
			<en>Camping Bike</en>
			<hu>Camping Kerékpár</hu>
        </name>
        <functions>
            <function>Old Hungarian Camping Bicycle</function>
        </functions>
        <specs>
            <power>100</power>
        </specs>
        <image>icon.dds</image>
        <price>250</price>
        <lifetime>600</lifetime>
        <rotation>0</rotation>
        <brand>Lizard</brand>
        <category>cars</category>
    </storeData>
	
<base>
    <typeDesc>$l10n_typeDesc_car</typeDesc>
    <size width="2.5" length="5" />
    <filename>untitled.i3d</filename>
	<components count="1">
        <component centerOfMass="0.00 0.63 0.0675" solverIterationCount="10" mass="10" />
    </components>
    <schemaOverlay attacherJointPosition="0 0">
            <default name="DEFAULT_VEHICLE"/>
            <selected name="DEFAULT_VEHICLE_SELECTED"/>
        </schemaOverlay>
</base>
	
<wheels>
	<wheelConfigurations>	
		<wheelConfiguration name="$l10n_configuration_valueDefault" price="0" > <!-- Standard rim street wheels -->	
		<wheels autoRotateBackSpeed="2.5">
			<wheel  hasTireTracks="false" hasParticles="false" >
                <physics rotSpeed="70" repr="0>0" radius="0.305" width="0.02" restLoad="0" initialCompression="0" suspTravel="0.25" spring="50" damper="40" frictionScale="0" mass="0.1"  />
            </wheel>
			<wheel   hasTireTracks="false" hasParticles="false" >
                <physics rotSpeed="70" repr="0>1" radius="0.305" width="0.02" restLoad="0" initialCompression="0" suspTravel="0.25" spring="50" damper="40" frictionScale="0" mass="0.1"  />
            </wheel>
			<wheel  hasTireTracks="true" hasParticles="true" >
                <physics rotSpeed="70" repr="0>9|1|0" driveNode="0>9|1|0|1|0" radius="0.29" width="0.02" restLoad="0" initialCompression="0" suspTravel="0.25" spring="50" damper="40" frictionScale="2" mass="0.195"  />
            </wheel>
			<wheel  hasTireTracks="true" hasParticles="true" >
                <physics rotSpeed="0" repr="0>9|0|0" radius="0.29" width="0.02" restLoad="0" initialCompression="0" suspTravel="0.3" spring="50" damper="40" frictionScale="0" mass="0.1"  />
            </wheel>
			<wheel  hasTireTracks="false" hasParticles="false" >
                <physics rotSpeed="0" repr="0>2" radius="0.305" width="0.02" restLoad="0" initialCompression="0" suspTravel="0.3" spring="50" damper="40" frictionScale="0" mass="0.1"  />
            </wheel>
			<wheel  hasTireTracks="false" hasParticles="false" >
                <physics rotSpeed="0" repr="0>3" radius="0.305" width="0.02" restLoad="0" initialCompression="0" suspTravel="0.3" spring="50" damper="40" frictionScale="2" mass="0.1"  />
            </wheel>
        </wheels>
	</wheelConfiguration>
		</wheelConfigurations>
		
		<ackermannSteeringConfigurations>
            <ackermannSteering rotSpeed="100" rotMax="20" rotCenterWheel1="3" rotCenterWheel2="4" />
        </ackermannSteeringConfigurations>
	</wheels>
		
<motorized>
        
	<differentialConfigurations>
            <differentialConfiguration>
                <differentials>
				    <differential torqueRatio="0.5" maxSpeedRatio="1.3" wheelIndex1="1" wheelIndex2="2" />
                    <differential torqueRatio="0.5" maxSpeedRatio="1.5" wheelIndex1="3" wheelIndex2="4" />
					<differential torqueRatio="0.7" maxSpeedRatio="1.2" differentialIndex1="1" differentialIndex2="2" />
                </differentials>
            </differentialConfiguration>
    </differentialConfigurations>

    <motorConfigurations>
            <motorConfiguration>
                <motor torqueScale="0.38" minRpm="500" maxRpm="1950" maxForwardSpeed="50" maxBackwardSpeed="45" brakeForce="1" lowBrakeForceScale="0.0001" rotInertia="0.0015">
                    <torque normRpm="0.1" torque="0.35"/>
                    <torque normRpm="0.2" torque="0.65"/>
                    <torque normRpm="0.3" torque="0.85"/>
                    <torque normRpm="0.4" torque="1"/>
                    <torque normRpm="0.75" torque="0.75"/>
                    <torque normRpm="1" torque="0.65"/>
                </motor>
                <transmission minForwardGearRatio="32" maxForwardGearRatio="32" minBackwardGearRatio="50" maxBackwardGearRatio="50" />
            </motorConfiguration>
        </motorConfigurations>
		
		
	
       

       <sounds externalSoundFile="BikeSound.xml" />
    </motorized>
   
	
	<enterable isTabbable="true" >
        <enterReferenceNode node="0>"/>
        <exitPoint node="0>4"/>
        <cameras count="2">
            <camera node="0>5|2|0" rotatable="true" rotateNode="0>5|2" limit="true" useWorldXZRotation="true" rotMinX="-1.4" rotMaxX="1" transMin="2" transMax="40" translation="0 0 5.5" rotation="-17.5 180 0">
            </camera>
            <camera node="0>5|1" rotatable="true" limit="true" rotMinX="-1.1" rotMaxX="0.4" transMin="0" transMax="0" useMirror="true" isInside="true" positionSmoothingParameter="0" />
        </cameras>

        

        <characterNode node="0>6|0" cameraMinDistance="2.0" spineRotation="-90 0 90" >
            <target ikChain="rightFoot" targetNode="0>13|2" />
            <target ikChain="leftFoot"  targetNode="0>13|1" />
            <target ikChain="rightArm"  targetNode="0>9|1|0|4" poseId="wideFingers"/>
            <target ikChain="leftArm"   targetNode="0>9|1|0|3" poseId="wideFingers"/>
        </characterNode>
        
    </enterable>
	
	<baseColorConfigurations useDefaultColors="true" price="0" icon="$dataS2/menu/hud/configurations/config_color.png">
	<baseColorConfiguration color="0.6 0 0 1" />
    <colorNode node="0>9|2|13" />
	<colorNode node="0>9|2|5" />
	<colorNode node="0>9|1|0|0" />
    </baseColorConfigurations>
	
	<honk>
        <sound file="sounds/horn.ogg" />
    </honk>

    <washable dirtDuration="50" washDuration="1" workMultiplier="4"/>
   
  
	<speedRotatingParts>
        <speedRotatingPart node="0>9|1|0|1|0"  wheelIndex="1" wheelScale="1"/>
		<speedRotatingPart node="0>9|0|0"    wheelIndex="1" wheelScale="1"/>
		<speedRotatingPart node="0>13"    wheelIndex="1" wheelScale="0.4"/>
		<speedRotatingPart node="0>13|1"  wheelIndex="1" wheelScale="-0.4"/>
		<speedRotatingPart node="0>13|2"  wheelIndex="1" wheelScale="-0.4"/>
    </speedRotatingParts>

   <drivable>
        <sounds>
            <waterSplash template="WATER_SPLASH_01" />
        </sounds>
        <steeringWheel node="0>12|0" indoorRotation="40" outdoorRotation="10" />
        
    </drivable>
   
   
	
</vehicle>
