<?xml version="2.0" encoding="utf-8" standalone="no"?>
<modDesc descVersion="44">
    <author>TSZ</author>
    <version>1.0</version>
    <title>
        <en>Camping Bike</en>
		<hu>Camping Kerékpár</hu>
    </title>
    <description>
        <en>Driving A Bike Allows You To Travel From A To B Without Consuming Fuel.
			Go Green And Buy A Mountain Bike
		-Price: 250$
		-Max Speed: 50 KM/H</en>
		<hu>A kerékpár vezetése lehetővé teszi az A-ból a B-be utazást anélkül, hogy üzemanyagot fogyasztana.
		-Ár: 250$
		-Max Sebesség: 50 KM/H</hu>
    </description>
    <iconFilename>icon.dds</iconFilename>
    <multiplayer supported="true"/>
   <storeItems>
        <storeItem xmlFilename="bike.xml"/>
    </storeItems>
    
    
</modDesc>
