﻿<?xml version="1.0" encoding="utf-8" standalone="no" ?>
<modDesc descVersion="51">
    <author>EmEmEnS Mods</author>
    <version>1.0.0.1</version>
    <title>
        <en>Sack Potato Pallet</en>
        <de>Sack Kartoffeln Palette</de>
        <pl>Worek Palety Ziemniaczanej</pl>
    </title>
	<description>
        <en>
            <![CDATA[A Potato Bag
Price: 90 €
Capacity: 50
Perfect for filling the trailer or planter, as well as for feeding pigs.

Potato Pallet
Price: 460 €
Capacity: 150

1.0.0.1 Changelog:
-New textures
-New icon
]]>
        </en>
        <de>
            <![CDATA[Ein Sack Kartoffeln
Preis: 90 €
Kapazität: 50
Perfekt zum Befüllen des Anhängers oder Legemaschinen sowie zum Füttern von Schweinen.

Kartoffelsack-Palette
Preis: 460 €
Kapazität: 150 

1.0.0.1 Änderungsprotokoll:
-Neue Texturen
-Neues icon
]]>
        </de>  
        <pl>
            <![CDATA[Worek ziemniaków
Cena: 90 €
Pojemność: 50
Idealny do napełniania przyczepy lub maszyn do układania i karmienia świń.

Paleta do worków ziemniaczanych
Cena: 460 €
Pojemność: 150

1.0.0.1 Dziennik zmian:
-Nowe tekstury
-Nowa Ikonka

]]>
        </pl> 
	</description>  
    <iconFilename>icon_PotatoPack.dds</iconFilename>
    <multiplayer supported="true" />

    <storeItems>
		<storeItem xmlFilename="xml/PotatoBag.xml"/>
    </storeItems>
    <l10n>
           <text name="function_bigBagPotato">
                <en>Potato Pallet</en>
                <de>Kartoffelsack-Palette</de>
                <pl>Paleta do worków ziemniaczanych</pl>
           </text>
      </l10n>
</modDesc>
