<?xml version="1.0" encoding="utf-8" standalone="no"?>
<vehicle type="krajzega">
    <annotation>Copyright (C) GIANTS Software GmbH, All Rights Reserved.</annotation>
	
    <storeData>
		<name>
		    <en>Krajzega</en>
        </name>
        <functions>
            <function>$l10n_function_forestryWoodCrusher</function>
        </functions>
        <image>store.dds</image>
        <price>450</price>
        <lifetime>600</lifetime>
        <rotation>0</rotation>
        <brand>LIZARD</brand>
        <category>wood</category>
    </storeData>
	
    <base>
        <typeDesc>$l10n_typeDesc_treeSaw</typeDesc>
        <filename>cyrk.i3d</filename>
        <size width="3" length="4" lengthOffset="2.5"/>
        <components>
            <component centerOfMass="0 0 0" solverIterationCount="10" mass="300"/>
        </components>
        <schemaOverlay attacherJointPosition="0 0">
            <default name="DEFAULT_IMPLEMENT"/>
            <turnedOn name="DEFAULT_IMPLEMENT_ON"/>
            <selected name="DEFAULT_IMPLEMENT_SELECTED"/>
            <turnedOnSelected name="DEFAULT_IMPLEMENT_SELECTED_ON"/>
        </schemaOverlay>
    </base>
	
    <attachable>
        <inputAttacherJoints>
            <inputAttacherJoint node="0>20" jointType="implement" topReferenceNode="0>21" upperRotationOffset="3" lowerRotationOffset="20" needsLowering="false">
                <distanceToGround lower="0.1" upper="1.1"/>
            </inputAttacherJoint>
        </inputAttacherJoints>
    </attachable>
	
	<wheels>
        <wheelConfigurations>
            <wheelConfiguration name="$l10n_configuration_valueDefault" price="0">
                <wheels>
					<wheel>
                        <physics restLoad="0.3" repr="0>1" radius="0.08" width="0.05" forcePointRatio="0.3" initialCompression="50" suspTravel="0.01" spring="10" damper="10" mass="0.1" isSynchronized="false"/>
                    </wheel>
					<wheel>
                        <physics restLoad="0.3" repr="0>8" radius="0.08" width="0.05" forcePointRatio="0.3" initialCompression="50" suspTravel="0.01" spring="10" damper="10" mass="0.1" isSynchronized="false"/>
                    </wheel>
					<wheel>
                        <physics restLoad="0.3" repr="0>9" radius="0.08" width="0.05" forcePointRatio="0.3" initialCompression="50" suspTravel="0.01" spring="10" damper="10" mass="0.1" isSynchronized="false"/>
                    </wheel>
					<wheel>
                        <physics restLoad="0.3" repr="0>10" radius="0.08" width="0.05" forcePointRatio="0.3" initialCompression="50" suspTravel="0.01" spring="10" damper="10" mass="0.1" isSynchronized="false"/>
                    </wheel>
				</wheels>
            </wheelConfiguration>
        </wheelConfigurations>
    </wheels>
	
    <treeSaw>
		<cutNode node="0>17" sizeY="1.2" sizeX="1"/>
        <sounds>
            <cut file="$data/sounds/tools/forestry/hydraulic_saw_cut_loop.wav">
                <volume indoor="1" outdoor="3"/>
                <pitch outdoor="1"/>
            </cut>
            <saw file="$data/sounds/tools/forestry/hydraulic_saw_idle_loop.wav">
                <volume indoor="1" outdoor="3"/>
                <pitch outdoor="1"/>
            </saw>
        </sounds>
        <effects>
            <effectNode effectNode="0>24" effectClass="ParticleEffect" particleType="CRUSHER_WOOD" emitCountScale="20"/>
            <effectNode effectNode="0>25" effectClass="ParticleEffect" particleType="CRUSHER_DUST" emitCountScale="10"/>
        </effects>
        <animationNodes>
            <animationNode node="0>2" rotSpeed="-1000" rotAxis="1" turnOnFadeTime="3" turnOffFadeTime="3"/>
            <animationNode node="0>4" rotSpeed="-1000" rotAxis="1" turnOnFadeTime="3" turnOffFadeTime="3"/>
			<animationNode class="ScrollingAnimation" node="0>0" shaderParameterComponent="2" scrollSpeed="-250" turnOnFadeTime="3" turnOffFadeTime="3"/>
        </animationNodes>
    </treeSaw>
	
		<turnOnVehicle turnOffIfNotAllowed="true" >
	    <turnedAnimation name="wlacznik" turnOnFadeTime="0.01" turnOffFadeTime="0.01" speedScale="1.0"/>			
    </turnOnVehicle>
	
	<animations>
        <animation name="wlacznik">
            <part node="0>16" startTime="0" endTime="0.1" startRot="0 0 0" endRot="0 0 57"/>
		</animation>
	</animations>
	
<motorized>
        <consumerConfigurations>
            <consumerConfiguration>
                <consumer fillUnitIndex="1" usage="20" fillType="def" />
            </consumerConfiguration>
        </consumerConfigurations>
        <differentialConfigurations>
            <differentialConfiguration>
                <differentials>
                    <differential torqueRatio="0.5" maxSpeedRatio="1.0" wheelIndex1="1" wheelIndex2="2" />
                </differentials>
            </differentialConfiguration>
        </differentialConfigurations>
        <motorConfigurations>
            <motorConfiguration name="$l10n_krajzega" hp="2" price="0">
                <motor torqueScale="0.4" minRpm="500" maxRpm="2100" maxForwardSpeed="3" maxBackwardSpeed="3" brakeForce="18" lowBrakeForceScale="0.22" lowBrakeForceSpeedLimit="1" ptoMotorRpmRatio="1.7129">
                    <torque rpm="0" torque="0" />
                    <torque rpm="490" torque="0" />
                    <torque rpm="510" torque="1.3" />
                    <torque rpm="950" torque="2.55" />
                    <torque rpm="1100" torque="2.6" />
                    <torque rpm="1200" torque="2.55" />
                    <torque rpm="1450" torque="2.5" />
                    <torque rpm="1850" torque="2.1" />
                    <torque rpm="1900" torque="1.85" />
                    <torque rpm="2100" torque="1.2" />
                    <torque rpm="2200" torque="0" />
                    <torque rpm="2400" torque="0" />
                </motor>
                <transmission minForwardGearRatio="100" maxForwardGearRatio="200" minBackwardGearRatio="100" maxBackwardGearRatio="200" />
            </motorConfiguration>
        </motorConfigurations>
    </motorized>

    <enterable isTabbable="true">
        <enterReferenceNode node="0>18" />
        <exitPoint node="0>18" />
        <cameras>
            <camera node="0>19|0" rotatable="true" rotateNode="0>19" limit="true" useWorldXZRotation="true" rotMinX="-1.4" rotMaxX="1" transMin="4" transMax="10" />
        </cameras>
    </enterable>

    <drivable>
        <sounds>
            <waterSplash template="WATER_SPLASH_01" />
        </sounds>
    </drivable>
	
	    <fillUnit>
        <fillUnitConfigurations>
            <fillUnitConfiguration>
                <fillUnits>
                    <fillUnit unit="$l10n_unit_literShort" showOnHud="false" showInShop="false" fillTypes="def" capacity="60" />
                </fillUnits>
            </fillUnitConfiguration>
        </fillUnitConfigurations>
    </fillUnit>
	
	<baseMaterial>
        <material name="Material.001" baseNode="0>6">
            <shaderParameter name="colorMat0" value="0.05 0.07 0.05"/>
			<shaderParameter name="colorMat1" value="0.05 0.1 0.2"/>
        </material>
    </baseMaterial>

    <baseMaterialConfigurations name="Rama" useDefaultColors="false" defaultColorIndex="0">
		<!--GRAY-->
        <baseMaterialConfiguration name="$l10n_Gray"   price="200" color="0.18 0.18 0.18"/>
        <baseMaterialConfiguration name="$l10n_Gray"   price="200" color="0.22 0.22 0.22"/>
        <baseMaterialConfiguration name="$l10n_Gray"   price="200" color="0.264 0.264 0.264"/>
        <baseMaterialConfiguration name="$l10n_Gray"   price="200" color="0.06 0.06 0.06"/>	
        <baseMaterialConfiguration name="$l10n_Gray"   price="200" color="0.11 0.11 0.11"/>	
        <baseMaterialConfiguration name="$l10n_Gray"   price="200" color="0.2 0.22 0.2"/>
        <baseMaterialConfiguration name="$l10n_Gray"   price="200" color="0.2 0.24 0.2"/>
        <baseMaterialConfiguration name="$l10n_Gray"   price="200" color="0.24 0.24 0.2"/>
        <baseMaterialConfiguration name="$l10n_Gray"   price="200" color="0.24 0.2 0.2"/>
        <baseMaterialConfiguration name="$l10n_Gray"   price="200" color="0.24 0.25 0.2"/>
		<!--GRAY-->

		<!--BLACK-->
        <baseMaterialConfiguration name="$l10n_Black"  price="200" color="0.08 0.08 0.08"/>
        <baseMaterialConfiguration name="$l10n_Black"  price="200" color="0.03 0.03 0.03"/>
        <baseMaterialConfiguration name="$l10n_Black"  price="200" color="0.02 0.02 0.02"/>
        <baseMaterialConfiguration name="$l10n_Black"  price="200" color="0.08 0.06 0.06"/>
		<!--BLACK-->

		<!--RED-->
        <baseMaterialConfiguration name="$l10n_Red"    price="200" color="0.7 0.05 0.02"/>
        <baseMaterialConfiguration name="$l10n_Red"    price="200" color="0.7 0.05 0"/>
        <baseMaterialConfiguration name="$l10n_Red"    price="200" color="0.7 0.02 0.02"/>
        <baseMaterialConfiguration name="$l10n_Red"    price="200" color="0.7 0 0"/>
        <baseMaterialConfiguration name="$l10n_Red"    price="200" color="0.6 0.02 0"/>
        <baseMaterialConfiguration name="$l10n_Red"    price="200" color="0.6 0.05 0"/>
	 	<baseMaterialConfiguration name="$l10n_Red"    price="200" color="0.5 0.05 0.05"/>
	 	<baseMaterialConfiguration name="$l10n_Red"    price="200" color="0.5 0.02 0.02"/>
	 	<baseMaterialConfiguration name="$l10n_Red"    price="200" color="0.3 0.05 0.05"/>
	 	<baseMaterialConfiguration name="$l10n_Red"    price="200" color="0.3 0.02 0.02"/>
	 	<baseMaterialConfiguration name="$l10n_Red"    price="200" color="0.39 0.09 0.12"/>
		<!--RED-->

		<!--ORANGE-->
        <baseMaterialConfiguration name="$l10n_Orange" price="200" color="0.46 0.28 0.15"/>
        <baseMaterialConfiguration name="$l10n_Orange" price="200" color="0.46 0.28 0.12"/>
        <baseMaterialConfiguration name="$l10n_Orange" price="200" color="0.46 0.2 0.12"/>
        <baseMaterialConfiguration name="$l10n_Orange" price="200" color="0.4 0.2 0.12"/>
        <baseMaterialConfiguration name="$l10n_Orange" price="200" color="0.3 0.13 0.1"/>
        <baseMaterialConfiguration name="$l10n_Orange" price="200" color="0.4 0.07 0"/>
        <baseMaterialConfiguration name="$l10n_Orange" price="200" color="0.5 0.12 0.02"/>
        <baseMaterialConfiguration name="$l10n_Orange" price="200" color="0.8 0.28 0.06"/>
        <baseMaterialConfiguration name="$l10n_Orange" price="200" color="0.55 0.36 0.2"/>
        <baseMaterialConfiguration name="$l10n_Orange" price="200" color="0.38 0.08 0.04"/>
        <baseMaterialConfiguration name="$l10n_Orange" price="200" color="0.22 0.08 0.04"/>
        <baseMaterialConfiguration name="$l10n_Orange" price="200" color="0.15 0.06 0.04"/>
        <baseMaterialConfiguration name="$l10n_Orange" price="200" color="0.11 0.05 0.03"/>
		<!--ORANGE-->

		<!--GREEN-->
        <baseMaterialConfiguration name="$l10n_Green"  price="200" color="0 0.21 0.1"/>
        <baseMaterialConfiguration name="$l10n_Green"  price="200" color="0 0.2 0.05"/>
        <baseMaterialConfiguration name="$l10n_Green"  price="200" color="0.02 0.24 0.05"/>
        <baseMaterialConfiguration name="$l10n_Green"  price="200" color="0.08 0.3 0.05"/>
        <baseMaterialConfiguration name="$l10n_Green"  price="200" color="0.26 0.2 0.15"/>
        <baseMaterialConfiguration name="$l10n_Green"  price="200" color="0.26 0.2 0.1"/>
        <baseMaterialConfiguration name="$l10n_Green"  price="200" color="0.26 0.25 0.13"/>
        <baseMaterialConfiguration name="$l10n_Green"  price="200" color="0.01 0.13 0.04"/>
        <baseMaterialConfiguration name="$l10n_Green"  price="200" color="0.15 0.35 0.06"/>
        <baseMaterialConfiguration name="$l10n_Green"  price="200" color="0 0.28 0.08"/>
        <baseMaterialConfiguration name="$l10n_Green"  price="200" color="0.1 0.21 0.06"/>
        <baseMaterialConfiguration name="$l10n_Green"  price="200" color="0.1 0.13 0.06"/>
        <baseMaterialConfiguration name="$l10n_Green"  price="200" color="0.19 0.13 0.08"/>
        <baseMaterialConfiguration name="$l10n_Green"  price="200" color="0.04 0.15 0.03"/>
        <baseMaterialConfiguration name="$l10n_Green"  price="200" color="0.04 0.15 0.06"/>
        <baseMaterialConfiguration name="$l10n_Green"  price="200" color="0.04 0.15 0.1"/>
		<!--GREEN-->

		<!--BLUE-->
        <baseMaterialConfiguration name="$l10n_Blue"   price="200" color="0 0.27 0.37"/>
        <baseMaterialConfiguration name="$l10n_Blue"   price="200" color="0 0.21 0.37"/>
        <baseMaterialConfiguration name="$l10n_Blue"   price="200" color="0 0.17 0.37"/>
        <baseMaterialConfiguration name="$l10n_Blue"   price="200" color="0 0.21 0.43"/>
        <baseMaterialConfiguration name="$l10n_Blue"   price="200" color="0 0.2 0.3"/>
        <baseMaterialConfiguration name="$l10n_Blue"   price="200" color="0.05 0.2 0.3"/>
        <baseMaterialConfiguration name="$l10n_Blue"   price="200" color="0.02 0.07 0.53"/>
        <baseMaterialConfiguration name="$l10n_Blue"   price="200" color="0.02 0.07 0.24"/>
        <baseMaterialConfiguration name="$l10n_Blue"   price="200" color="0.02 0.13 0.24"/>
        <baseMaterialConfiguration name="$l10n_Blue"   price="200" color="0.02 0.13 0.45"/>
		<!--BLUE-->

        <material name="Material.001" shaderParameter="colorMat0"/>
    </baseMaterialConfigurations>

	<designMaterialConfigurations name="Silnik" price="1500" useDefaultColors="false" defaultColorIndex="0">
		<!--GRAY-->
        <designMaterialConfiguration name="$l10n_Gray"   color="0.18 0.18 0.18"/>
        <designMaterialConfiguration name="$l10n_Gray"   color="0.22 0.22 0.22"/>
        <designMaterialConfiguration name="$l10n_Gray"   color="0.264 0.264 0.264"/>
        <designMaterialConfiguration name="$l10n_Gray"   color="0.06 0.06 0.06"/>	
        <designMaterialConfiguration name="$l10n_Gray"   color="0.11 0.11 0.11"/>	
        <designMaterialConfiguration name="$l10n_Gray"   color="0.2 0.22 0.2"/>
        <designMaterialConfiguration name="$l10n_Gray"   color="0.2 0.24 0.2"/>
        <designMaterialConfiguration name="$l10n_Gray"   color="0.24 0.24 0.2"/>
        <designMaterialConfiguration name="$l10n_Gray"   color="0.24 0.2 0.2"/>
        <designMaterialConfiguration name="$l10n_Gray"   color="0.24 0.25 0.2"/>
		<!--GRAY-->

		<!--BLACK-->
        <designMaterialConfiguration name="$l10n_Black"  color="0.08 0.08 0.08"/>
        <designMaterialConfiguration name="$l10n_Black"  color="0.03 0.03 0.03"/>
        <designMaterialConfiguration name="$l10n_Black"  color="0.02 0.02 0.02"/>
        <designMaterialConfiguration name="$l10n_Black"  color="0.08 0.06 0.06"/>
		<!--BLACK-->

		<!--RED-->
        <designMaterialConfiguration name="$l10n_Red"    color="0.7 0.05 0.02"/>
        <designMaterialConfiguration name="$l10n_Red"    color="0.7 0.05 0"/>
        <designMaterialConfiguration name="$l10n_Red"    color="0.7 0.02 0.02"/>
        <designMaterialConfiguration name="$l10n_Red"    color="0.7 0 0"/>
        <designMaterialConfiguration name="$l10n_Red"    color="0.6 0.02 0"/>
        <designMaterialConfiguration name="$l10n_Red"    color="0.6 0.05 0"/>
	 	<designMaterialConfiguration name="$l10n_Red"    color="0.5 0.05 0.05"/>
	 	<designMaterialConfiguration name="$l10n_Red"    color="0.5 0.02 0.02"/>
	 	<designMaterialConfiguration name="$l10n_Red"    color="0.3 0.05 0.05"/>
	 	<designMaterialConfiguration name="$l10n_Red"    color="0.3 0.02 0.02"/>
	 	<designMaterialConfiguration name="$l10n_Red"    color="0.39 0.09 0.12"/>
		<!--RED-->

		<!--ORANGE-->
        <designMaterialConfiguration name="$l10n_Orange" color="0.46 0.28 0.15"/>
        <designMaterialConfiguration name="$l10n_Orange" color="0.46 0.28 0.12"/>
        <designMaterialConfiguration name="$l10n_Orange" color="0.46 0.2 0.12"/>
        <designMaterialConfiguration name="$l10n_Orange" color="0.4 0.2 0.12"/>
        <designMaterialConfiguration name="$l10n_Orange" color="0.3 0.13 0.1"/>
        <designMaterialConfiguration name="$l10n_Orange" color="0.4 0.07 0"/>
        <designMaterialConfiguration name="$l10n_Orange" color="0.5 0.12 0.02"/>
        <designMaterialConfiguration name="$l10n_Orange" color="0.8 0.28 0.06"/>
        <designMaterialConfiguration name="$l10n_Orange" color="0.55 0.36 0.2"/>
        <designMaterialConfiguration name="$l10n_Orange" color="0.38 0.08 0.04"/>
        <designMaterialConfiguration name="$l10n_Orange" color="0.22 0.08 0.04"/>
        <designMaterialConfiguration name="$l10n_Orange" color="0.15 0.06 0.04"/>
        <designMaterialConfiguration name="$l10n_Orange" color="0.11 0.05 0.03"/>
		<!--ORANGE-->

		<!--GREEN-->
        <designMaterialConfiguration name="$l10n_Green"  color="0 0.21 0.1"/>
        <designMaterialConfiguration name="$l10n_Green"  color="0 0.2 0.05"/>
        <designMaterialConfiguration name="$l10n_Green"  color="0.02 0.24 0.05"/>
        <designMaterialConfiguration name="$l10n_Green"  color="0.08 0.3 0.05"/>
        <designMaterialConfiguration name="$l10n_Green"  color="0.26 0.2 0.15"/>
        <designMaterialConfiguration name="$l10n_Green"  color="0.26 0.2 0.1"/>
        <designMaterialConfiguration name="$l10n_Green"  color="0.26 0.25 0.13"/>
        <designMaterialConfiguration name="$l10n_Green"  color="0.01 0.13 0.04"/>
        <designMaterialConfiguration name="$l10n_Green"  color="0.15 0.35 0.06"/>
        <designMaterialConfiguration name="$l10n_Green"  color="0 0.28 0.08"/>
        <designMaterialConfiguration name="$l10n_Green"  color="0.1 0.21 0.06"/>
        <designMaterialConfiguration name="$l10n_Green"  color="0.1 0.13 0.06"/>
        <designMaterialConfiguration name="$l10n_Green"  color="0.19 0.13 0.08"/>
        <designMaterialConfiguration name="$l10n_Green"  color="0.04 0.15 0.03"/>
        <designMaterialConfiguration name="$l10n_Green"  color="0.04 0.15 0.06"/>
        <designMaterialConfiguration name="$l10n_Green"  color="0.04 0.15 0.1"/>
		<!--GREEN-->

		<!--BLUE-->
        <designMaterialConfiguration name="$l10n_Blue"   color="0 0.27 0.37"/>
        <designMaterialConfiguration name="$l10n_Blue"   color="0 0.21 0.37"/>
        <designMaterialConfiguration name="$l10n_Blue"   color="0 0.17 0.37"/>
        <designMaterialConfiguration name="$l10n_Blue"   color="0 0.21 0.43"/>
        <designMaterialConfiguration name="$l10n_Blue"   color="0 0.2 0.3"/>
        <designMaterialConfiguration name="$l10n_Blue"   color="0.05 0.2 0.3"/>
        <designMaterialConfiguration name="$l10n_Blue"   color="0.02 0.07 0.53"/>
        <designMaterialConfiguration name="$l10n_Blue"   color="0.02 0.07 0.24"/>
        <designMaterialConfiguration name="$l10n_Blue"   color="0.02 0.13 0.24"/>
        <designMaterialConfiguration name="$l10n_Blue"   color="0.02 0.13 0.45"/>
		<!--BLUE-->

		<material name="Material.001" shaderParameter="colorMat1" />
	</designMaterialConfigurations>	
	
    <washable dirtDuration="90" washDuration="1" workMultiplier="10" />
    <wearable wearDuration="480" workMultiplier="5" fieldMultiplier="2" />
  
</vehicle>
