<?xml version="1.0" encoding="utf-8" standalone="no"?>
<modDesc descVersion="53">
    <author>PicerPL, TomSky</author>
    <version>1.0.0.0</version>
	
    <title>
        <en>Table Saw</en>
        <de>Tischsäge</de>
    </title>
	
    <description>
        <en><![CDATA[Saw for trees
Has multicolor

The machine works without the aid of a tractor, all you need to do is "enter" the machine

Attention! for the machine to work properly, turn off in the "automatic engine start" options]]></en>
        <de><![CDATA[Tischsäge für Bäume
Hat mehrfarbige Konfigurationen

Die Maschine funktioniert auch ohne die Hilfe eines Traktors. Sie müssen lediglich die Maschine "betreten".

Achtung! Damit die Maschine ordnungsgemäß funktioniert, schalten Sie die Optionen "Automatischer Motorstart" aus.]]></de>
    </description>
	
    <iconFilename>icon.dds</iconFilename>
    <multiplayer supported="true"/>

<vehicleTypes>
<type name="krajzega" parent="treeSaw" className="Vehicle" filename="$dataS/scripts/vehicles/Vehicle.lua" >
<specialization name="enterable" />
<specialization name="fillUnit" />
<specialization name="motorized" />
<specialization name="drivable" />
</type>
</vehicleTypes>

<l10n>
		<text name="Gray"> 
		    <en>Gray</en>
			<de>Grau</de>
            <pl>Siwy</pl>	
		</text>
		<text name="Black"> 
		    <en>Black</en>
			<de>Schwarz</de>
            <pl>Czarny</pl>	
		</text>		
		<text name="Green"> 
		    <en>Green</en>
			<de>Grün</de>
            <pl>Zielony</pl>	
		</text>	
		<text name="Red"> 
		    <en>Red</en>
			<de>Rot</de>
            <pl>Czerwony</pl>	
		</text>	
		<text name="Orange"> 
		    <en>Orange</en>
			<de>Orange</de>
            <pl>Pomarańczowy</pl>	
		</text>
		<text name="Blue"> 
		    <en>Blue</en>
			<de>Blau</de>
            <pl>Niebieski</pl>	
		</text>
		<text name="krajzega"> 
		    <en>Table Saw</en>
			<de>Tischsäge für Bäume</de>
            <pl>Krajzega</pl>	
		</text>
	</l10n>
	
    <storeItems>
        <storeItem xmlFilename="krajzega.xml"/>
    </storeItems>
</modDesc>
