﻿<?xml version="1.0" encoding="utf-8" standalone="no" ?>
<modDesc descVersion="47">
    <author>Deniox_</author>
    <version>1.0</version>
    <title>
        <en>Manualne Ustawiania Hedera</en>
    </title>
    <description>
        <en>.</en>
    </description>
    <iconFilename>icon_attacherJointControl_cutter.png</iconFilename>
    <multiplayer supported="true"/>
    <l10n>
        <text name="input_AXIS_TOOL_HAVEREST">
            <en>Tool Height Control For Harvester</en>
        </text>
        <text name="input_AXIS_TOOL_HAVEREST_1">
            <en>Tool Height Control For Harvester - Lift tool</en>
        </text>
        <text name="input_AXIS_TOOL_HAVEREST_2">
            <en>Tool Height Control For Harvester - Lower tool</en>
        </text>
    </l10n>
    <actions>
        <action name="AXIS_TOOL_HAVEREST" category="VEHICLE" axisType="FULL"/>
    </actions>
    <inputBinding>
        <actionBinding action="AXIS_TOOL_HAVEREST">
            <binding device="KB_MOUSE_DEFAULT" input="KEY_lshift KEY_j" axisComponent="+"/>
            <binding device="KB_MOUSE_DEFAULT" input="KEY_lshift KEY_n" axisComponent="-"/>
            <binding device="KB_MOUSE_DEFAULT" input="MOUSE_BUTTON_RIGHT AXIS_Y" inputComponent="+" axisComponent="+" index="3"/>
            <binding device="KB_MOUSE_DEFAULT" input="MOUSE_BUTTON_RIGHT AXIS_Y" inputComponent="-" axisComponent="-" index="3"/>
        </actionBinding>
    </inputBinding>
    <extraSourceFiles>
        <sourceFile filename="specializations/attacherJointControlCutterRegister.lua"/>
    </extraSourceFiles>
</modDesc>