﻿<?xml version="1.0" encoding="utf-8" standalone="no" ?>
<modDesc descVersion="47">
    <author>SMC Modding</author>
    <version>1.0.0.0</version>
    <title>
        <en>Honda Push Mower</en>
    </title>
    <description>
        <en>
<![CDATA[
Price: 250€
Power: 7HP
Working with: 1,10m]]>
        </en>
        <de>
<![CDATA[
Preis: 250€
Leistung: 7PS
Arbeitsbreite: 1,10m]]>
        </de>
        <fr>
<![CDATA[
Prix: 250€
Puissance: 7HP
Largeur de travail: 1,10m]]>
        </fr>
    </description>
    <iconFilename>store.dds</iconFilename>
    <multiplayer supported="true" />
    <storeItems>
        <storeItem xmlFilename="mower.xml"/>
    </storeItems>
	
	
	
	    <vehicleTypes>
        <type name="selfPropelledMowerFillable" parent="baseDrivable" className="Vehicle" filename="$dataS/scripts/vehicles/Vehicle.lua">
            <specialization name="fillVolume" />
            <specialization name="dischargeable" />
            <specialization name="trailer" />
            <specialization name="groundReference" />
            <specialization name="workArea" />
            <specialization name="workParticles" />
            <specialization name="turnOnVehicle" />
            <specialization name="mower" />
            <specialization name="powerConsumer" />
            <specialization name="foldable" />
            <specialization name="cylinderedFoldable" />
            <specialization name="workMode" />
			<specialization name="tensionBeltObject"/>	

        </type>
    </vehicleTypes>
	
	
</modDesc>
