﻿<?xml version="1.0" encoding="utf-8" standalone="no" ?>
<vehicle type="selfPropelledMowerFillable">
    <annotation>Copyright (C) GIANTS Software GmbH, All Rights Reserved.</annotation>
    <storeData>
        <name>
		<en>Honda Push Mower</en>
        </name>
        <specs>
            <power>7</power>
            <maxSpeed>12</maxSpeed>
            <workingWidth>1.12</workingWidth>
        </specs>
        <functions>
            <function>$l10n_function_mower</function>
            <function>Common Files LM2020 V1.0.0.0 or higher is required for textures to display</function>
			
        </functions>
        <image>store.png</image>
        <price>249</price>
        <lifetime>600</lifetime>
        <rotation>0</rotation>
        <brand>LIZARD</brand>
        <category>mowerVehicles</category>
        <shopTranslationOffset>0 0.1 0</shopTranslationOffset>
        <shopRotationOffset>-0.15 0 0</shopRotationOffset>
    </storeData>
    
	<base>
        <typeDesc>$l10n_typeDesc_mower</typeDesc>
        <filename>mower.i3d</filename>
        <size width="4.5" length="6.5" lengthOffset="2"/>
        <speedLimit value="12"/>
        <components>
            <component centerOfMass="0 0.12997121 0.1182598" solverIterationCount="4" mass="500"/>
        </components>
        <schemaOverlay attacherJointPosition="0 0">
            <default name="DEFAULT_VEHICLE"/>
            <turnedOn name="DEFAULT_VEHICLE_ON"/>
            <selected name="DEFAULT_VEHICLE_SELECTED"/>
            <turnedOnSelected name="DEFAULT_VEHICLE_SELECTED_ON"/>
        </schemaOverlay>
    </base>
    
    <wheels>
        <wheelConfigurations>
             <wheelConfiguration name="$l10n_configuration_valueDefault" price="0">
                <wheels autoRotateBackSpeed="3.5">
                    <wheel isLeft="true" hasParticles="true" hasTireTracks="true">
                        <physics tipOcclusionAreaGroupId="1" rotSpeed="1" restLoad="0.5" repr="0>0|0|0|0" radius="0.12" showSteeringAngle="false" width="0.06" forcePointRatio="0.5" initialCompression="1" suspTravel="0.15" spring="11" damper="4" frictionScale="2.5" />
                        <tire tireTrackAtlasIndex="1" />
                    </wheel>
                    <wheel isLeft="false" hasParticles="true" hasTireTracks="true">
                        <physics tipOcclusionAreaGroupId="1" rotSpeed="1" restLoad="0.5" repr="0>0|0|0|1" radius="0.12" showSteeringAngle="false" width="0.06" forcePointRatio="0.5" initialCompression="1" suspTravel="0.15" spring="11" damper="4" frictionScale="2.5" />
                        <tire tireTrackAtlasIndex="1" />
                    </wheel>
                    <wheel isLeft="true" hasParticles="true" hasTireTracks="true">
                        <physics tipOcclusionAreaGroupId="1" rotSpeed="0" restLoad=".5" repr="0>0|0|0|2" radius="0.12" showSteeringAngle="false" width="0.06"  forcePointRatio="0.5" initialCompression="1" suspTravel="0.18" spring="11" damper="4" frictionScale="3" />
                        <tire tireTrackAtlasIndex="1" />
                    </wheel>
                    <wheel isLeft="false" hasParticles="true" hasTireTracks="true" >
                        <physics tipOcclusionAreaGroupId="1" rotSpeed="0" restLoad=".5" repr="0>0|0|0|3" radius="0.12" showSteeringAngle="false" width="0.06" forcePointRatio="0.5" initialCompression="1" suspTravel="0.18" spring="11" damper="4" frictionScale="3" />
                        <tire tireTrackAtlasIndex="1" />
                    </wheel>
                </wheels>
            </wheelConfiguration>
        </wheelConfigurations>

        <ackermannSteeringConfigurations>
            <ackermannSteering rotSpeed="100" rotMax="70" rotCenterWheel1="3" rotCenterWheel2="4" />
        </ackermannSteeringConfigurations>
    </wheels>

    <enterable isTabbable="true">
        <enterReferenceNode node="main_component1"/>
        <exitPoint node="exitPoint"/>
        <cameras>
            <camera node="outdoorCamera1" rotatable="true" rotateNode="outdoorCameraTarget" limit="true" useWorldXZRotation="true" rotMinX="-1.4" rotMaxX="1" transMin="6" transMax="40" translation="0 0 7" rotation="-17.5 180 0">
                <raycastNode node="cameraRaycastNode1"/>
                <raycastNode node="cameraRaycastNode2"/>
            </camera>
            <camera node="indoorCamera1" rotatable="true" limit="true" rotMinX="-1.1" rotMaxX="0.4" transMin="0" transMax="0" useMirror="true" isInside="true" />
        </cameras>
		
        <characterNode node="0>0|6|0" cameraMinDistance="1.5" spineRotation="-90 0 90" >
            <target ikChain="rightFoot" targetNode="0>0|6|1" />
            <target ikChain="leftFoot"  targetNode="0>0|6|2" />
            <target ikChain="rightArm"  targetNode="0>0|6|4" poseId="wideFingers"/>
            <target ikChain="leftArm"   targetNode="0>0|6|3" poseId="wideFingers"/>
        </characterNode>		
		
		
		
    </enterable>
	
    <motorized>
	

	
        <consumerConfigurations>
            <consumerConfiguration>
                <consumer fillUnitIndex="2" usage="13" fillType="diesel"/>
                <consumer fillUnitIndex="3" usage="3" fillType="def"/>
            </consumerConfiguration>
        </consumerConfigurations>
		
		
        <differentialConfigurations>
            <differentialConfiguration>
                <differentials>
                    <differential torqueRatio="0.5" maxSpeedRatio="2.0" wheelIndex1="1" wheelIndex2="2"/>
                    <!-- front left-right -->
                    <differential torqueRatio="0.5" maxSpeedRatio="1.8" wheelIndex1="3" wheelIndex2="4"/>
                    <!-- back left-right -->
                    <differential torqueRatio="0.5" maxSpeedRatio="1.8" differentialIndex1="1" differentialIndex2="2"/>
                    <!-- front-back -->
                </differentials>
            </differentialConfiguration>
        </differentialConfigurations>
        <motorConfigurations>
            <motorConfiguration hp="7" price="0">
                <motor torqueScale="1.895" minRpm="850" maxRpm="2200" maxForwardSpeed="12" maxBackwardSpeed="8" brakeForce="10" lowBrakeForceScale="0.1">
                    <torque normRpm="0.45" torque="0.9"/>
                    <torque normRpm="0.5" torque="0.97"/>
                    <torque normRpm="0.59" torque="1"/>
                    <torque normRpm="0.72" torque="1"/>
                    <torque normRpm="0.86" torque="0.88"/>
                    <torque normRpm="1" torque="0.72"/>
                </motor>
                <transmission minForwardGearRatio="10.2" maxForwardGearRatio="250" minBackwardGearRatio="32" maxBackwardGearRatio="250"/>
            </motorConfiguration>
        </motorConfigurations>
        <exhaustEffects>
            <exhaustEffect node="exhaustParticle" filename="$data/particleSystems/shared/exhaust.i3d" minRpmColor="1 1 1 1" maxRpmColor="1 1 1 1" minRpmScale="0.1" maxRpmScale="0.35" xzRotationsOffset="-180 0" xzRotationsForward="150 0" xzRotationsBackward="0 300" xzRotationsLeft="20 80" xzRotationsRight="40 -200"/>
        </exhaustEffects>
        <motorStartDuration>1500</motorStartDuration>
		<sounds externalSoundFile="sounds/mowerSounds.xml" />
    </motorized>
    
	<drivable>
        <sounds>
            <waterSplash template="WATER_SPLASH_01" linkNode="main_component1"/>
        </sounds>
    </drivable>
	
    <groundReferenceNodes>
        <groundReferenceNode node="main_component1" threshold="0.6"/>
    </groundReferenceNodes>
   
   
   

    <dischargeable>
        <dischargeNode node="0>2|4|0" emptySpeed="100" fillUnitIndex="1" unloadInfoIndex="1" canDischargeToGround="true" >
            <info width="1.0" length="0.5" zOffset="-1"/>

            <effects>
                <effectNode effectClass="TipEffect">
                    <effectNode effectNode="0>2|3|0|0|0" effectClass="ParticleEffect"/>
                </effectNode>
                <effectNode effectNode="0>2|3|1|0" materialType="smoke" materialTypeId="1" fadeTime="0.5"/>
            </effects>
        </dischargeNode>

        <dischargeNode node="0>2|4|1" emptySpeed="100" fillUnitIndex="1" unloadInfoIndex="1" >
            <info width="1.0" length="0.5" zOffset="-1"/>

            <effects>
                <effectNode effectClass="TipEffect">
                    <effectNode effectNode="0>2|3|0|0|1" effectClass="ParticleEffect"/>
                </effectNode>
                <effectNode effectNode="0>2|3|1|0" materialType="smoke" materialTypeId="1" fadeTime="0.5"/>
            </effects>
        </dischargeNode>
    </dischargeable>   
   
   

    <fillVolume>
        <fillVolumeConfigurations>
            <fillVolumeConfiguration>
                <volumes>
                    <volume node="0>2|2|0" maxDelta="0.5" maxAllowedHeapAngle="1" maxSubDivEdgeLength="5" fillUnitIndex="1"/>
                </volumes>
            </fillVolumeConfiguration>
        </fillVolumeConfigurations>

        <unloadInfos>
            <unloadInfo>
                <node node="0>2|1" width="1.0" length="2.0"/>
            </unloadInfo>
        </unloadInfos>

        <heightNodes>
            <heightNode fillVolumeIndex="1">
                <refNode node="0>2|2|1"/>
                <refNode node="0>2|2|2"/>
                <node node="0>2|3|0|0|0" baseScale="0.9 2 0.4" transAxis="0 0.6 0" scaleAxis="0 1 0.5"/>
            </heightNode>

            <heightNode fillVolumeIndex="1">
                <refNode node="0>2|2|1"/>
                <refNode node="0>2|2|2"/>
                <node node="0>2|3|0|0|1" baseScale="0.9 1.5 0.4" transAxis="0 0.6 0" scaleAxis="0 1 0.5"/>
            </heightNode>
        </heightNodes>
    </fillVolume>   
   
   
   
   
   <workAreas>
        <workArea type="mower" functionName="processMowerArea" disableBackwards="false">
            <area startNode="frontWorkAreaStart" widthNode="frontWorkAreaWidth" heightNode="frontWorkAreaHeight"/>
            <groundReferenceNode index="1"/>
<!--             <mower dropWindrow="true" dropAreaIndex="2"/>
 -->        
 
             <mower dropWindrow="false"/>

 </workArea>
		
<!--         <workArea type="auxiliary">
            <area startNode="frontDropAreaStart" widthNode="frontDropAreaWidth" heightNode="frontDropAreaHeight"/>
        </workArea>
		 -->
		
    </workAreas>
	
    
    <mower fruitTypeConverter="MOWER" fillUnitIndex="1" pickupFillScale="0.6">
<!--         <dropEffects>
            <dropEffect workAreaIndex="1" dropAreaIndex="2">
                <effectNode effectNode="effectMeshFront" materialType="mower" materialTypeId="1" delay="0"/>
            </dropEffect>
        </dropEffects> -->
		
		<animationNodes>
            <animationNode node="0>1|5" rotSpeed="800" rotAxis="2" turnOnFadeTime="2" turnOffFadeTime="6" />

		</animationNodes>
		
    </mower>
    
	<turnOnVehicle turnOffIfNotAllowed="false">
       <turnedOnAnimation name="turnOnAnimation" speedScale="15" turnOnFadeTime="1" turnOffFadeTime="1"/>	
		<sounds>
			<start file="sounds/start.ogg" innerRadius="25">
                <pitch outdoor="1"/>
            </start>

			<stop file="sounds/stop.ogg" innerRadius="25">
                <pitch outdoor="1"/>
            <work  template="DEFAULT_MOWER_WORK"  file="sounds/amazoneProfihopper_mowerwork.wav" >
                <volume indoor="1.0" outdoor="1.0"/>
                <lowpassGain indoor="1.0" outdoor="1.0"/>
            </work>				
				
            </stop>
        </sounds>
    </turnOnVehicle>
	
	<animations>
		<animation name="turnOnAnimation" looping="true">
<!--             <part node="knifeBar" startTime="0" endTime="1"  startTrans="0 0 0" endTrans="-0.05 0 0" />
            <part node="knifeBar" startTime="1" endTime="2"  startTrans="-0.05 0 0" endTrans="0 0 0" /> -->
        </animation>
    </animations>
    
    <fillUnit>
        <fillUnitConfigurations>
            <fillUnitConfiguration>
                <fillUnits>
				     <fillUnit unit="$l10n_unit_literShort" showOnHud="true" showInShop="true" fillTypes="GRASS_WINDROW STRAW" capacity="2000" >
                    </fillUnit>
				
                    <fillUnit unit="$l10n_unit_literShort" showOnHud="true" showInShop="false" fillTypes="diesel" capacity="15">
                    </fillUnit>
                    <fillUnit unit="$l10n_unit_literShort" showOnHud="false" showInShop="false" fillTypes="def" capacity="20">
                    </fillUnit>
					
					
					
                </fillUnits>
            </fillUnitConfiguration>
        </fillUnitConfigurations>
    </fillUnit>
	
    <foliageBending>
        <bendingNode minX="-.6" maxX=".6" minZ="-4" maxZ="1" yOffset="0.6"/>
    </foliageBending>
	
<baseMaterial>
		<material name="Body" baseNode="0>1|4">
            <shaderParameter name="colorMat0" value="SHARED_BLACK2"/>
        </material>
		<material name="rear" baseNode="0>1|2">
            <shaderParameter name="colorMat1" value="SHARED_BLACK2"/>
        </material>		
		
    </baseMaterial>

	
<baseMaterialConfigurations price="0">

		<baseMaterialConfiguration name="Honda Grey" 	 color=".1 .1 .1" 		material="6" price="0"/>

		<baseMaterialConfiguration name="RED METALIC" 	 color="CASEIH_RED1" 		material="3" />
		<baseMaterialConfiguration name="BLACK METALIC"  color="SHARED_BLACK2" 		material="3" />
		<baseMaterialConfiguration name="Cat Yellow"  	color="1 0.558 0" 		    material="0" />
		<baseMaterialConfiguration name="TAN MATTE" 	color="KRONE_YELLOW1"		material="1" />
		<baseMaterialConfiguration name="BLACK MATTE" 	color="SHARED_BLACK2" 		material="1" />
		<baseMaterialConfiguration name="RED MATTE" 	color="CASEIH_RED1" 		material="1" />
		<baseMaterialConfiguration name="BLUE MATTE" 	color="NEWHOLLAND_BLUE1" 	material="1" />
		<baseMaterialConfiguration name="GREEN MATTE" 	color="KRONE_GREEN1" 		material="1" />
		<baseMaterialConfiguration name="YELLOW MATTE" 	color="JOHNDEERE_YELLOW1"	material="1" />
		<baseMaterialConfiguration name="ORANGE MATTE" 	color="STARA_ORANGE" 		material="1" />
		
		<baseMaterialConfiguration name="WHITE METALIC"  color="SHARED_WHITE2" 		material="3" />
		<baseMaterialConfiguration name="GOLD METALIC" 	 color="KRONE_YELLOW1"		material="3" />
		<baseMaterialConfiguration name="BLUE METALIC" 	 color="NEWHOLLAND_BLUE1" 	material="3" />
		<baseMaterialConfiguration name="GREEN METALIC"  color="KRONE_GREEN1" 		material="3" />
		<baseMaterialConfiguration name="YELLOW METALIC" color="JOHNDEERE_YELLOW1"	material="3" />
		<baseMaterialConfiguration name="ORANGE METALIC" color="STARA_ORANGE" 		material="3" />
	
		<baseMaterialConfiguration name="CHROME" 		color="SHARED_WHITE2"		material="2" />
		<baseMaterialConfiguration name="GOLD" 			color="KRONE_YELLOW1" 		material="2" />
		<baseMaterialConfiguration name="BLACK CHROME" 	color="SHARED_BLACK2" 		material="2" />
		<baseMaterialConfiguration name="RED CHROME" 	color="CASEIH_RED1" 		material="2" />
		<baseMaterialConfiguration name="BLUE CHROME" 	color="NEWHOLLAND_BLUE1" 	material="2" />
		<baseMaterialConfiguration name="GREEN CHROME" 	color="KRONE_GREEN1" 		material="2" />
		<baseMaterialConfiguration name="YELLOW CHROME" color="JOHNDEERE_YELLOW1"	material="2" />
		<baseMaterialConfiguration name="ORANGE CHROME" color="STARA_ORANGE" 		material="2" />
		
		<baseMaterialConfiguration name="BROWN" 		color="SHARED_BROWN1" 		material="0" price="0"/>
		<baseMaterialConfiguration name="DEUTZ" 		color="DEUTZ_GREEN1" 		material="0" price="0"/>
		<baseMaterialConfiguration name="KOBALT" 		color="DFM_DARKBLUE1" 		material="0" price="0"/>
		<baseMaterialConfiguration name="CYAN" 			color="KOMATSU_CYAN" 		material="0" price="0"/>
		<baseMaterialConfiguration name="NEWHOLLAND" 	color="NEWHOLLAND_YELLOW1" 	material="0" price="0"/>
		<baseMaterialConfiguration name="ROOTBEER" 		color="LELY_COPPER" 		material="3" price="5"/>
		
		<baseMaterialConfiguration name="JOHNDEERE_YELLOW1" color="JOHNDEERE_YELLOW1"	material="0"  price="5"/>
		<baseMaterialConfiguration name="24k Gold"  		color="1 0.5 0" 			material="35" price="5"/>
		<baseMaterialConfiguration name="LINE X" 			color="0.016 0.016 0.016"	material="25" price="5"/>
		<baseMaterialConfiguration name="BLACK CHERRY" 		color="0.010 0 0 1" 		material="27" price="5"/>
		<baseMaterialConfiguration name="JOHNDEERE_GREEN1" 	color="JOHNDEERE_GREEN1" 	material="0"  price="5"/>
		<baseMaterialConfiguration name="TURQUOISE"			color="GOLDHOFER_GREEN1" 	material="27" price="5"/>
		<baseMaterialConfiguration name="MIDNIGHT BLUE" 	color="0.001 0 0.015 1" 	material="27" price="5"/>
		<baseMaterialConfiguration name="BURNT ORANGE" 		color="0.5 0.08 0.0046 1" 	material="27" price="5"/>
		
		<baseMaterialConfiguration name="FLIEGL RED1" 		color="FLIEGL_RED1"		material="0"  price="5"/>
		<baseMaterialConfiguration name="HOLMER RED1"  		color="HOLMER_RED1" 	material="0" price="5"/>
		<baseMaterialConfiguration name="HOLMER PINK" 		color="HOLMER_PINK" 	material="0" price="5"/>
		<baseMaterialConfiguration name="HOLMER BLUE" 		color="HOLMER_BLUE" 	material="0" price="5"/>
		<baseMaterialConfiguration name="FLIEGL ORANGE1" 	color="FLIEGL_ORANGE1" 	material="0"  price="5"/>
		<baseMaterialConfiguration name="GOLDHOFER RED1"	color="GOLDHOFER_RED1" 	material="0" price="5"/>
		<baseMaterialConfiguration name="KOTTE BLUE1" 		color="KOTTE_BLUE1" 	material="0" price="5"/>
		<baseMaterialConfiguration name="KOTTE RED1" 		color="KOTTE_RED1" 		material="0" price="5"/>
		
		<material name="Body" shaderParameter="colorMat0" />
	</baseMaterialConfigurations>	
	
	<designMaterialConfigurations>
			<designMaterialConfiguration name="Honda Red" 	 color="1 0 0"  		material="6" price="0"/>

	
		<designMaterialConfiguration name="RED METALIC" 	color="CASEIH_RED1" 		material="3" price="5"/>
		<designMaterialConfiguration name="Cat Yellow"  	color="1 0.558 0" 		    material="0" price="5"/>
		<designMaterialConfiguration name="TAN MATTE" 		color="KRONE_YELLOW1"		material="1" price="5"/>
		<designMaterialConfiguration name="BLACK MATTE" 	color="SHARED_BLACK2" 		material="1" price="5"/>
		<designMaterialConfiguration name="RED MATTE" 		color="CASEIH_RED1" 		material="1" price="5"/>
		<designMaterialConfiguration name="BLUE MATTE" 		color="NEWHOLLAND_BLUE1" 	material="1" price="5"/>
		<designMaterialConfiguration name="GREEN MATTE" 	color="KRONE_GREEN1" 		material="1" price="5"/>
		<designMaterialConfiguration name="YELLOW MATTE" 	color="JOHNDEERE_YELLOW1"	material="1" price="5"/>
		<designMaterialConfiguration name="ORANGE MATTE" 	color="STARA_ORANGE" 		material="1" price="5"/>
		
		<designMaterialConfiguration name="WHITE METALIC"  	color="SHARED_WHITE2" 		material="3" price="5"/>
		<designMaterialConfiguration name="GOLD METALIC" 	color="KRONE_YELLOW1"		material="3" price="5"/>
		<designMaterialConfiguration name="BLACK METALIC"  	color="SHARED_BLACK2" 		material="3" price="5"/>
		<designMaterialConfiguration name="BLUE METALIC" 	color="NEWHOLLAND_BLUE1" 	material="3" price="5"/>
		<designMaterialConfiguration name="GREEN METALIC"  	color="KRONE_GREEN1" 		material="3" price="5"/>
		<designMaterialConfiguration name="YELLOW METALIC" 	color="JOHNDEERE_YELLOW1"	material="3" price="5"/>
		<designMaterialConfiguration name="ORANGE METALIC" 	color="STARA_ORANGE" 		material="3" price="5"/>
	
		<designMaterialConfiguration name="CHROME" 			color="SHARED_WHITE2"		material="2" price="5"/>
		<designMaterialConfiguration name="GOLD" 			color="KRONE_YELLOW1" 		material="2" price="5"/>
		<designMaterialConfiguration name="BLACK CHROME" 	color="SHARED_BLACK2" 		material="2" price="5"/>
		<designMaterialConfiguration name="RED CHROME" 		color="CASEIH_RED1" 		material="2" price="5"/>
		<designMaterialConfiguration name="BLUE CHROME" 	color="NEWHOLLAND_BLUE1" 	material="2" price="5"/>
		<designMaterialConfiguration name="GREEN CHROME" 	color="KRONE_GREEN1" 		material="2" price="5"/>
		<designMaterialConfiguration name="YELLOW CHROME" 	color="JOHNDEERE_YELLOW1"	material="2" price="5"/>
		<designMaterialConfiguration name="ORANGE CHROME" 	color="STARA_ORANGE" 		material="2" price="5"/>
		
		<designMaterialConfiguration name="KRONE" 			color="KRONE_GREEN1" 		material="0" price="0"/>
		<designMaterialConfiguration name="KRONE" 			color="KRONE_YELLOW1" 		material="0" price="0"/>
		<designMaterialConfiguration name="BROWN" 			color="SHARED_BROWN1" 		material="0" price="0"/>
		<designMaterialConfiguration name="DEUTZ" 			color="DEUTZ_GREEN1" 		material="0" price="0"/>
		<designMaterialConfiguration name="KOBALT" 			color="DFM_DARKBLUE1" 		material="0" price="0"/>
		<designMaterialConfiguration name="CYAN" 			color="KOMATSU_CYAN" 		material="0" price="0"/>
		<designMaterialConfiguration name="NEWHOLLAND" 		color="NEWHOLLAND_YELLOW1" 	material="0" price="0"/>
		<designMaterialConfiguration name="ROOTBEER" 		color="LELY_COPPER" 		material="3" price="3500"/>
		
		<designMaterialConfiguration name="JOHNDEERE_YELLOW1" color="JOHNDEERE_YELLOW1"	material="0"  price="5"/>
		<designMaterialConfiguration name="24k Gold"  		color="1 0.5 0" 			material="35" price="5"/>
		<designMaterialConfiguration name="LINE X" 			color="0.016 0.016 0.016"	material="25" price="5"/>
		<designMaterialConfiguration name="BLACK CHERRY" 		color="0.010 0 0 1" 		material="27" price="5"/>
		<designMaterialConfiguration name="JOHNDEERE_GREEN1" 	color="JOHNDEERE_GREEN1" 	material="0"  price="5"/>
		<designMaterialConfiguration name="TURQUOISE"			color="GOLDHOFER_GREEN1" 	material="27" price="5"/>
		<designMaterialConfiguration name="MIDNIGHT BLUE" 	color="0.001 0 0.015 1" 	material="27" price="5"/>
		<designMaterialConfiguration name="BURNT ORANGE" 		color="0.5 0.08 0.0046 1" 	material="27" price="5"/>
		
		<designMaterialConfiguration name="FLIEGL RED1" 		color="FLIEGL_RED1"		material="0"  price="5"/>
		<designMaterialConfiguration name="HOLMER RED1"  		color="HOLMER_RED1" 	material="0" price="5"/>
		<designMaterialConfiguration name="HOLMER PINK" 		color="HOLMER_PINK" 	material="0" price="5"/>
		<designMaterialConfiguration name="HOLMER BLUE" 		color="HOLMER_BLUE" 	material="0" price="5"/>
		<designMaterialConfiguration name="FLIEGL ORANGE1" 	color="FLIEGL_ORANGE1" 	material="0"  price="5"/>
		<designMaterialConfiguration name="GOLDHOFER RED1"	color="GOLDHOFER_RED1" 	material="0" price="5"/>
		<designMaterialConfiguration name="KOTTE BLUE1" 		color="KOTTE_BLUE1" 	material="0" price="5"/>
		<designMaterialConfiguration name="KOTTE RED1" 		color="KOTTE_RED1" 		material="0" price="5"/>
		

				<material name="rear" shaderParameter="colorMat1" />

		
	</designMaterialConfigurations>
	
		<tensionBeltObject>
        <meshNodes>
		<meshNode node="0>3|0"/>
		<meshNode node="0>3|1"/>
		<meshNode node="0>3|2"/>
        </meshNodes>
    </tensionBeltObject>
	
	
	<wearable wearDuration="480" workMultiplier="1" fieldMultiplier="1"/>
    <washable dirtDuration="90" washDuration="1" workMultiplier="3" fieldMultiplier="2"/>
    
	<i3dMappings>
        <i3dMapping id="main_component1" node="0>"/>
        <i3dMapping id="mower" node="0>0"/>
        <i3dMapping id="axisFront" node="0>0|0|0"/>
        <i3dMapping id="wheelFrontLeftRot" node="0>0|0|0|0"/>
        <i3dMapping id="wheelFrontLeft" node="0>0|0|0|0|0"/>
        <i3dMapping id="wheelFrontRightRot" node="0>0|0|0|1"/>
        <i3dMapping id="wheelFrontRight" node="0>0|0|0|1|0"/>
		<i3dMapping id="axisBack" node="0>0|0|1"/>
        <i3dMapping id="axisBackLeft" node="0>0|0|1|0"/>
        <i3dMapping id="wheelBackLeft" node="0>0|0|1|0|0"/>
        <i3dMapping id="axisBackRight" node="0>0|0|1|1"/>
        <i3dMapping id="wheelBackRight" node="0>0|0|1|1|0"/>       
        <i3dMapping id="outdoorCameraTarget" node="0>0|1|0"/>
        <i3dMapping id="outdoorCamera1" node="0>0|1|0|0"/>
        <i3dMapping id="indoorCamera1" node="0>0|1|1"/>
        <i3dMapping id="cameraRaycastNode1" node="0>0|1|2"/>
        <i3dMapping id="cameraRaycastNode2" node="0>0|1|3"/>
        <i3dMapping id="cameraRaycastNode3" node="0>0|1|4"/>
		<i3dMapping id="exitPoint" node="0>0|2"/>
        <i3dMapping id="exhaustParticles" node="0>0|3|0"/>
		<i3dMapping id="exhaustParticle" node="0>0|3|0"/>
		<i3dMapping id="workAreas" node="0>0|4"/>
		<i3dMapping id="frontWorkAreaStart" node="0>0|4|0"/>
		<i3dMapping id="frontWorkAreaWidth" node="0>0|4|1"/>
		<i3dMapping id="frontWorkAreaHeight" node="0>0|4|2"/>
		<i3dMapping id="frontDropAreaStart" node="0>0|4|3"/>
		<i3dMapping id="frontDropAreaWidth" node="0>0|4|4"/>
		<i3dMapping id="frontDropAreaHeight" node="0>0|4|5"/>
		<i3dMapping id="effects" node="0>0|5"/>
		<i3dMapping id="effectMeshFront" node="0>0|5|0"/>
		<i3dMapping id="vis" node="0>0|6"/>
<!-- 		<i3dMapping id="mower_vis" node="0>0|6|0|0"/>
		<i3dMapping id="frame_vis" node="0>0|6|0|1"/>
		<i3dMapping id="motor_vis" node="0>0|6|0|2"/>    
		<i3dMapping id="knifeBar" node="0>0|6|0|3"/> 	 -->	
    </i3dMappings>
</vehicle>
