<?xml version="1.0" encoding="utf-8" standalone="no" ?>
<placeable>
    <storeData>
        <name>Details-Set 7</name>
        <image>store/store55.png</image>
        <functions>
            <function>$l10n_function_decoration</function>
        </functions>
        <price>50</price>
        <dailyUpkeep>1</dailyUpkeep>
        <canBeSold>true</canBeSold>
        <showInStore>true</showInStore>
        <lifetime>1000</lifetime>
        <rotation>0</rotation>
        <brand>LIZARD</brand>
        <species>placeable</species>
        <category>decoration</category>
        <vertexBufferMemoryUsage>112480</vertexBufferMemoryUsage>
        <indexBufferMemoryUsage>11976</indexBufferMemoryUsage>
        <textureMemoryUsage>8388712</textureMemoryUsage>
        <instanceVertexBufferMemoryUsage>0</instanceVertexBufferMemoryUsage>
        <instanceIndexBufferMemoryUsage>0</instanceIndexBufferMemoryUsage>
    </storeData>

    <placeableType>placeable</placeableType>
    <filename>i3d/anew16.i3d</filename>
    <placement testSizeX="4.5" testSizeZ="1.5" sizeX="4" sizeZ="1" useRandomYRotation="false" useManualYRotation="true" />

    <clearAreas>
        <clearArea startNode="0|0" widthNode="0|0|0" heightNode="0|0|1"/>
    </clearAreas>
</placeable>
