<?xml version="1.0" encoding="utf-8" standalone="no" ?>
<placeable>
    <storeData>
        <name>Building Set</name>
        <image>store/store48.png</image>
        <functions>
            <function>$l10n_function_decoration</function>
        </functions>
        <price>50</price>
        <dailyUpkeep>1</dailyUpkeep>
        <canBeSold>true</canBeSold>
        <showInStore>true</showInStore>
        <lifetime>1000</lifetime>
        <rotation>0</rotation>
        <brand>LIZARD</brand>
        <species>placeable</species>
        <category>decoration</category>
        <vertexBufferMemoryUsage>138912</vertexBufferMemoryUsage>
        <indexBufferMemoryUsage>28830</indexBufferMemoryUsage>
        <textureMemoryUsage>1048616</textureMemoryUsage>
        <instanceVertexBufferMemoryUsage>0</instanceVertexBufferMemoryUsage>
        <instanceIndexBufferMemoryUsage>0</instanceIndexBufferMemoryUsage>
    </storeData>

    <placeableType>placeable</placeableType>
    <filename>i3d/anew9.i3d</filename>
    <placement testSizeX="2" testSizeZ="2" sizeX="2" sizeZ="2" useRandomYRotation="false" useManualYRotation="true" />

    <clearAreas>
        <clearArea startNode="0|0" widthNode="0|0|0" heightNode="0|0|1"/>
    </clearAreas>
</placeable>
