<?xml version="1.0" encoding="utf-8" standalone="no" ?>
<placeable>
    <storeData>
        <name>Water Pump Big</name>
        <image>store/store61.png</image>
        <functions>
            <function>$l10n_function_waterTower</function>
        </functions>
        <price>50</price>
        <dailyUpkeep>1</dailyUpkeep>
        <canBeSold>true</canBeSold>
        <showInStore>true</showInStore>
        <lifetime>1000</lifetime>
        <rotation>0</rotation>
        <brand>LIZARD</brand>
        <species>placeable</species>
        <category>decoration</category>
        <vertexBufferMemoryUsage>219416</vertexBufferMemoryUsage>
        <indexBufferMemoryUsage>40134</indexBufferMemoryUsage>
        <textureMemoryUsage>2097320</textureMemoryUsage>
        <instanceVertexBufferMemoryUsage>0</instanceVertexBufferMemoryUsage>
        <instanceIndexBufferMemoryUsage>0</instanceIndexBufferMemoryUsage>
    </storeData>

    <placeableType>buyingStation</placeableType>
    <filename>i3d/anew22.i3d</filename>
    <placement testSizeX="2.5" testSizeZ="2.5" sizeX="2" sizeZ="2" useRandomYRotation="false" useManualYRotation="true" />

    <buyingStation stationName="waterFillTrigger" appearsOnPDA="false" storageRadius="0" fillSoundIdentifier="fillSound01">
        <loadTrigger triggerNode="1" fillLitersPerSecond="500" autoStart="true"/>
        <fillType name="water" priceScale="0" />
    </buyingStation>

    <clearAreas>
        <clearArea startNode="0|0" widthNode="0|0|0" heightNode="0|0|1"/>
    </clearAreas>
</placeable>
