<?xml version="1.0" encoding="utf-8" standalone="no" ?>
<placeable>
    <storeData>
        <name>
            <en>Big trash skip</en>
            <de>Großer Schuttcontainer</de>
        </name>
        <image>store/store3.png</image>
        <functions>
            <function>$l10n_function_decoration</function>
        </functions>
        <price>50</price>
        <dailyUpkeep>1</dailyUpkeep>
        <canBeSold>true</canBeSold>
        <showInStore>true</showInStore>
        <lifetime>1000</lifetime>
        <rotation>0</rotation>
        <brand>LIZARD</brand>
        <species>placeable</species>
        <category>decoration</category>
        <vertexBufferMemoryUsage>185056</vertexBufferMemoryUsage>
        <indexBufferMemoryUsage>32622</indexBufferMemoryUsage>
        <textureMemoryUsage>5592552</textureMemoryUsage>
        <instanceVertexBufferMemoryUsage>0</instanceVertexBufferMemoryUsage>
        <instanceIndexBufferMemoryUsage>0</instanceIndexBufferMemoryUsage>
    </storeData>

    <placeableType>placeable</placeableType>
    <filename>i3d/bigtrashskip.i3d</filename>
    <placement testSizeX="5" testSizeZ="3" sizeX="5" sizeZ="3" useRandomYRotation="false" useManualYRotation="true" />

</placeable>
