<?xml version="1.0" encoding="utf-8" standalone="no" ?>
<placeable>
    <storeData>
        <name>
            <en>Big tires set</en>
            <de>Große Reifen</de>
        </name>
        <image>store/store2.png</image>
        <functions>
            <function>$l10n_function_decoration</function>
        </functions>
        <price>50</price>
        <dailyUpkeep>1</dailyUpkeep>
        <canBeSold>true</canBeSold>
        <showInStore>true</showInStore>
        <lifetime>1000</lifetime>
        <rotation>0</rotation>
        <brand>LIZARD</brand>
        <species>placeable</species>
        <category>decoration</category>
        <vertexBufferMemoryUsage>79632</vertexBufferMemoryUsage>
        <indexBufferMemoryUsage>21120</indexBufferMemoryUsage>
        <textureMemoryUsage>2097256</textureMemoryUsage>
        <instanceVertexBufferMemoryUsage>0</instanceVertexBufferMemoryUsage>
        <instanceIndexBufferMemoryUsage>0</instanceIndexBufferMemoryUsage>
    </storeData>

    <placeableType>placeable</placeableType>
    <filename>i3d/bigtire.i3d</filename>
    <placement testSizeX="3" testSizeZ="3" sizeX="3" sizeZ="3" useRandomYRotation="false" useManualYRotation="true" />

</placeable>
