<?xml version="1.0" encoding="utf-8" standalone="no" ?>
<placeable>
    <storeData>
        <name>
            <en>Construction Prefab 1</en>
            <de>Konstruktion Prefab 1</de>
        </name>
        <image>store/store4.png</image>
        <functions>
            <function>$l10n_function_decoration</function>
        </functions>
        <price>50</price>
        <dailyUpkeep>1</dailyUpkeep>
        <canBeSold>true</canBeSold>
        <showInStore>true</showInStore>
        <lifetime>1000</lifetime>
        <rotation>0</rotation>
        <brand>LIZARD</brand>
        <species>placeable</species>
        <category>decoration</category>
        <vertexBufferMemoryUsage>612264</vertexBufferMemoryUsage>
        <indexBufferMemoryUsage>102156</indexBufferMemoryUsage>
        <textureMemoryUsage>8126808</textureMemoryUsage>
        <instanceVertexBufferMemoryUsage>0</instanceVertexBufferMemoryUsage>
        <instanceIndexBufferMemoryUsage>0</instanceIndexBufferMemoryUsage>
    </storeData>

    <placeableType>placeable</placeableType>
    <filename>i3d/constructionPrefab1.i3d</filename>
    <placement testSizeX="6" testSizeZ="8" sizeX="6" sizeZ="8" useRandomYRotation="false" useManualYRotation="true" />

    <clearAreas>
        <clearArea startNode="1|0" widthNode="1|0|0" heightNode="1|0|1"/>
    </clearAreas>
</placeable>
