<?xml version="1.0" encoding="utf-8" standalone="no" ?>
<placeable>
    <storeData>
        <name>
            <en>Construction Prefab 2</en>
            <de>Konstruktion Prefab 2</de>
        </name>
        <image>store/store5.png</image>
        <functions>
            <function>$l10n_function_decoration</function>
        </functions>
        <price>50</price>
        <dailyUpkeep>1</dailyUpkeep>
        <canBeSold>true</canBeSold>
        <showInStore>true</showInStore>
        <lifetime>1000</lifetime>
        <rotation>0</rotation>
        <brand>LIZARD</brand>
        <species>placeable</species>
        <category>decoration</category>
        <vertexBufferMemoryUsage>288712</vertexBufferMemoryUsage>
        <indexBufferMemoryUsage>53868</indexBufferMemoryUsage>
        <textureMemoryUsage>16343424</textureMemoryUsage>
        <instanceVertexBufferMemoryUsage>0</instanceVertexBufferMemoryUsage>
        <instanceIndexBufferMemoryUsage>0</instanceIndexBufferMemoryUsage>
    </storeData>

    <placeableType>placeable</placeableType>
    <filename>i3d/constructionPrefab2.i3d</filename>
    <placement testSizeX="4" testSizeZ="4" sizeX="4" sizeZ="4" useRandomYRotation="false" useManualYRotation="true" />

    <clearAreas>
        <clearArea startNode="1|0" widthNode="1|0|0" heightNode="1|0|1"/>
    </clearAreas>
</placeable>
