<?xml version="1.0" encoding="utf-8" standalone="no" ?>
<placeable>
    <storeData>
        <name>Trunk Set</name>
        <image>store/store30.png</image>
        <functions>
            <function>$l10n_function_decoration</function>
        </functions>
        <price>50</price>
        <dailyUpkeep>1</dailyUpkeep>
        <canBeSold>true</canBeSold>
        <showInStore>true</showInStore>
        <lifetime>1000</lifetime>
        <rotation>0</rotation>
        <brand>LIZARD</brand>
        <species>placeable</species>
        <category>decoration</category>
        <vertexBufferMemoryUsage>96864</vertexBufferMemoryUsage>
        <indexBufferMemoryUsage>30192</indexBufferMemoryUsage>
        <textureMemoryUsage>2097192</textureMemoryUsage>
        <instanceVertexBufferMemoryUsage>0</instanceVertexBufferMemoryUsage>
        <instanceIndexBufferMemoryUsage>0</instanceIndexBufferMemoryUsage>
    </storeData>

    <placeableType>placeable</placeableType>
    <filename>i3d/new1.i3d</filename>
    <placement testSizeX="5.5" testSizeZ="3.5" sizeX="5" sizeZ="3" useRandomYRotation="false" useManualYRotation="true" />

    <clearAreas>
        <clearArea startNode="0|0" widthNode="0|0|0" heightNode="0|0|1"/>
    </clearAreas>
</placeable>
