<?xml version="1.0" encoding="utf-8" standalone="no" ?>
<placeable>
    <storeData>
        <name>Lamp</name>
        <image>store/store33.png</image>
        <functions>
            <function>$l10n_function_decoration</function>
        </functions>
        <price>150</price>
        <dailyUpkeep>1</dailyUpkeep>
        <canBeSold>true</canBeSold>
        <showInStore>true</showInStore>
        <lifetime>1000</lifetime>
        <rotation>0</rotation>
        <brand>LIZARD</brand>
        <species>placeable</species>
        <category>decoration</category>
        <vertexBufferMemoryUsage>14112</vertexBufferMemoryUsage>
        <indexBufferMemoryUsage>2040</indexBufferMemoryUsage>
        <textureMemoryUsage>2061864</textureMemoryUsage>
        <instanceVertexBufferMemoryUsage>0</instanceVertexBufferMemoryUsage>
        <instanceIndexBufferMemoryUsage>0</instanceIndexBufferMemoryUsage>
    </storeData>

    <placeableType>placeable</placeableType>
    <filename>i3d/new4.i3d</filename>
    <placement testSizeX="0.5" testSizeZ="0.5" sizeX="0.25" sizeZ="0.25" useRandomYRotation="false" useManualYRotation="true" />

    <dayNightObjects>
        <dayNightObject node="1|0|0|0" intensityDay="0" intensityNight="1" />
        <dayNightObject node="1|0|0|1" visibleDay="false" visibleNight="true" />
    </dayNightObjects>

</placeable>
