<?xml version="1.0" encoding="utf-8" standalone="no" ?>
<placeable>
    <storeData>
        <name>
            <en>Pallet sack 3</en>
            <de>Palettensack 3</de>
        </name>
        <image>store/store16.png</image>
        <functions>
            <function>$l10n_function_decoration</function>
        </functions>
        <price>50</price>
        <dailyUpkeep>1</dailyUpkeep>
        <canBeSold>true</canBeSold>
        <showInStore>true</showInStore>
        <lifetime>1000</lifetime>
        <rotation>0</rotation>
        <brand>LIZARD</brand>
        <species>placeable</species>
        <category>decoration</category>
        <vertexBufferMemoryUsage>30656</vertexBufferMemoryUsage>
        <indexBufferMemoryUsage>4776</indexBufferMemoryUsage>
        <textureMemoryUsage>5592576</textureMemoryUsage>
        <instanceVertexBufferMemoryUsage>0</instanceVertexBufferMemoryUsage>
        <instanceIndexBufferMemoryUsage>0</instanceIndexBufferMemoryUsage>
    </storeData>

    <placeableType>placeable</placeableType>
    <filename>i3d/palletSacks3.i3d</filename>
    <placement testSizeX="3" testSizeZ="3" sizeX="3" sizeZ="3" useRandomYRotation="false" useManualYRotation="true" />

    <clearAreas>
        <clearArea startNode="1|0" widthNode="1|0|0" heightNode="1|0|1"/>
    </clearAreas>
</placeable>
