<?xml version="1.0" encoding="utf-8" standalone="no" ?>
<placeable>
    <storeData>
        <name>
            <en>Silo sack pile</en>
            <de>Silosackhaufen</de>
        </name>
        <image>store/store21.png</image>
        <functions>
            <function>$l10n_function_decoration</function>
        </functions>
        <price>50</price>
        <dailyUpkeep>1</dailyUpkeep>
        <canBeSold>true</canBeSold>
        <showInStore>true</showInStore>
        <lifetime>1000</lifetime>
        <rotation>0</rotation>
        <brand>LIZARD</brand>
        <species>placeable</species>
        <category>decoration</category>
        <vertexBufferMemoryUsage>86112</vertexBufferMemoryUsage>
        <indexBufferMemoryUsage>15804</indexBufferMemoryUsage>
        <textureMemoryUsage>6291704</textureMemoryUsage>
        <instanceVertexBufferMemoryUsage>0</instanceVertexBufferMemoryUsage>
        <instanceIndexBufferMemoryUsage>0</instanceIndexBufferMemoryUsage>
    </storeData>

    <placeableType>placeable</placeableType>
    <filename>i3d/silosackpile1.i3d</filename>
    <placement testSizeX="3" testSizeZ="5" sizeX="3" sizeZ="5" useRandomYRotation="false" useManualYRotation="true" />

</placeable>
