<?xml version="1.0" encoding="utf-8" standalone="no" ?>
<placeable>
    <storeData>
        <name>Details-Set</name>
        <image>store/store22.png</image>
        <functions>
            <function>$l10n_function_decoration</function>
        </functions>
        <price>50</price>
        <dailyUpkeep>1</dailyUpkeep>
        <canBeSold>true</canBeSold>
        <showInStore>true</showInStore>
        <lifetime>1000</lifetime>
        <rotation>0</rotation>
        <brand>LIZARD</brand>
        <species>placeable</species>
        <category>decoration</category>
        <vertexBufferMemoryUsage>210264</vertexBufferMemoryUsage>
        <indexBufferMemoryUsage>48030</indexBufferMemoryUsage>
        <textureMemoryUsage>4413224</textureMemoryUsage>
        <instanceVertexBufferMemoryUsage>0</instanceVertexBufferMemoryUsage>
        <instanceIndexBufferMemoryUsage>0</instanceIndexBufferMemoryUsage>
    </storeData>

    <placeableType>placeable</placeableType>
    <filename>i3d/somethings.i3d</filename>
    <placement testSizeX="3" testSizeZ="4" sizeX="3" sizeZ="4" useRandomYRotation="false" useManualYRotation="true" />

</placeable>
