<?xml version="1.0" encoding="utf-8" standalone="no" ?>
<placeable>
    <storeData>
        <name>Details-Set 3</name>
        <image>store/store28.png</image>
        <functions>
            <function>$l10n_function_decoration</function>
        </functions>
        <price>50</price>
        <dailyUpkeep>1</dailyUpkeep>
        <canBeSold>true</canBeSold>
        <showInStore>true</showInStore>
        <lifetime>1000</lifetime>
        <rotation>0</rotation>
        <brand>LIZARD</brand>
        <species>placeable</species>
        <category>decoration</category>
        <vertexBufferMemoryUsage>272108</vertexBufferMemoryUsage>
        <indexBufferMemoryUsage>35622</indexBufferMemoryUsage>
        <textureMemoryUsage>12583232</textureMemoryUsage>
        <instanceVertexBufferMemoryUsage>0</instanceVertexBufferMemoryUsage>
        <instanceIndexBufferMemoryUsage>0</instanceIndexBufferMemoryUsage>
    </storeData>

    <placeableType>placeable</placeableType>
    <filename>i3d/somethings3.i3d</filename>
    <placement testSizeX="6" testSizeZ="3" sizeX="6" sizeZ="3" useRandomYRotation="false" useManualYRotation="true" />

    <clearAreas>
        <clearArea startNode="0|0" widthNode="0|0|0" heightNode="0|0|1"/>
    </clearAreas>
</placeable>
