<?xml version="1.0" encoding="utf-8" standalone="no" ?>
<placeable>
    <storeData>
        <name>
            <en>Trash set 3</en>
            <de>Müllhaufen 3</de>
        </name>
        <image>store/store25.png</image>
        <functions>
            <function>$l10n_function_decoration</function>
        </functions>
        <price>50</price>
        <dailyUpkeep>1</dailyUpkeep>
        <canBeSold>true</canBeSold>
        <showInStore>true</showInStore>
        <lifetime>1000</lifetime>
        <rotation>0</rotation>
        <brand>LIZARD</brand>
        <species>placeable</species>
        <category>decoration</category>
        <vertexBufferMemoryUsage>189088</vertexBufferMemoryUsage>
        <indexBufferMemoryUsage>31620</indexBufferMemoryUsage>
        <textureMemoryUsage>6204392</textureMemoryUsage>
        <instanceVertexBufferMemoryUsage>0</instanceVertexBufferMemoryUsage>
        <instanceIndexBufferMemoryUsage>0</instanceIndexBufferMemoryUsage>
    </storeData>

    <placeableType>placeable</placeableType>
    <filename>i3d/trash3.i3d</filename>
    <placement testSizeX="3.5" testSizeZ="3.5" sizeX="3.5" sizeZ="3.5" useRandomYRotation="false" useManualYRotation="true" />

</placeable>
