<?xml version="1.0" encoding="utf-8" standalone="no" ?>
<placeable>
    <storeData>
        <name>
            <en>Trash set 2</en>
            <de>Müllhaufen 2</de>
        </name>
        <image>store/store24.png</image>
        <functions>
            <function>$l10n_function_decoration</function>
        </functions>
        <price>50</price>
        <dailyUpkeep>1</dailyUpkeep>
        <canBeSold>true</canBeSold>
        <showInStore>true</showInStore>
        <lifetime>1000</lifetime>
        <rotation>0</rotation>
        <brand>LIZARD</brand>
        <species>placeable</species>
        <category>decoration</category>
        <vertexBufferMemoryUsage>365664</vertexBufferMemoryUsage>
        <indexBufferMemoryUsage>76224</indexBufferMemoryUsage>
        <textureMemoryUsage>524328</textureMemoryUsage>
        <instanceVertexBufferMemoryUsage>0</instanceVertexBufferMemoryUsage>
        <instanceIndexBufferMemoryUsage>0</instanceIndexBufferMemoryUsage>
    </storeData>

    <placeableType>placeable</placeableType>
    <filename>i3d/trash2.i3d</filename>
    <placement testSizeX="5" testSizeZ="5" sizeX="5" sizeZ="5" useRandomYRotation="false" useManualYRotation="true" />

</placeable>
