<?xml version="1.0" encoding="utf-8" standalone="no" ?>
<placeable>
    <storeData>
          <name>
            <en>Wooden planks</en>
            <de>Holzbretter</de>
        </name>
        <image>store/store26.png</image>
        <functions>
            <function>$l10n_function_decoration</function>
        </functions>
        <price>50</price>
        <dailyUpkeep>1</dailyUpkeep>
        <canBeSold>true</canBeSold>
        <showInStore>true</showInStore>
        <lifetime>1000</lifetime>
        <rotation>0</rotation>
        <brand>LIZARD</brand>
        <species>placeable</species>
        <category>decoration</category>
        <vertexBufferMemoryUsage>100800</vertexBufferMemoryUsage>
        <indexBufferMemoryUsage>9504</indexBufferMemoryUsage>
        <textureMemoryUsage>8388712</textureMemoryUsage>
        <instanceVertexBufferMemoryUsage>0</instanceVertexBufferMemoryUsage>
        <instanceIndexBufferMemoryUsage>0</instanceIndexBufferMemoryUsage>
    </storeData>

    <placeableType>placeable</placeableType>
    <filename>i3d/woodenplanks.i3d</filename>
    <placement testSizeX="10" testSizeZ="8" sizeX="10" sizeZ="8" useRandomYRotation="false" useManualYRotation="true" />

</placeable>
