﻿<?xml version="1.0" encoding="utf-8" standalone="no" ?>
<modDesc descVersion="51">
    <author>PeterAH (Modding-Welt)</author>
    <version>1.1.0.0</version>
    <title>
        <en>Tire Sound</en>
        <de>Reifen-Sound</de>
    </title>
    <description>
        <en><![CDATA[This global script adds a tire sound to all tractors, provided that the maximum speed of each tractor is at least 30 km/h. The sound is only heard when the tractor is driving quite fast on a road, on fields or dirt roads there is no tire sound. The sound is a bit different depending on the tires; a difference is made between normal tractor mud tires, narrow care tires, crawlers and Nokian tires.

The sound is switched off by default. You can turn on the sound when you buy the tractor in the shop, where you can also adjust the volume (from 40% to 300%). If you have already bought a tractor in the game, you have to drive to the workshop to turn on the sound. The recommended volume setting is around 100% to 125% for tractors with original Giants sound, and often more for mod tractors.

You can change the default configuration setting in the modDesc.xml with "defaultVolumeConfigPercent".

Changelog Version 1.1:
- Fixed a Lua error that occurred when a motorized vehicle had no sound.
        ]]>
        </en>
        <de><![CDATA[Dieses globale Script fügt allen Traktoren einen Reifen-Sound hinzu, sofern die Maximalgeschwindigkeit des jeweiligen Traktors mindestens 30 km/h beträgt. Der Sound ertönt nur bei hohe Geschwindigkeit auf Straßen und Betonplatten, auf Feldern oder Feldwegen ertönt kein Reifen-Sound. Der Sound ist je nach Bereifung etwas unterschiedlich; es wird zwischen normalen Stollen-Reifen, Pflegebereifung, Raupen und Nokian-Bereifung unterschieden.
        
Der Sound ist in der Standardeinstellung ausgeschaltet. Eingeschaltet wird er beim Kauf des Traktors im Shop, dort kann dann auch die Lautstärke eingestellt werden (von 40% bis 300%). Wer schon Traktoren auf einem Spielstand hat muss also einmal zur Werkstatt um den Sound einzuschalten. Eine passende Lautstärkeeinstellung ist bei Treckern mit originalem Giants-Sound etwa 100% bis 125%, bei Mod-Schleppern häufig auch mehr.

Die Lautstärke-Voreinstellung der Shop-Config kann in der modDesc.xml mit "defaultVolumeConfigPercent" geändert werden.

Changelog Version 1.1:
- Lua-Fehler beseitigt der auftrat, falls ein motorisiertes Fahrzeug über keinen Sound verfügte.
        ]]>
        </de>
    </description>
    <iconFilename>icon_tireSound.png</iconFilename>
    <multiplayer supported="true"/>
    <extraSourceFiles>
        <sourceFile filename="tireSoundRegister.lua"/>
    </extraSourceFiles>

    <!-- The default volume presetting of the shop configuration can be changed below with "defaultVolumeConfigPercent". -->
    <!-- Unten kann mit "defaultVolumeConfigPercent" die Lautstärke-Voreinstellung der Shop-Configuration vorgegeben werden. -->
    <!-- Possible settings: 0%, 40%, 50%, 65%, 80%, 100%, 125%, 150%, 175%, 200%, 250%, 300% volume / Lautstärke -->
    <volumeSetting defaultVolumeConfigPercent="0" />  <!-- defaultVolumeConfigPercent="100"  (for 100%) -->

    <l10n>
        <text name="CONFIG_TITLE">
            <en>Tire sound</en>
            <de>Reifen-Sound</de>
        </text>
        <text name="CONFIG_NAME1">
            <en>No tire sound</en>
            <de>Kein Reifen-Sound</de>
        </text>
        <text name="CONFIG_NAME2">
            <en>Volume: 40%</en>
            <de><![CDATA[Lautstärke: 40%]]></de>
        </text>
        <text name="CONFIG_NAME3">
            <en>Volume: 50%</en>
            <de><![CDATA[Lautstärke: 50%]]></de>
        </text>
        <text name="CONFIG_NAME4">
            <en>Volume: 65%</en>
            <de><![CDATA[Lautstärke: 65%]]></de>
        </text>
        <text name="CONFIG_NAME5">
            <en>Volume: 80%</en>
            <de><![CDATA[Lautstärke: 80%]]></de>
        </text>
        <text name="CONFIG_NAME6">
            <en>Volume: 100%</en>
            <de><![CDATA[Lautstärke: 100%]]></de>
        </text>
        <text name="CONFIG_NAME7">
            <en>Volume: 125%</en>
            <de><![CDATA[Lautstärke: 125%]]></de>
        </text>
        <text name="CONFIG_NAME8">
            <en>Volume: 150%</en>
            <de><![CDATA[Lautstärke: 150%]]></de>
        </text>
        <text name="CONFIG_NAME9">
            <en>Volume: 175%</en>
            <de><![CDATA[Lautstärke: 175%]]></de>
        </text>
        <text name="CONFIG_NAME10">
            <en>Volume: 200%</en>
            <de><![CDATA[Lautstärke: 200%]]></de>
        </text>
        <text name="CONFIG_NAME11">
            <en>Volume: 250%</en>
            <de><![CDATA[Lautstärke: 250%]]></de>
        </text>
        <text name="CONFIG_NAME12">
            <en>Volume: 300%</en>
            <de><![CDATA[Lautstärke: 300%]]></de>
        </text>
    </l10n>
            
</modDesc>
