<?xml version="1.0" encoding="utf-8" standalone="no"?>
<modDesc descVersion="53">
	<author>Deniox_</author>
	<version>1.0</version>

	<title>
		<en>Paczka Kurierska</en>
	</title>

	<description>
		<en><![CDATA[
		
		>> Autor: Deniox_
		>> Wydanie: Nigdy
		>> Mod: Paczka Kurierska
		>> Wersja: 1.0
		]]></en>
	</description>

	<storeItems>
		<storeItem xmlFilename="Xml/Paczka.xml"/>
	</storeItems>

	<iconFilename>Zdjecia/Paczka.dds</iconFilename>
    <multiplayer supported="true"/>
</modDesc>