﻿<?xml version="1.0" encoding="utf-8" standalone="no" ?>
<modDesc descVersion="47">

	<author>nilBrain</author>
    <version>1.0.0.0</version>
    
	<title>
        <en>No Teleport</en>
        <de>Kein Teleportieren</de>
    </title>
    
	<description>
        <en>
			<![CDATA[This mod prevents/removes the possibility to Teleport to Places or Vehicles via the Ingamemenu.
Setting Markers and resetting Vehicles remains possible!]]>
		</en>
		<de>
			<![CDATA[Dieser Mod verhindert/entfernt die möglichkeit sich über das Ingame Menü sich an Orte oder Fahrzeuge zu teleportieren.
Marker setzen und Fahrzeuge zurücksetzten bleibt weiterhin möglich!]]>
		</de>
    </description>
    
	<iconFilename>icon.dds</iconFilename>
    <multiplayer supported="true"/>
	
	<extraSourceFiles>	
		<sourceFile filename="RemoveTeleportButtons.lua" /> 
	</extraSourceFiles>
</modDesc>