<?xml version="2.0" encoding="utf-8" standalone="no"?>
<modDesc descVersion="44">
    <author>Gulyas TSZ, converted to fs19 by SebCroteau</author>
    <version>1.0</version>
    <title>
        <hu>Daru CCCP kerékpár</hu>
        <en>MMB3 bicycle</en>
    </title>
    <description>
        <hu>Kemping kerékpár</hu>
        <en>MMB3 bicycle</en>
    </description>
    <iconFilename>store.dds</iconFilename>
    <multiplayer supported="true"/>
   <storeItems>
        <storeItem xmlFilename="mmb3.xml"/>
    </storeItems>
    <brands>
        <brand name="Simson" title="Simson" image="brand.dds"/>
    </brands>
    
</modDesc>
