<?xml version="1.0" encoding="utf-8" standalone="no"?>
<modDesc descVersion="53">
	<author>Deniox_</author>
	<version>1.0</version>

	<title>
		<en>Kanister</en>
	</title>

	<description>
		<en><![CDATA[
		
		>> Autor: Deniox_
		>> Wydanie: Nigdy
		>> Mod: Kanister
		>> Wersja: 1.0
		
		
		- Niebieski Kanister:
		
		Koszt: 40 PLN
		Pojemność: 10 L ( Kanister )
		
		- Zielony Kanister:
		
		Koszt: 40 PLN
		Pojemność: 10 L ( Kanister )
		
		- Czerwony Kanister:
		
		Koszt: 40 PLN
		Pojemność: 10 L ( Kanister )
		
		- Pomarańczowy Kanister:
		
		Koszt: 40 PLN
		Pojemność: 10 L ( Kanister )
		
		- Czarny Kanister:
		
		Koszt: 40 PLN
		Pojemność: 10 L ( Kanister )
		]]></en>
	</description>

	<storeItems>
		<storeItem xmlFilename="Xml/Kanister_Pomaranczowy.xml"/>
		<storeItem xmlFilename="Xml/Kanister_Niebieski.xml"/>
		<storeItem xmlFilename="Xml/Kanister_Czerwony.xml"/>
		<storeItem xmlFilename="Xml/Kanister_Zielony.xml"/>
		<storeItem xmlFilename="Xml/Kanister_Szary.xml"/>
	</storeItems>

	<iconFilename>Zdjecia/Ikona.dds</iconFilename>
    <multiplayer supported="true"/>
</modDesc>