<?xml version="1.0" encoding="utf-8" standalone="no" ?>
<GUI name="easyDevControlsGeneral">
    <GuiElement type="empty" profile="uiInGameMenuFrame">
        <GuiElement type="empty" profile="ingameMenuFrameHeaderPanel" position="130px -60px">
            <GuiElement type="bitmap" profile="devControlsGeneralHeaderIcon"/>
            <GuiElement type="text" profile="ingameMenuFrameHeaderText" position="80px 0px" text="$l10n_EDC_generalHeader"/>
        </GuiElement>

        <GuiElement type="bitmap" profile="ingameMenuSettingsBox" position="130px -124px" id="generalContainer">
            <GuiElement type="boxLayout" profile="ingameMenuSettingsLayout" position="50px -50px" id="boxLayout">
               <!-- Row 1 -->
                <GuiElement type="textInput" profile="devControlsTextInput" id="setCheatMoney" onEnterPressed="onCheatMoneyEnterPressed" onEscPressed="onCheatMoneyEscPressed" onTextChanged="onCheatMoneyTextChanged">
                    <GuiElement type="text" profile="multiTextOptionTitle" text="$l10n_EDC_cheatMoney"/>
                </GuiElement>

                <GuiElement type="multiTextOption" profile="multiTextOptionDevControls1" onClick="onClickDrawGuiHelper" id="setDrawGuiHelper" toolTipElementId="generalHelpBoxText" toolTipText="$l10n_EDC_drawGUIHelperToolTip">
                    <GuiElement type="button" profile="multiTextOptionLeft"/>
                    <GuiElement type="button" profile="multiTextOptionRight"/>
                    <GuiElement type="text" profile="multiTextOptionText"/>
                    <GuiElement type="text" profile="multiTextOptionTitle" text="$l10n_EDC_drawGUIHelper"/>
                    <GuiElement type="bitmap" profile="multiTextOptionBg"/>
                </GuiElement>

                <GuiElement type="button" profile="devControlsConfirm" text="" id="buttonCleanI3DCache" onClick="onClickCleanI3DCache">
                    <GuiElement type="text" profile="multiTextOptionTitle" text="$l10n_EDC_cleanI3DCache"/>
                </GuiElement>

                <GuiElement type="textInput" profile="devControlsTextInput" id="setFOV" onEnterPressed="onSetFOVEnterPressed" onEscPressed="onSetFOVEscPressed" onTextChanged="onSetFOVTextChanged">
                    <GuiElement type="text" profile="multiTextOptionTitle" text="$l10n_EDC_setFOVAngle"/>
                </GuiElement>

                <GuiElement type="button" profile="devControlsConfirm" text="" id="buttonUpdateTipCollisions" onClick="onClickUpdateTipCollisions">
                    <GuiElement type="text" profile="multiTextOptionTitle" text="$l10n_EDC_updateTipCollisions"/>
                </GuiElement>

                <GuiElement type="checkedOption" profile="multiTextOptionDevControls1" onClick="onClickShowTipCollisions" id="setShowTipCollisions" toolTipElementId="generalHelpBoxText" toolTipText="$l10n_EDC_showTipCollisionsToolTip">
                    <GuiElement type="button" profile="multiTextOptionLeft"/>
                    <GuiElement type="button" profile="multiTextOptionRight"/>
                    <GuiElement type="text" profile="multiTextOptionText"/>
                    <GuiElement type="text" profile="multiTextOptionTitle" text="$l10n_EDC_showTipCollisions"/>
                    <GuiElement type="bitmap" profile="multiTextOptionBg"/>
                </GuiElement>

                <!-- Row 2 -->
                <GuiElement type="multiTextOption" profile="multiTextOptionDevControls3" onClick="onClickTipFillTypeChange" id="setTipFillTypeChange" toolTipElementId="generalHelpBoxText" toolTipText="$l10n_EDC_tipToGroundToolTip">
                    <GuiElement type="button" profile="multiTextOptionLeft"/>
                    <GuiElement type="button" profile="multiTextOptionRight"/>
                    <GuiElement type="text" profile="multiTextOptionText"/>
                    <GuiElement type="text" profile="multiTextOptionTitle" text="$l10n_EDC_tipToGround"/>
                    <GuiElement type="bitmap" profile="multiTextOptionBg"/>
                </GuiElement>

                <GuiElement type="multiTextOption" profile="multiTextOptionDevControls2" onClick="onClickTipFillTypeAmount" id="setTipFillTypeAmount" toolTipElementId="generalHelpBoxText" toolTipText="$l10n_EDC_tipToGroundAmount">
                    <GuiElement type="button" profile="multiTextOptionLeft"/>
                    <GuiElement type="button" profile="multiTextOptionRight"/>
                    <GuiElement type="text" profile="multiTextOptionText"/>
                    <GuiElement type="bitmap" profile="multiTextOptionBg"/>
                </GuiElement>
                <GuiElement type="button" profile="devControlsConfirmClose" text="" id="buttonTipFillType" onClick="onClickTipFillType" margin="30px -52px 49px 34px"/>

                <GuiElement type="button" profile="devControlsConfirm" text="" id="buttonClearTipArea" onClick="onClickClearTipArea" margin="30px 28px 49px 34px">
                    <GuiElement type="text" profile="multiTextOptionTitle" text="$l10n_EDC_clearTipArea" />
                </GuiElement>

                <GuiElement type="multiTextOption" profile="multiTextOptionDevControls1" onClick="onClickTeleportField" id="setTeleportField" toolTipElementId="generalHelpBoxText" toolTipText="$l10n_EDC_teleportToolTip">
                    <GuiElement type="button" profile="multiTextOptionLeft"/>
                    <GuiElement type="button" profile="multiTextOptionRight"/>
                    <GuiElement type="text" profile="multiTextOptionText"/>
                    <GuiElement type="text" profile="multiTextOptionTitle" text="$l10n_EDC_teleport" id="teleportText"/>
                    <GuiElement type="bitmap" profile="multiTextOptionBg"/>
                </GuiElement>
                <GuiElement type="textInput" profile="devControlsTextInputClose" id="setTeleportXZ" onEnterPressed="onTeleportEnterPressed" onEscPressed="onTeleportEscPressed" onTextChanged="onTeleportTextChanged"/>
                <GuiElement type="button" profile="devControlsConfirmClose" text="" id="buttonTeleportConfirm" onClick="onClickTeleportConfirm"/>

                <!-- Row 3 -->
                <GuiElement type="multiTextOption" profile="multiTextOptionDevControls2" onClick="onClickChangeBale" id="setChangeBale" toolTipElementId="generalHelpBoxText" toolTipText="$l10n_EDC_addBaleToolTip">
                    <GuiElement type="button" profile="multiTextOptionLeft"/>
                    <GuiElement type="button" profile="multiTextOptionRight"/>
                    <GuiElement type="text" profile="multiTextOptionText"/>
                    <GuiElement type="text" profile="multiTextOptionTitle" text="$l10n_EDC_addBale"/>
                    <GuiElement type="bitmap" profile="multiTextOptionBg"/>
                </GuiElement>
                <GuiElement type="button" profile="devControlsConfirmClose" text="" id="buttonAddBale" onClick="onClickAddBale"/>

                <GuiElement type="multiTextOption" profile="multiTextOptionDevControls2" onClick="onClickChangePallet" id="setChangePallet" toolTipElementId="generalHelpBoxText" toolTipText="$l10n_EDC_addPalletToolTip">
                    <GuiElement type="button" profile="multiTextOptionLeft"/>
                    <GuiElement type="button" profile="multiTextOptionRight"/>
                    <GuiElement type="text" profile="multiTextOptionText"/>
                    <GuiElement type="text" profile="multiTextOptionTitle" text="$l10n_EDC_addPallet"/>
                    <GuiElement type="bitmap" profile="multiTextOptionBg"/>
                </GuiElement>
                <GuiElement type="button" profile="devControlsConfirmClose" text="" id="buttonAddPallet" onClick="onClickAddPallet"/>

                <GuiElement type="multiTextOption" profile="multiTextOptionDevControls2" onClick="onClickChangeLog" id="setChangeLog" toolTipElementId="generalHelpBoxText" toolTipText="$l10n_EDC_addLogToolTip">
                    <GuiElement type="button" profile="multiTextOptionLeft"/>
                    <GuiElement type="button" profile="multiTextOptionRight"/>
                    <GuiElement type="text" profile="multiTextOptionText"/>
                    <GuiElement type="text" profile="multiTextOptionTitle" text="$l10n_EDC_addLog"/>
                    <GuiElement type="bitmap" profile="multiTextOptionBg"/>
                </GuiElement>
                <GuiElement type="button" profile="devControlsConfirmClose" text="" id="buttonAddLog" onClick="onClickAddLog"/>

                <!-- Row 4 -->
                <GuiElement type="multiTextOption" profile="multiTextOptionDevControls3" onClick="onClickSelectCheatSilo" id="setSelectCheatSilo" toolTipElementId="generalHelpBoxText" toolTipText="$l10n_EDC_cheatSiloToolTip">
                    <GuiElement type="button" profile="multiTextOptionLeft"/>
                    <GuiElement type="button" profile="multiTextOptionRight"/>
                    <GuiElement type="text" profile="multiTextOptionText"/>
                    <GuiElement type="text" profile="multiTextOptionTitle" text="$l10n_EDC_cheatSilo"/>
                    <GuiElement type="bitmap" profile="multiTextOptionBg"/>
                </GuiElement>
                <GuiElement type="multiTextOption" profile="multiTextOptionDevControls2" onClick="onClickCheatSiloAmount" id="setCheatSiloAmount" toolTipElementId="generalHelpBoxText" toolTipText="$l10n_EDC_cheatSiloAmountToolTip">
                    <GuiElement type="button" profile="multiTextOptionLeft"/>
                    <GuiElement type="button" profile="multiTextOptionRight"/>
                    <GuiElement type="text" profile="multiTextOptionText"/>
                    <GuiElement type="bitmap" profile="multiTextOptionBg"/>
                </GuiElement>

                <GuiElement type="button" profile="devControlsConfirmClose" text="" id="buttonCheatSilo" onClick="onClickCheatSilo" margin="30px -52px 49px 22px"/>

                <GuiElement type="multiTextOption" profile="multiTextOptionDevControls" onClick="onClickToggleDebugFieldStatus" id="setDebugFieldStatus" toolTipElementId="generalHelpBoxText" toolTipText="$l10n_EDC_debugFieldStatusToolTip">
                    <GuiElement type="button" profile="multiTextOptionLeft"/>
                    <GuiElement type="button" profile="multiTextOptionRight"/>
                    <GuiElement type="text" profile="multiTextOptionText"/>
                    <GuiElement type="text" profile="multiTextOptionTitle" text="$l10n_EDC_debugFieldStatus"/>
                    <GuiElement type="bitmap" profile="multiTextOptionBg"/>
                </GuiElement>

                <!-- MP Only -->
                <GuiElement type="checkedOption" profile="multiTextOptionDevControls1" onClick="onClickToggleShowNetworkTraffic" id="setShowNetworkTraffic" toolTipElementId="generalHelpBoxText" toolTipText="$l10n_EDC_networkTrafficToolTip">
                    <GuiElement type="button" profile="multiTextOptionLeft"/>
                    <GuiElement type="button" profile="multiTextOptionRight"/>
                    <GuiElement type="text" profile="multiTextOptionText"/>
                    <GuiElement type="text" profile="multiTextOptionTitle" text="$l10n_EDC_networkTraffic"/>
                    <GuiElement type="bitmap" profile="multiTextOptionBg"/>
                </GuiElement>

                <GuiElement type="checkedOption" profile="multiTextOptionDevControls1" onClick="onClickToggleNetworkShowActiveObjects" id="setNetworkShowActiveObjects" toolTipElementId="generalHelpBoxText" toolTipText="$l10n_EDC_networkActiveObjectsToolTip">
                    <GuiElement type="button" profile="multiTextOptionLeft"/>
                    <GuiElement type="button" profile="multiTextOptionRight"/>
                    <GuiElement type="text" profile="multiTextOptionText"/>
                    <GuiElement type="text" profile="multiTextOptionTitle" text="$l10n_EDC_networkActiveObjects"/>
                    <GuiElement type="bitmap" profile="multiTextOptionBg"/>
                </GuiElement>

                <GuiElement type="checkedOption" profile="multiTextOptionDevControls1" onClick="onClickToggleToggleNetworkDebug" id="setNetworkDebug" toolTipElementId="generalHelpBoxText" toolTipText="$l10n_EDC_networkDebuggingToolTip">
                    <GuiElement type="button" profile="multiTextOptionLeft"/>
                    <GuiElement type="button" profile="multiTextOptionRight"/>
                    <GuiElement type="text" profile="multiTextOptionText"/>
                    <GuiElement type="text" profile="multiTextOptionTitle" text="$l10n_EDC_networkDebugging"/>
                    <GuiElement type="bitmap" profile="multiTextOptionBg"/>
                </GuiElement>
            </GuiElement>
        </GuiElement>

        <GuiElement type="bitmap" profile="ingameMenuHelpRowBg" position="210px 64px" id="generalHelpBox" visible="false">
            <GuiElement type="bitmap" profile="ingameMenuHelpRowIcon" id="helpBoxIcon"/>
            <GuiElement type="text" profile="ingameMenuHelpRowText" id="generalHelpBoxText" text="" onTextChanged="onToolTipBoxTextChanged"/>
        </GuiElement>
    </GuiElement>
</GUI>
