<?xml version="1.0" encoding="utf-8" standalone="no" ?>
<GUI name="easyDevControlsPlayer">
    <GuiElement type="empty" profile="uiInGameMenuFrame">
        <GuiElement type="empty" profile="ingameMenuFrameHeaderPanel" position="130px -60px">
            <GuiElement type="bitmap" profile="devControlsPlayerHeaderIcon" />
            <GuiElement type="text" profile="ingameMenuFrameHeaderText" position="80px 0px" text="$l10n_EDC_playerHeader"/>
        </GuiElement>

        <GuiElement type="bitmap" profile="ingameMenuSettingsBox" position="130px -124px" id="playerContainer">
            <GuiElement type="boxLayout" profile="ingameMenuSettingsLayout" position="50px -50px" id="boxLayout">
                <!-- Row 1 -->
                <GuiElement type="checkedOption" profile="multiTextOptionSettings" onClick="onClickFlightAndNoHUDMode" id="setFlightAndNoHUDMode" toolTipElementId="playerHelpBoxText" toolTipText="$l10n_EDC_flightNoHudModeToolTip">
                    <GuiElement type="button" profile="multiTextOptionLeft"/>
                    <GuiElement type="button" profile="multiTextOptionRight"/>
                    <GuiElement type="text" profile="multiTextOptionText"/>
                    <GuiElement type="text" profile="multiTextOptionTitle" text="$l10n_EDC_flightNoHudMode"/>
                    <GuiElement type="bitmap" profile="multiTextOptionBg"/>
                </GuiElement>

                <GuiElement type="checkedOption" profile="multiTextOptionSettings" onClick="onClickFlightMode" id="setFlightMode" toolTipElementId="playerHelpBoxText" toolTipText="$l10n_EDC_flightToolTip">
                    <GuiElement type="button" profile="multiTextOptionLeft"/>
                    <GuiElement type="button" profile="multiTextOptionRight"/>
                    <GuiElement type="text" profile="multiTextOptionText"/>
                    <GuiElement type="text" profile="multiTextOptionTitle" text="$l10n_EDC_flight"/>
                    <GuiElement type="bitmap" profile="multiTextOptionBg"/>
                </GuiElement>

                <GuiElement type="checkedOption" profile="multiTextOptionSettings" onClick="onClickNoHUDMode" id="setNoHUDMode" toolTipElementId="playerHelpBoxText" toolTipText="$l10n_EDC_noHudToolTip">
                    <GuiElement type="button" profile="multiTextOptionLeft"/>
                    <GuiElement type="button" profile="multiTextOptionRight"/>
                    <GuiElement type="text" profile="multiTextOptionText"/>
                    <GuiElement type="text" profile="multiTextOptionTitle" text="$l10n_EDC_noHud"/>
                    <GuiElement type="bitmap" profile="multiTextOptionBg"/>
                </GuiElement>

                <GuiElement type="checkedOption" profile="multiTextOptionSettings" onClick="onClickSuperStrength" id="setSuperStrengthState" toolTipElementId="playerHelpBoxText" toolTipText="$l10n_EDC_superStrengthToolTip">
                    <GuiElement type="button" profile="multiTextOptionLeft"/>
                    <GuiElement type="button" profile="multiTextOptionRight"/>
                    <GuiElement type="text" profile="multiTextOptionText"/>
                    <GuiElement type="text" profile="multiTextOptionTitle" text="$l10n_EDC_superStrength"/>
                    <GuiElement type="bitmap" profile="multiTextOptionBg"/>
                </GuiElement>

                <GuiElement type="checkedOption" profile="multiTextOptionSettings" onClick="onClickWoodCuttingMaker" id="setWoodCuttingMarker" toolTipElementId="playerHelpBoxText" toolTipText="$l10n_EDC_woodcuttingMarkerToolTip">
                    <GuiElement type="button" profile="multiTextOptionLeft"/>
                    <GuiElement type="button" profile="multiTextOptionRight"/>
                    <GuiElement type="text" profile="multiTextOptionText"/>
                    <GuiElement type="text" profile="multiTextOptionTitle" text="$l10n_EDC_woodcuttingMarker"/>
                    <GuiElement type="bitmap" profile="multiTextOptionBg"/>
                </GuiElement>

                <GuiElement type="empty" profile="multiTextOptionSettings"/>

                <!-- Row 2 -->
                <GuiElement type="checkedOption" profile="multiTextOptionSettings" onClick="onClickTogglePlayerDebug" id="setPlayerDebug" toolTipElementId="playerHelpBoxText" toolTipText="$l10n_EDC_playerDebugToolTip">
                    <GuiElement type="button" profile="multiTextOptionLeft"/>
                    <GuiElement type="button" profile="multiTextOptionRight"/>
                    <GuiElement type="text" profile="multiTextOptionText"/>
                    <GuiElement type="text" profile="multiTextOptionTitle" text="$l10n_EDC_playerDebug"/>
                    <GuiElement type="bitmap" profile="multiTextOptionBg"/>
                </GuiElement>

                <GuiElement type="checkedOption" profile="multiTextOptionSettings" onClick="onClickTogglePlayerStateMachineDebug" id="setPlayerStateMachineDebug" toolTipElementId="playerHelpBoxText" toolTipText="$l10n_EDC_playerMachineDebugToolTip">
                    <GuiElement type="button" profile="multiTextOptionLeft"/>
                    <GuiElement type="button" profile="multiTextOptionRight"/>
                    <GuiElement type="text" profile="multiTextOptionText"/>
                    <GuiElement type="text" profile="multiTextOptionTitle" text="$l10n_EDC_playerMachineDebug"/>
                    <GuiElement type="bitmap" profile="multiTextOptionBg"/>
                </GuiElement>

                <GuiElement type="checkedOption" profile="multiTextOptionSettings" onClick="onClickTogglePlayerStateJump" id="setPlayerStateJump" toolTipElementId="playerHelpBoxText" toolTipText="$l10n_EDC_playerJumpDebugToolTip">
                    <GuiElement type="button" profile="multiTextOptionLeft"/>
                    <GuiElement type="button" profile="multiTextOptionRight"/>
                    <GuiElement type="text" profile="multiTextOptionText"/>
                    <GuiElement type="text" profile="multiTextOptionTitle" text="$l10n_EDC_playerJumpDebug"/>
                    <GuiElement type="bitmap" profile="multiTextOptionBg"/>
                </GuiElement>

                <GuiElement type="multiTextOption" profile="multiTextOptionDevControls3" onClick="onClickBuySell" id="setSelectBuySell"
                            toolTipElementId="playerHelpBoxText" toolTipText="$l10n_EDC_buySellFarmlandToolTip1">
                    <GuiElement type="button" profile="multiTextOptionLeft"/>
                    <GuiElement type="button" profile="multiTextOptionRight"/>
                    <GuiElement type="text" profile="multiTextOptionText"/>
                    <GuiElement type="text" profile="multiTextOptionTitle" text="$l10n_EDC_buySellFarmland"/>
                    <GuiElement type="bitmap" profile="multiTextOptionBg"/>
                </GuiElement>
                <GuiElement type="multiTextOption" profile="multiTextOptionDevControls2" onClick="onClickFarmlandIndex" id="setFarmlandIndex"
                            toolTipElementId="playerHelpBoxText" toolTipText="$l10n_EDC_buySellFarmlandToolTip2">
                    <GuiElement type="button" profile="multiTextOptionLeft"/>
                    <GuiElement type="button" profile="multiTextOptionRight"/>
                    <GuiElement type="text" profile="multiTextOptionText"/>
                    <GuiElement type="bitmap" profile="multiTextOptionBg"/>
                </GuiElement>
                <GuiElement type="button" profile="devControlsConfirmClose" text="" id="buttonBuySellFarmland" onClick="onClickBuySellFarmland"/>

                <!-- Row 3 -->
                <GuiElement type="multiTextOption" profile="multiTextOptionSettings" onClick="onClickSpeedMultiplier" id="setPlayerSpeedMultiplier" toolTipElementId="playerHelpBoxText" toolTipText="$l10n_EDC_speedMultiplierValue">
                    <GuiElement type="button" profile="multiTextOptionLeft"/>
                    <GuiElement type="button" profile="multiTextOptionRight"/>
                    <GuiElement type="text" profile="multiTextOptionText"/>
                    <GuiElement type="text" profile="multiTextOptionTitle" text="$l10n_EDC_speedMultiplierValue"/>
                    <GuiElement type="bitmap" profile="multiTextOptionBg"/>
                </GuiElement>

                <GuiElement type="checkedOption" profile="multiTextOptionSettings" onClick="onClickSpeedMultiplierState" id="setPlayerSpeedState" toolTipElementId="playerHelpBoxText" toolTipText="">
                    <GuiElement type="button" profile="multiTextOptionLeft"/>
                    <GuiElement type="button" profile="multiTextOptionRight"/>
                    <GuiElement type="text" profile="multiTextOptionText"/>
                    <GuiElement type="text" profile="multiTextOptionTitle" text="$l10n_EDC_speedMultiplierState"/>
                    <GuiElement type="bitmap" profile="multiTextOptionBg"/>
                </GuiElement>

                <GuiElement type="checkedOption" profile="multiTextOptionSettings" onClick="onClickShowSpeedMultiplier" id="setShowSpeedMultiplier" toolTipElementId="playerHelpBoxText" toolTipText="$l10n_EDC_speedMultiplierWarningToolTip">
                    <GuiElement type="button" profile="multiTextOptionLeft"/>
                    <GuiElement type="button" profile="multiTextOptionRight"/>
                    <GuiElement type="text" profile="multiTextOptionText"/>
                    <GuiElement type="text" profile="multiTextOptionTitle" text="$l10n_EDC_speedMultiplierWarning"/>
                    <GuiElement type="bitmap" profile="multiTextOptionBg"/>
                </GuiElement>

                <GuiElement type="empty" profile="multiTextOptionSettings"/>
                <GuiElement type="empty" profile="multiTextOptionSettings"/>
                <GuiElement type="empty" profile="multiTextOptionSettings"/>

                <!-- Row 4 -->
                <GuiElement type="multiTextOption" profile="multiTextOptionSettings" onClick="onClickTimeSpeedValue" id="setTimeSpeedValue" toolTipElementId="playerHelpBoxText" toolTipText="$l10n_EDC_extraTimescaleToolTip">
                    <GuiElement type="button" profile="multiTextOptionLeft"/>
                    <GuiElement type="button" profile="multiTextOptionRight"/>
                    <GuiElement type="text" profile="multiTextOptionText"/>
                    <GuiElement type="text" profile="multiTextOptionTitle" text="$l10n_EDC_extraTimescale"/>
                    <GuiElement type="bitmap" profile="multiTextOptionBg"/>
                </GuiElement>

                <GuiElement type="checkedOption" profile="multiTextOptionSettings" onClick="onClickShowTimeScale" id="setShowTimeScale" toolTipElementId="playerHelpBoxText" toolTipText="$l10n_EDC_timescaleWarningDisplayToolTip">
                    <GuiElement type="button" profile="multiTextOptionLeft"/>
                    <GuiElement type="button" profile="multiTextOptionRight"/>
                    <GuiElement type="text" profile="multiTextOptionText"/>
                    <GuiElement type="text" profile="multiTextOptionTitle" text="$l10n_EDC_timescaleWarningDisplay"/>
                    <GuiElement type="bitmap" profile="multiTextOptionBg"/>
                </GuiElement>
            </GuiElement>
        </GuiElement>

        <GuiElement type="bitmap" profile="ingameMenuHelpRowBg" position="210px 64px" size="1500px 48px" id="playerHelpBox" visible="false">
            <GuiElement type="bitmap" profile="ingameMenuHelpRowIcon"/>
            <GuiElement type="text" profile="ingameMenuHelpRowText" id="playerHelpBoxText" text="" onTextChanged="onToolTipBoxTextChanged"/>
        </GuiElement>
    </GuiElement>
</GUI>
