<?xml version="1.0" encoding="utf-8" standalone="no" ?>
<GUI name="easyDevControlsVehicles">
    <GuiElement type="empty" profile="uiInGameMenuFrame">
        <GuiElement type="empty" profile="ingameMenuFrameHeaderPanel" position="130px -60px">
            <GuiElement type="bitmap" profile="devControlsVehicleHeaderIcon" />
            <GuiElement type="text" profile="ingameMenuFrameHeaderText" position="80px 0px" text="$l10n_EDC_vehicleHeader"/>
        </GuiElement>

        <GuiElement type="bitmap" profile="ingameMenuSettingsBox" position="130px -124px" id="vehiclesContainer">
            <GuiElement type="boxLayout" profile="ingameMenuSettingsLayout" position="50px -50px" id="boxLayout">
                <!-- Row 1 -->
                <GuiElement type="checkedOption" profile="multiTextOptionDevControls1" onClick="onClickVehicleDebugState" id="setVehicleDebugState" toolTipElementId="vehiclesHelpBoxText" toolTipText="$l10n_EDC_vehicleDebugToolTip">
                    <GuiElement type="button" profile="multiTextOptionLeft"/>
                    <GuiElement type="button" profile="multiTextOptionRight"/>
                    <GuiElement type="text" profile="multiTextOptionText"/>
                    <GuiElement type="text" profile="multiTextOptionTitle" text="$l10n_EDC_vehicleDebug"/>
                    <GuiElement type="bitmap" profile="multiTextOptionBg"/>
                </GuiElement>

                <GuiElement type="checkedOption" profile="multiTextOptionDevControls1" onClick="onClickTensionBeltDebugRendering" id="setTensionBeltDebugRendering" toolTipElementId="vehiclesHelpBoxText" toolTipText="$l10n_EDC_tensionBeltDebugToolTip">
                    <GuiElement type="button" profile="multiTextOptionLeft"/>
                    <GuiElement type="button" profile="multiTextOptionRight"/>
                    <GuiElement type="text" profile="multiTextOptionText"/>
                    <GuiElement type="text" profile="multiTextOptionTitle" text="$l10n_EDC_tensionBeltDebug"/>
                    <GuiElement type="bitmap" profile="multiTextOptionBg"/>
                </GuiElement>

                <GuiElement type="checkedOption" profile="multiTextOptionDevControls1" onClick="onClickVehicleDistance" id="setShowVehicleDistance" toolTipElementId="vehiclesHelpBoxText" toolTipText="$l10n_EDC_vehicleDistanceToolTip">
                    <GuiElement type="button" profile="multiTextOptionLeft"/>
                    <GuiElement type="button" profile="multiTextOptionRight"/>
                    <GuiElement type="text" profile="multiTextOptionText"/>
                    <GuiElement type="text" profile="multiTextOptionTitle" text="$l10n_EDC_vehicleDistance"/>
                    <GuiElement type="bitmap" profile="multiTextOptionBg"/>
                </GuiElement>

                <GuiElement type="button" profile="devControlsConfirm" text="" id="buttonDeleteAllVehicles" onClick="onClickDeleteAllVehicles" >
                    <GuiElement type="text" profile="multiTextOptionTitle" text="$l10n_EDC_deleteAllVehicles"/>
                </GuiElement>

                <GuiElement type="button" profile="devControlsConfirm" text="" id="buttonRemoveAllTireTracks" onClick="onClickRemoveAllTireTracks" >
                    <GuiElement type="text" profile="multiTextOptionTitle" text="$l10n_EDC_removeTyreTracks"/>
                </GuiElement>

                <GuiElement type="empty" profile="devControlsEmptySlot" />

                <!-- Row 2 -->
                <GuiElement type="multiTextOption" profile="multiTextOptionDevControls2" onClick="onClickSelectWiperState" id="selectWiperState" toolTipElementId="vehiclesHelpBoxText" toolTipText="$l10n_EDC_setGlobalWiperStateToolTip" >
                    <GuiElement type="button" profile="multiTextOptionLeft"/>
                    <GuiElement type="button" profile="multiTextOptionRight"/>
                    <GuiElement type="text" profile="multiTextOptionText"/>
                    <GuiElement type="text" profile="multiTextOptionTitle" text="$l10n_EDC_setGlobalWiperState"/>
                    <GuiElement type="bitmap" profile="multiTextOptionBg"/>
                </GuiElement>
                <GuiElement type="button" profile="devControlsConfirmClose" text="" id="buttonSetWiperState" onClick="onClickSetWiperState" margin="30px -52px 49px 64px"/>

                <GuiElement type="multiTextOption" profile="multiTextOptionDevControls2" onClick="onClickResetVehicle" id="setResetVehicle" toolTipElementId="vehiclesHelpBoxText" toolTipText="$l10n_EDC_reloadVehicleToolTip" >
                    <GuiElement type="button" profile="multiTextOptionLeft"/>
                    <GuiElement type="button" profile="multiTextOptionRight"/>
                    <GuiElement type="text" profile="multiTextOptionText"/>
                    <GuiElement type="text" profile="multiTextOptionTitle" text="$l10n_EDC_reloadVehicle"/>
                    <GuiElement type="bitmap" profile="multiTextOptionBg"/>
                </GuiElement>
                <GuiElement type="button" profile="devControlsConfirmClose" text="" id="buttonReloadVehicle" onClick="onClickReloadVehicle" />

                <GuiElement type="textInput" profile="devControlsTextInput" id="setOperatingTime" onEnterPressed="onSetOperatingTimeEnterPressed" onEscPressed="onSetOperatingTimeEscPressed" onTextChanged="onSetOperatingTimeTextChanged" margin="30px 0px 49px 16px">
                    <GuiElement type="text" profile="multiTextOptionTitle" text="$l10n_EDC_setOperatingTime"/>
                </GuiElement>

                <GuiElement type="button" profile="devControlsConfirm" text="" id="buttonVehicleAnalyse" onClick="onClickVehicleAnalyse" >
                    <GuiElement type="text" profile="multiTextOptionTitle" text="$l10n_EDC_vehicleAnalyse"/>
                </GuiElement>

                <!-- Row 3 -->
                <GuiElement type="multiTextOption" profile="multiTextOptionDevControls2" onClick="onClickSelectMotorTemperature" id="selectMotorTemperature" toolTipElementId="vehiclesHelpBoxText" toolTipText="$l10n_EDC_setMotorTemperatureToolTip" >
                    <GuiElement type="button" profile="multiTextOptionLeft"/>
                    <GuiElement type="button" profile="multiTextOptionRight"/>
                    <GuiElement type="text" profile="multiTextOptionText"/>
                    <GuiElement type="text" profile="multiTextOptionTitle" text="$l10n_EDC_setMotorTemperature"/>
                    <GuiElement type="bitmap" profile="multiTextOptionBg"/>
                </GuiElement>
                <GuiElement type="button" profile="devControlsConfirmClose" text="" id="buttonSetMotorTemperature" onClick="onClickSetMotorTemperature" />

                <GuiElement type="multiTextOption" profile="multiTextOptionDevControls2" onClick="onClickChangeDirtAmount" id="setChangeDirtAmount" toolTipElementId="vehiclesHelpBoxText" toolTipText="$l10n_EDC_adjustDirtAmountToolTip" >
                    <GuiElement type="button" profile="multiTextOptionLeft"/>
                    <GuiElement type="button" profile="multiTextOptionRight"/>
                    <GuiElement type="text" profile="multiTextOptionText"/>
                    <GuiElement type="text" profile="multiTextOptionTitle" text="$l10n_EDC_adjustDirtAmount"/>
                    <GuiElement type="bitmap" profile="multiTextOptionBg"/>
                </GuiElement>
                <GuiElement type="button" profile="devControlsConfirmClose" text="" id="buttonAddDirtAmount" onClick="onClickAddDirtAmount" />

                <GuiElement type="multiTextOption" profile="multiTextOptionDevControls2" onClick="onClickChangeWearAmount" id="setChangeWearAmount" toolTipElementId="vehiclesHelpBoxText" toolTipText="$l10n_EDC_adjustWearAmountToolTip" >
                    <GuiElement type="button" profile="multiTextOptionLeft"/>
                    <GuiElement type="button" profile="multiTextOptionRight"/>
                    <GuiElement type="text" profile="multiTextOptionText"/>
                    <GuiElement type="text" profile="multiTextOptionTitle" text="$l10n_EDC_adjustWearAmount"/>
                    <GuiElement type="bitmap" profile="multiTextOptionBg"/>
                </GuiElement>
                <GuiElement type="button" profile="devControlsConfirmClose" text="" id="buttonAddWearAmount" onClick="onClickAddWearAmount" />

                <!-- Row 4 -->
                <GuiElement type="multiTextOption" profile="multiTextOptionDevControls3" onClick="onClickFillUnitAddIndex" id="setFillUnitAddIndex" toolTipElementId="vehiclesHelpBoxText" toolTipText="$l10n_EDC_fillUnitAddToolTip">
                    <GuiElement type="button" profile="multiTextOptionLeft"/>
                    <GuiElement type="button" profile="multiTextOptionRight"/>
                    <GuiElement type="text" profile="multiTextOptionText"/>
                    <GuiElement type="text" profile="multiTextOptionTitle" text="Add:" id="fillUnitAddText"/>
                    <GuiElement type="bitmap" profile="multiTextOptionBg"/>
                </GuiElement>

                <GuiElement type="multiTextOption" profile="multiTextOptionDevControls2" onClick="onClickFillUnitAddName" id="setFillUnitAddName" toolTipElementId="vehiclesHelpBoxText" toolTipText="$l10n_EDC_fillUnitAddNameToolTip">
                    <GuiElement type="button" profile="multiTextOptionLeft"/>
                    <GuiElement type="button" profile="multiTextOptionRight"/>
                    <GuiElement type="text" profile="multiTextOptionText"/>
                    <GuiElement type="bitmap" profile="multiTextOptionBg"/>
                </GuiElement>
                <GuiElement type="button" profile="devControlsConfirmClose" text="" id="buttonFillUnitAdd" onClick="onClickFillUnitAdd" />

                <GuiElement type="button" profile="devControlsConfirm" text="" id="buttonEmptySelected" onClick="onClickEmptySelected" >
                    <GuiElement type="text" profile="multiTextOptionTitle" text="Empty:" id="emptySelectedText"/>
                </GuiElement>
            </GuiElement>
        </GuiElement>

        <GuiElement type="bitmap" profile="ingameMenuHelpRowBg" position="210px 64px" size="1500px 48px" id="vehiclesHelpBox" visible="false">
            <GuiElement type="bitmap" profile="ingameMenuHelpRowIcon" id="helpBoxIcon"/>
            <GuiElement type="text" profile="ingameMenuHelpRowText" id="vehiclesHelpBoxText" text="" onTextChanged="onToolTipBoxTextChanged"/>
        </GuiElement>
    </GuiElement>
</GUI>
