<?xml version="1.0" encoding="utf-8" standalone="no" ?>
<GUI name="easyDevControlsFields">
    <GuiElement type="empty" profile="uiInGameMenuFrame">
        <GuiElement type="empty" profile="ingameMenuFrameHeaderPanel" position="130px -60px">
            <GuiElement type="bitmap" profile="devControlsFieldHeaderIcon"/>
            <GuiElement type="text" profile="ingameMenuFrameHeaderText" position="80px 0px" text="$l10n_EDC_fieldsHeader"/>
        </GuiElement>

        <GuiElement type="bitmap" profile="ingameMenuSettingsBox" position="130px -124px" id="fieldsContainer">
            <GuiElement type="bitmap" profile="lineSeparator" screenAlign="middleCenter" positionOrigin="middleCenter" position="0px 36px" size="1px 540px"/>

            <GuiElement type="boxLayout" profile="ingameMenuSettingsLayout" position="50px -50px" id="boxLayout">
                <!-- Row 1 -->
                <GuiElement type="text" profile="devControlsFieldHeaderText" text="$l10n_EDC_setFieldFruit" id="textSetFieldFruit" />

                <GuiElement type="multiTextOption" profile="multiTextOptionDevControls1" onClick="onClickFieldIndexFruit" id="setFieldIndexFruit" toolTipElementId="fieldsHelpBoxText" toolTipText="$l10n_EDC_fieldIndexToolTip" >
                    <GuiElement type="button" profile="multiTextOptionLeft"/>
                    <GuiElement type="button" profile="multiTextOptionRight"/>
                    <GuiElement type="text" profile="multiTextOptionText"/>
                    <GuiElement type="text" profile="multiTextOptionTitle" text="$l10n_EDC_fieldIndex"/>
                    <GuiElement type="bitmap" profile="multiTextOptionBg"/>
                </GuiElement>

                <GuiElement type="multiTextOption" profile="multiTextOptionDevControls1" onClick="onClickFruitName" id="setFruitName" toolTipElementId="fieldsHelpBoxText" toolTipText="$l10n_EDC_fruitTypeToolTip" >
                    <GuiElement type="button" profile="multiTextOptionLeft"/>
                    <GuiElement type="button" profile="multiTextOptionRight"/>
                    <GuiElement type="text" profile="multiTextOptionText"/>
                    <GuiElement type="text" profile="multiTextOptionTitle" text="$l10n_EDC_fruitType"/>
                    <GuiElement type="bitmap" profile="multiTextOptionBg"/>
                </GuiElement>

                <GuiElement type="multiTextOption" profile="multiTextOptionDevControls1" onClick="onClickGrowthState" id="setGrowthState" toolTipElementId="fieldsHelpBoxText" toolTipText="$l10n_EDC_growthStateToolTip" >
                    <GuiElement type="button" profile="multiTextOptionLeft"/>
                    <GuiElement type="button" profile="multiTextOptionRight"/>
                    <GuiElement type="text" profile="multiTextOptionText"/>
                    <GuiElement type="text" profile="multiTextOptionTitle" text="$l10n_EDC_growthState"/>
                    <GuiElement type="bitmap" profile="multiTextOptionBg"/>
                </GuiElement>

                <!-- <GuiElement type="multiTextOption" profile="multiTextOptionDevControls1" onClick="onClickGroundLayer1" id="setGroundLayer1" toolTipElementId="fieldsHelpBoxText" toolTipText="$l10n_EDC_groundLayerToolTip" >
                    <GuiElement type="button" profile="multiTextOptionLeft"/>
                    <GuiElement type="button" profile="multiTextOptionRight"/>
                    <GuiElement type="text" profile="multiTextOptionText"/>
                    <GuiElement type="text" profile="multiTextOptionTitle" text="$l10n_EDC_groundLayer"/>
                    <GuiElement type="bitmap" profile="multiTextOptionBg"/>
                </GuiElement> -->

                <GuiElement type="multiTextOption" profile="multiTextOptionDevControls1" onClick="onClickFertilizerStateFruit" id="setFertilizerStateFruit" toolTipElementId="fieldsHelpBoxText" toolTipText="$l10n_EDC_fertilizerStateToolTip" >
                    <GuiElement type="button" profile="multiTextOptionLeft"/>
                    <GuiElement type="button" profile="multiTextOptionRight"/>
                    <GuiElement type="text" profile="multiTextOptionText"/>
                    <GuiElement type="text" profile="multiTextOptionTitle" text="$l10n_EDC_fertilizerState"/>
                    <GuiElement type="bitmap" profile="multiTextOptionBg"/>
                </GuiElement>

                <GuiElement type="checkedOption" profile="multiTextOptionDevControls1" onClick="onClickPlowingStateFruit" id="setPlowingStateFruit" toolTipElementId="fieldsHelpBoxText" toolTipText="$l10n_EDC_plowingStateToolTip" >
                    <GuiElement type="button" profile="multiTextOptionLeft"/>
                    <GuiElement type="button" profile="multiTextOptionRight"/>
                    <GuiElement type="text" profile="multiTextOptionText"/>
                    <GuiElement type="text" profile="multiTextOptionTitle" text="$l10n_EDC_plowingState"/>
                    <GuiElement type="bitmap" profile="multiTextOptionBg"/>
                </GuiElement>

                <!-- Row 2 -->
                <GuiElement type="button" profile="devControlsConfirmField" text="" id="buttonSetFieldFruit" onClick="onClickSetFieldFruit" />

                <GuiElement type="multiTextOption" profile="multiTextOptionDevControls1" onClick="onClickWeedStateFruit" id="setWeedStateFruit" toolTipElementId="fieldsHelpBoxText" toolTipText="$l10n_EDC_weedStateToolTip" >
                    <GuiElement type="button" profile="multiTextOptionLeft"/>
                    <GuiElement type="button" profile="multiTextOptionRight"/>
                    <GuiElement type="text" profile="multiTextOptionText"/>
                    <GuiElement type="text" profile="multiTextOptionTitle" text="$l10n_EDC_weedState"/>
                    <GuiElement type="bitmap" profile="multiTextOptionBg"/>
                </GuiElement>

                <GuiElement type="checkedOption" profile="multiTextOptionDevControls1" onClick="onClickLimeStateFruit" id="setLimeStateFruit" toolTipElementId="fieldsHelpBoxText" toolTipText="$l10n_EDC_limeStateToolTip" >
                    <GuiElement type="button" profile="multiTextOptionLeft"/>
                    <GuiElement type="button" profile="multiTextOptionRight"/>
                    <GuiElement type="text" profile="multiTextOptionText"/>
                    <GuiElement type="text" profile="multiTextOptionTitle" text="$l10n_EDC_limeState"/>
                    <GuiElement type="bitmap" profile="multiTextOptionBg"/>
                </GuiElement>

                <GuiElement type="checkedOption" profile="multiTextOptionSettings" onClick="onClickSprayState" id="setSprayState" toolTipElementId="fieldsHelpBoxText" toolTipText="$l10n_EDC_setSprayToolTip">
                    <GuiElement type="button" profile="multiTextOptionLeft"/>
                    <GuiElement type="button" profile="multiTextOptionRight"/>
                    <GuiElement type="text" profile="multiTextOptionText"/>
                    <GuiElement type="text" profile="multiTextOptionTitle" text="$l10n_EDC_setSpray"/>
                    <GuiElement type="bitmap" profile="multiTextOptionBg"/>
                </GuiElement>

                <GuiElement type="checkedOption" profile="multiTextOptionSettings" onClick="onClickBuyFieldFruit" id="setBuyFieldFruit" toolTipElementId="fieldsHelpBoxText" toolTipText="$l10n_EDC_buyFarmlandToolTip">
                    <GuiElement type="button" profile="multiTextOptionLeft"/>
                    <GuiElement type="button" profile="multiTextOptionRight"/>
                    <GuiElement type="text" profile="multiTextOptionText"/>
                    <GuiElement type="text" profile="multiTextOptionTitle" text="$l10n_EDC_buyFarmland"/>
                    <GuiElement type="bitmap" profile="multiTextOptionBg"/>
                </GuiElement>

                <GuiElement type="empty" profile="devControlsEmptySlot" />

                <!-- Row 3 -->
               <GuiElement type="text" profile="devControlsFieldHeaderText" text="$l10n_EDC_setFieldGround" id="textSetFieldGround" />

                <GuiElement type="multiTextOption" profile="multiTextOptionDevControls1" onClick="onClickFieldIndexGround" id="setFieldIndexGround" toolTipElementId="fieldsHelpBoxText" toolTipText="$l10n_EDC_fieldIndexToolTip" >
                    <GuiElement type="button" profile="multiTextOptionLeft"/>
                    <GuiElement type="button" profile="multiTextOptionRight"/>
                    <GuiElement type="text" profile="multiTextOptionText"/>
                    <GuiElement type="text" profile="multiTextOptionTitle" text="$l10n_EDC_fieldIndex"/>
                    <GuiElement type="bitmap" profile="multiTextOptionBg"/>
                </GuiElement>

                <GuiElement type="multiTextOption" profile="multiTextOptionDevControls1" onClick="onClickGroundName" id="setGroundName" toolTipElementId="fieldsHelpBoxText" toolTipText="$l10n_EDC_groundNameToolTip" >
                    <GuiElement type="button" profile="multiTextOptionLeft"/>
                    <GuiElement type="button" profile="multiTextOptionRight"/>
                    <GuiElement type="text" profile="multiTextOptionText"/>
                    <GuiElement type="text" profile="multiTextOptionTitle" text="$l10n_EDC_groundName"/>
                    <GuiElement type="bitmap" profile="multiTextOptionBg"/>
                </GuiElement>

                <GuiElement type="multiTextOption" profile="multiTextOptionDevControls1" onClick="onClickAngle" id="setAngle" toolTipElementId="fieldsHelpBoxText" toolTipText="$l10n_EDC_angleToolTip" >
                    <GuiElement type="button" profile="multiTextOptionLeft"/>
                    <GuiElement type="button" profile="multiTextOptionRight"/>
                    <GuiElement type="text" profile="multiTextOptionText"/>
                    <GuiElement type="text" profile="multiTextOptionTitle" text="$l10n_EDC_angle"/>
                    <GuiElement type="bitmap" profile="multiTextOptionBg"/>
                </GuiElement>

                <!-- <GuiElement type="multiTextOption" profile="multiTextOptionDevControls1" onClick="onClickGroundLayer2" id="setGroundLayer2" toolTipElementId="fieldsHelpBoxText" toolTipText="$l10n_EDC_groundLayerToolTip" >
                    <GuiElement type="button" profile="multiTextOptionLeft"/>
                    <GuiElement type="button" profile="multiTextOptionRight"/>
                    <GuiElement type="text" profile="multiTextOptionText"/>
                    <GuiElement type="text" profile="multiTextOptionTitle" text="$l10n_EDC_groundLayer"/>
                    <GuiElement type="bitmap" profile="multiTextOptionBg"/>
                </GuiElement> -->

                <GuiElement type="multiTextOption" profile="multiTextOptionDevControls1" onClick="onClickFertilizerStateGround" id="setFertilizerStateGround" toolTipElementId="fieldsHelpBoxText" toolTipText="$l10n_EDC_fertilizerStateToolTip" >
                    <GuiElement type="button" profile="multiTextOptionLeft"/>
                    <GuiElement type="button" profile="multiTextOptionRight"/>
                    <GuiElement type="text" profile="multiTextOptionText"/>
                    <GuiElement type="text" profile="multiTextOptionTitle" text="$l10n_EDC_fertilizerState"/>
                    <GuiElement type="bitmap" profile="multiTextOptionBg"/>
                </GuiElement>

                <GuiElement type="checkedOption" profile="multiTextOptionDevControls1" onClick="onClickPlowingStateGround" id="setPlowingStateGround" toolTipElementId="fieldsHelpBoxText" toolTipText="$l10n_EDC_plowingStateToolTip" >
                    <GuiElement type="button" profile="multiTextOptionLeft"/>
                    <GuiElement type="button" profile="multiTextOptionRight"/>
                    <GuiElement type="text" profile="multiTextOptionText"/>
                    <GuiElement type="text" profile="multiTextOptionTitle" text="$l10n_EDC_plowingState"/>
                    <GuiElement type="bitmap" profile="multiTextOptionBg"/>
                </GuiElement>

                <!-- Row 4 -->
                <GuiElement type="button" profile="devControlsConfirmField" text="" id="buttonSetFieldGround" onClick="onClickSetFieldGround" />

                <GuiElement type="multiTextOption" profile="multiTextOptionDevControls1" onClick="onClickWeedStateGround" id="setWeedStateGround" toolTipElementId="fieldsHelpBoxText" toolTipText="$l10n_EDC_weedStateToolTip" >
                    <GuiElement type="button" profile="multiTextOptionLeft"/>
                    <GuiElement type="button" profile="multiTextOptionRight"/>
                    <GuiElement type="text" profile="multiTextOptionText"/>
                    <GuiElement type="text" profile="multiTextOptionTitle" text="$l10n_EDC_weedState"/>
                    <GuiElement type="bitmap" profile="multiTextOptionBg"/>
                </GuiElement>

                <GuiElement type="checkedOption" profile="multiTextOptionDevControls1" onClick="onClickLimeStateGround" id="setLimeStateGround" toolTipElementId="fieldsHelpBoxText" toolTipText="$l10n_EDC_limeStateToolTip" >
                    <GuiElement type="button" profile="multiTextOptionLeft"/>
                    <GuiElement type="button" profile="multiTextOptionRight"/>
                    <GuiElement type="text" profile="multiTextOptionText"/>
                    <GuiElement type="text" profile="multiTextOptionTitle" text="$l10n_EDC_limeState"/>
                    <GuiElement type="bitmap" profile="multiTextOptionBg"/>
                </GuiElement>

                <GuiElement type="checkedOption" profile="multiTextOptionSettings" onClick="onClickRemoveFoliage" id="setRemoveFoliage" toolTipElementId="fieldsHelpBoxText" toolTipText="Select to keep or remove foliage from a single field or all fields.">
                    <GuiElement type="button" profile="multiTextOptionLeft"/>
                    <GuiElement type="button" profile="multiTextOptionRight"/>
                    <GuiElement type="text" profile="multiTextOptionText"/>
                    <GuiElement type="text" profile="multiTextOptionTitle" text="Remove Foliage"/>
                    <GuiElement type="bitmap" profile="multiTextOptionBg"/>
                </GuiElement>

                <GuiElement type="checkedOption" profile="multiTextOptionSettings" onClick="onClickBuyFieldGround" id="setBuyFieldGround" toolTipElementId="fieldsHelpBoxText" toolTipText="$l10n_EDC_buyFarmlandToolTip">
                    <GuiElement type="button" profile="multiTextOptionLeft"/>
                    <GuiElement type="button" profile="multiTextOptionRight"/>
                    <GuiElement type="text" profile="multiTextOptionText"/>
                    <GuiElement type="text" profile="multiTextOptionTitle" text="$l10n_EDC_buyFarmland"/>
                    <GuiElement type="bitmap" profile="multiTextOptionBg"/>
                </GuiElement>
            </GuiElement>
        </GuiElement>

        <GuiElement type="bitmap" profile="ingameMenuHelpRowBg" position="210px 64px"  size="1500px 48px" id="fieldsHelpBox" visible="false">
            <GuiElement type="bitmap" profile="ingameMenuHelpRowIcon" id="helpBoxIcon"/>
            <GuiElement type="text" profile="ingameMenuHelpRowText" id="fieldsHelpBoxText" text="" onTextChanged="onToolTipBoxTextChanged"/>
        </GuiElement>
    </GuiElement>
</GUI>
