<?xml version="1.0" encoding="utf-8" standalone="no" ?>
<GUI name="easyDevControlsEnvironment">
    <GuiElement type="empty" profile="uiInGameMenuFrame">
        <GuiElement type="empty" profile="ingameMenuFrameHeaderPanel" position="130px -60px">
            <GuiElement type="bitmap" profile="devControlsEnvironmentHeaderIcon"/>
            <GuiElement type="text" profile="ingameMenuFrameHeaderText" position="80px 0px" text="$l10n_EDC_environmentHeader"/>
        </GuiElement>

        <GuiElement type="bitmap" profile="ingameMenuSettingsBox" position="130px -124px" id="environmentContainer">
            <GuiElement type="boxLayout" profile="ingameMenuSettingsLayout" position="50px -50px" id="boxLayout">
               <!-- Row 1 -->
                <GuiElement type="multiTextOption" profile="multiTextOptionDevControls2" onClick="onClickSelectDayTime" id="setDayTime" toolTipElementId="environmentHelpBoxText" toolTipText="$l10n_EDC_setDayTimeToolTip">
                    <GuiElement type="button" profile="multiTextOptionLeft"/>
                    <GuiElement type="button" profile="multiTextOptionRight"/>
                    <GuiElement type="text" profile="multiTextOptionText"/>
                    <GuiElement type="text" profile="multiTextOptionTitle" text="$l10n_EDC_setDayTime"/>
                    <GuiElement type="bitmap" profile="multiTextOptionBg"/>
                </GuiElement>
                <GuiElement type="button" profile="devControlsConfirmClose" text="" id="buttonSetDayTime" onClick="onClickSetDayTime" margin="30px -52px 49px 34px"/>

                <GuiElement type="multiTextOption" profile="multiTextOptionDevControls2" onClick="onClickWeatherTypeChange" id="setWeatherTypeChange" toolTipElementId="environmentHelpBoxText" toolTipText="$l10n_EDC_setWeatherTypeToolTip">
                    <GuiElement type="button" profile="multiTextOptionLeft"/>
                    <GuiElement type="button" profile="multiTextOptionRight"/>
                    <GuiElement type="text" profile="multiTextOptionText"/>
                    <GuiElement type="text" profile="multiTextOptionTitle" text="$l10n_EDC_setWeatherType"/>
                    <GuiElement type="bitmap" profile="multiTextOptionBg"/>
                </GuiElement>
                <GuiElement type="button" profile="devControlsConfirmClose" text="" id="buttonWeatherAdd" onClick="onClickWeatherAdd" margin="30px -52px 49px 34px"/>

                <GuiElement type="checkedOption" profile="multiTextOptionDevControls1" onClick="onClickWeatherToggleDebug" id="setWeatherToggleDebug" toolTipElementId="environmentHelpBoxText" toolTipText="$l10n_EDC_weatherDebugToolTip">
                    <GuiElement type="button" profile="multiTextOptionLeft"/>
                    <GuiElement type="button" profile="multiTextOptionRight"/>
                    <GuiElement type="text" profile="multiTextOptionText"/>
                    <GuiElement type="text" profile="multiTextOptionTitle" text="$l10n_EDC_weatherDebug"/>
                    <GuiElement type="bitmap" profile="multiTextOptionBg"/>
                </GuiElement>

                <GuiElement type="button" profile="devControlsConfirm" text="" id="buttonWeatherReloadData" onClick="onClickWeatherReloadData" >
                    <GuiElement type="text" profile="multiTextOptionTitle" text="$l10n_EDC_reloadWeatherData"/>
                </GuiElement>

                <!-- Row 2 -->
                <GuiElement type="button" profile="devControlsConfirm" text="" id="buttonReloadEnvironment" onClick="onClickReloadEnvironment">
                    <GuiElement type="text" profile="multiTextOptionTitle" text="$l10n_EDC_reloadEnvironment"/>
                </GuiElement>

                <GuiElement type="empty" profile="devControlsEmptySlot"/>
                <GuiElement type="empty" profile="devControlsEmptySlot"/>
                <GuiElement type="empty" profile="devControlsEmptySlot"/>
                <GuiElement type="empty" profile="devControlsEmptySlot"/>
                <GuiElement type="empty" profile="devControlsEmptySlot"/>

                <!-- Row 3 -->
                <GuiElement type="checkedOption" profile="multiTextOptionDevControls1" onClick="onClickAmbientSoundsDebug" id="setAmbientSoundsDebug" toolTipElementId="environmentHelpBoxText" toolTipText="$l10n_EDC_ambientSoundsDebugToolTip">
                    <GuiElement type="button" profile="multiTextOptionLeft"/>
                    <GuiElement type="button" profile="multiTextOptionRight"/>
                    <GuiElement type="text" profile="multiTextOptionText"/>
                    <GuiElement type="text" profile="multiTextOptionTitle" text="$l10n_EDC_ambientSoundsDebug"/>
                    <GuiElement type="bitmap" profile="multiTextOptionBg"/>
                </GuiElement>

                <GuiElement type="button" profile="devControlsConfirm" text="" id="buttonReloadAmbientSounds" onClick="onClickReloadAmbientSounds" >
                    <GuiElement type="text" profile="multiTextOptionTitle" text="$l10n_EDC_reloadAmbientSounds"/>
                </GuiElement>

                <GuiElement type="empty" profile="devControlsEmptySlot"/>
                <GuiElement type="empty" profile="devControlsEmptySlot"/>
                <GuiElement type="empty" profile="devControlsEmptySlot"/>
                <GuiElement type="empty" profile="devControlsEmptySlot"/>

                <!-- Row 4 -->
                <GuiElement type="checkedOption" profile="multiTextOptionDevControls1" onClick="onClickToggleShowWildlife" id="setToggleShowWildlife" toolTipElementId="environmentHelpBoxText" toolTipText="$l10n_EDC_toggleWildlifeInfoToolTip">
                    <GuiElement type="button" profile="multiTextOptionLeft"/>
                    <GuiElement type="button" profile="multiTextOptionRight"/>
                    <GuiElement type="text" profile="multiTextOptionText"/>
                    <GuiElement type="text" profile="multiTextOptionTitle" text="$l10n_EDC_toggleWildlifeInfo"/>
                    <GuiElement type="bitmap" profile="multiTextOptionBg"/>
                </GuiElement>
            </GuiElement>
        </GuiElement>

        <GuiElement type="bitmap" profile="ingameMenuHelpRowBg" position="210px 64px"  size="1500px 48px" id="environmentHelpBox" visible="false">
            <GuiElement type="bitmap" profile="ingameMenuHelpRowIcon" id="helpBoxIcon"/>
            <GuiElement type="text" profile="ingameMenuHelpRowText" id="environmentHelpBoxText" text="" onTextChanged="onToolTipBoxTextChanged"/>
        </GuiElement>
    </GuiElement>
</GUI>
