﻿<?xml version="1.0" encoding="utf-8" standalone="no" ?>
<GUIProfiles>
    <Presets>
        <Preset name="colorGlass" value="0.018 0.016 0.015 0.6"/>
        <Preset name="colorGlassMedium" value="0.118 0.116 0.115 0.20"/>
        <Preset name="colorMainUI" value="0.9910 0.3865 0.0100 1"/>
        <Preset name="colorGreen" value="0.3763 0.6038 0.0782 1"/>
        <Preset name="colorBlack3" value="0.013 0.013 0.013 1"/>
        <Preset name="colorLightGrey" value="0.0482 0.0482 0.0482 1"/>
        <Preset name="colorGlassDark" value="0.018 0.016 0.015 0.65"/>
        <Preset name="colorDisabled" value="0.4 0.4 0.4 1"/>
        <Preset name="colorWhite" value="1 1 1 1"/>
    </Presets>

    <Profile name="multiTextOptionDevControls" extends="multiTextOption">
        <Value name="margin" value="30px 48px 49px 42px"/>
    </Profile>

    <Profile name="multiTextOptionDevControls1" extends="multiTextOption">
        <Value name="margin" value="30px 28px 49px 16px"/>
    </Profile>

    <Profile name="multiTextOptionDevControls2" extends="multiTextOption">
        <Value name="margin" value="30px 28px 49px 64px"/>
    </Profile>

    <Profile name="multiTextOptionDevControls3" extends="multiTextOption">
        <Value name="margin" value="30px 28px 49px -16px"/>
    </Profile>

    <Profile name="devControlsTextInput" extends="textInput">
        <Value name="size" value="316px 48px"/>
        <Value name="maxInputTextWidth" value="300px"/>
        <Value name="maxCharacters" value="11"/>
        <Value name="position" value="0px 0px"/>
        <Value name="textAlignment" value="left"/>
        <Value name="needExternalClick" value="true"/>
        <Value name="enterWhenClickOutside" value="false"/>
        <Value name="textVerticalAlignment" value="middle"/>
        <Value name="textOffset" value="0px 2px"/>
        <Value name="cursorSize" value="1px 20px"/>
        <Value name="cursorOffset" value="4px -2px"/>
        <Value name="margin" value="30px 28px 49px 16px"/>
        <Value name="imageDisabledColor" value="$preset_colorGlass"/>
    </Profile>

    <Profile name="devControlsTextInputClose" extends="devControlsTextInput">
        <Value name="margin" value="30px -4px 49px 64px"/>
    </Profile>

    <Profile name="devControlsConfirm" extends="buttonBase" with="lightFrame">
        <Value name="size" value="316px 48px"/>
        <Value name="position" value="0px 0px"/>
        <Value name="imageColor" value="$preset_colorGlassMedium"/>
        <Value name="imageFocusedColor" value="$preset_colorMainUI"/>
        <Value name="imageDisabledColor" value="$preset_colorGlass"/>
        <Value name="imageUVs" value="10px 1010px 4px 4px"/>
        <Value name="iconUVs" value="154px 347px 27px 27px"/>
        <Value name="iconSize" value="26px 26px"/>
        <Value name="iconTextOffset" value="-10px -2px"/>
        <Value name="iconColor" value="$preset_colorGreen"/>
        <Value name="iconFocusedColor" value="$preset_colorBlack3"/>
        <Value name="iconDisabledColor" value="$preset_colorLightGrey"/>
        <Value name="iconRotation" value="0"/>
        <Value name="imageHighlightedColor" value="$preset_colorMainUI"/>
        <Value name="iconHighlightedColor" value="$preset_colorGlassDark"/>
        <Value name="textHighlightedColor" value="$preset_colorWhite"/>
        <Value name="textAlignment" value="center"/>
        <Value name="textVerticalAlignment" value="middle"/>
        <Value name="screenAlign" value="bottomRight"/>
        <Value name="positionOrigin" value="bottomRight"/>
        <Value name="margin" value="30px 28px 49px 16px"/>

        <Value name="forceFocus" value="false"/>
    </Profile>

    <Profile name="devControlsConfirmClose" extends="devControlsConfirm">
        <Value name="margin" value="30px -52px 49px 64px"/>
    </Profile>

    <Profile name="devControlsConfirmClose2" extends="devControlsConfirm">
        <Value name="margin" value="30px -52px 49px 16px"/>
    </Profile>

    <Profile name="devControlsConfirmField" extends="devControlsConfirm">
        <Value name="margin" value="30px 0px 49px 44px"/>
    </Profile>

    <Profile name="devControlsFieldHeaderText" extends="textDefault">
        <Value name="margin" value="30px 6px 49px 58px"/>
        <Value name="screenAlign" value="bottomLeft"/>
        <Value name="positionOrigin" value="bottomLeft"/>
        <Value name="textSize" value="30px"/>
        <Value name="textBold" value="true"/>
        <Value name="textUpperCase" value="true"/>
        <Value name="textVerticalAlignment" value="middle"/>
        <Value name="textAlignment" value="center"/>
        <Value name="textDisabledColor" value="$preset_colorDisabled"/>
        <Value name="textWrapWidth" value="316px"/>
        <Value name="textMaxNumLines" value="2"/>
    </Profile>

    <Profile name="devControlsEmptySlot" extends="multiTextOptionDevControls1">
    </Profile>

    <Profile name="devControlsGeneralHeaderIcon" extends="baseReference" with="anchorMiddleLeft">
        <Value name="position" value="0px 0px"/>
        <Value name="size" value="64px 64px"/>
        <Value name="imageUVs" value="844px 144px 65px 65px"/>
    </Profile>

    <Profile name="devControlsEnvironmentHeaderIcon" extends="devControlsGeneralHeaderIcon">
        <Value name="imageUVs" value="65px 144px 65px 65px"/>
    </Profile>

    <Profile name="devControlsPlayerHeaderIcon" extends="devControlsGeneralHeaderIcon">
        <Value name="imageUVs" value="454px 209px 65px 65px"/>
    </Profile>

    <Profile name="devControlsFieldHeaderIcon" extends="devControlsGeneralHeaderIcon">
        <Value name="imageUVs" value="432px 96px 48px 48px"/>
    </Profile>

    <Profile name="devControlsVehicleHeaderIcon" extends="devControlsGeneralHeaderIcon">
        <Value name="imageUVs" value="130px 144px 65px 65px"/>
    </Profile>
</GUIProfiles>
