<?xml version="1.0" encoding="utf-8" standalone="no" ?>
<vehicle type="pallet">
<storeData>
	<name>
		<en>Nasiona Owsa</en>
	</name>

	<functions>
		<function>Poprzez te nasiona możesz zasadzić owies na swoim polu.</function>
	</functions>

	<specs>
		<capacity>50</capacity>
		<fillTypes>seeds</fillTypes>
	</specs>

	<price>70</price>
	<brand>AgroFarm</brand>
	<canBeSold>false</canBeSold>
	<category>bigbags</category>
	<image>Zdjecia/Owies.dds</image>
	<allowLeasing>false</allowLeasing>
</storeData>



<base>
	<filename>I3D/Owies/Owies.i3d</filename>
	<size width="1.5" length="1.5"/>
	<input allowed="false"/>
	<canBeReset>false</canBeReset>

	<components>
		<component centerOfMass="0 0 0" solverIterationCount="10" mass="50"/>
	</components>
</base>



<fillUnit>
	<fillUnitConfigurations>
		<fillUnitConfiguration>
			<fillUnits removeVehicleIfEmpty="true">
				<fillUnit unit="$l10n_unit_literShort" fillTypes="seeds" capacity="50" startFillType="seeds" startFillLevel="50">
					<fillRootNode index="0>"/>
				</fillUnit>
			</fillUnits>
		</fillUnitConfiguration>
	</fillUnitConfigurations>
</fillUnit>



<dischargeable requiresTipOcclusionArea="false">
	<dischargeNode node="Node" emptySpeed="100" fillUnitIndex="1" maxDistance="6" canStartDischargeAutomatically="true">
		<raycast useWorldNegYDirection="0.4"/>
		<info width="0.4" length="0.4"/>
		<activationTrigger node="Aktywacja"/>
		
		<effects>
			<effectNode effectClass="PipeEffect" effectNode="Wsyp" materialType="pipe" materialTypeId="1" delay="0" maxBending="1" positionUpdateNodes="Dym"/>
			<effectNode effectNode="Dym" materialType="smoke" materialTypeId="1" delay="0.1" alignToWorldY="true"/>
		</effects>
	</dischargeNode>
</dischargeable>



<i3dMappings>
	<i3dMapping id="Node" node="0>0|0"/>
	<i3dMapping id="Wsyp" node="0>0|1|0"/>
	<i3dMapping id="Dym" node="0>0|1|1"/>
	<i3dMapping id="Marker" node="0>0|2"/>
	<i3dMapping id="Aktywacja" node="0>0|3"/>
</i3dMappings>
</vehicle>