<?xml version="1.0" encoding="utf-8" standalone="no" ?>
<vehicle type="golf">
    <annotation>Copyright (C) GIANTS Software GmbH, All Rights Reserved.</annotation>

    <storeData>
        <name>Volkswagen Golf II</name>
        <specs>
            <power>100</power>
            <maxSpeed>180</maxSpeed>
        </specs>
        <functions>
            <function>$l10n_function_car</function>
        </functions>
        <image>store.dds</image>
        <price>4000</price>
        <lifetime>600</lifetime>
        <rotation>0</rotation>
        <brand>VOLKSWAGEN</brand>
        <category>cars</category>
        <vertexBufferMemoryUsage>1484212</vertexBufferMemoryUsage>
        <indexBufferMemoryUsage>360324</indexBufferMemoryUsage>
        <textureMemoryUsage>14330864</textureMemoryUsage>
        <instanceVertexBufferMemoryUsage>0</instanceVertexBufferMemoryUsage>
        <instanceIndexBufferMemoryUsage>0</instanceIndexBufferMemoryUsage>
		<dailyUpkeep>0</dailyUpkeep>
    </storeData>

    <base>
        <typeDesc>$l10n_typeDesc_car</typeDesc>
        <filename>Golf_GL_83.i3d</filename>
        <size width="2.5" length="5"/>
        <components count="1">
			<component centerOfMass="0 0.299 0.25" solverIterationCount="10" mass="8200" />
			
        </components>
        <schemaOverlay attacherJointPosition="0 0">
            <default name="DEFAULT_VEHICLE"/>
            <selected name="DEFAULT_VEHICLE_SELECTED"/>
        </schemaOverlay>
    </base>

    <baseMaterial>
		
        <material name="Car_paint" baseNode="0>0|0">
            <shaderParameter name="colorMat0" value="1 0.25 0 27"/>
        </material>

        <material name="Jentiaa" baseNode="0>0|9|0|0|0">
            <shaderParameter name="colorMat0" value="0.049 0.049 0.049 13"/>
        </material>
		
    </baseMaterial>
	
    <baseMaterialConfigurations price="1500" useDefaultColors="true" defaultColorIndex="0">
		<baseMaterialConfiguration name="main"                     		  color="0.4 0.4 0.4"   material="27" />
		<baseMaterialConfiguration name="main"                     		  color="1 0.25 0"   material="2" />
		<baseMaterialConfiguration name="main"                     		  color="0.016 0.016 0.016"   material="27" />
		<baseMaterialConfiguration name="main"                     		  color="0.016 0.016 0.016"   material="2" />			
		<baseMaterialConfiguration name="NEWHOLLAND_BLACK1"               color="0.0180 0.0180 0.0180" />	
		<baseMaterialConfiguration name="main"                     		  color="0.035 0.439 0.8"   material="27" />
		<baseMaterialConfiguration name="main"                     		  color="0.035 0.439 0.8"   material="2" />
		<baseMaterialConfiguration name="CASEIH_BEIGE1"                   color="0.5795 0.4535 0.3537" />	
		<baseMaterialConfiguration name="John Deere Grün"                 color="JOHNDEERE_GREEN1"  />
		<baseMaterialConfiguration name="John Deere Gelb"                 color="JOHNDEERE_YELLOW1" />
		<baseMaterialConfiguration name="Schwarz"                         color="SHARED_BLACK2"     />
        <baseMaterialConfiguration name="CASEIH_BEIGE2"                   color="0.1905 0.1420 0.1036" />
        <baseMaterialConfiguration name="CASEIH_BEIGE3"                   color="0.3112 0.3112 0.2120" />
        <baseMaterialConfiguration name="CASEIH_BLUE1"                    color="0.0000 0.1062 0.7893" />
        <baseMaterialConfiguration name="CASEIH_BLUE2"                    color="0.1450 0.2120 0.2388" />
        <baseMaterialConfiguration name="CASEIH_GREEN1"                   color="0.0530 0.3736 0.0960" />
        <baseMaterialConfiguration name="CASEIH_ORANGE1"                  color="1.0000 0.1830 0.0210" />
        <baseMaterialConfiguration name="CASEIH_RED1"                     color="0.5732 0.0050 0.0050" />
        <baseMaterialConfiguration name="NEWHOLLAND_BLUE1"                color="0.0000 0.1166 0.4098" />
        <baseMaterialConfiguration name="NEWHOLLAND_BLUE2"                color="0.3158 0.4259 0.7227" />
        <baseMaterialConfiguration name="NEWHOLLAND_BLUE3"                color="0.1801 0.1975 0.2271" />
        <baseMaterialConfiguration name="NEWHOLLAND_BROWN_1"              color="0.1193 0.0850 0.0428" />
        <baseMaterialConfiguration name="NEWHOLLAND_DARKBLUE1"            color="0.0382 0.0395 0.0931" />
        <baseMaterialConfiguration name="NEWHOLLAND_GREEN1"               color="0.0265 0.1332 0.0415" />
        <baseMaterialConfiguration name="NEWHOLLAND_ORANGE1"              color="0.9157 0.1220 0.0066" />
        <baseMaterialConfiguration name="NEWHOLLAND_RED1"                 color="0.5054 0.0097 0.0000" />
        <baseMaterialConfiguration name="NEWHOLLAND_YELLOW1"              color="0.8913 0.6121 0.0003" />
		<baseMaterialConfiguration name="Graphitgrau"                     color="0.0564 0.0638 0.0738"   material="1" />      
		<baseMaterialConfiguration name="John Deere Grün Matt"            color="JOHNDEERE_GREEN1"       material="1" />
		<baseMaterialConfiguration name="John Deere Gelb Matt"            color="JOHNDEERE_YELLOW1"      material="1" />
		<baseMaterialConfiguration name="Schwarz Matt"                    color="SHARED_BLACK2"          material="1" />
		<baseMaterialConfiguration name="Graphitgrau Matt"                color="0.0564 0.0638 0.0738"   material="1" /> 
        <baseMaterialConfiguration name="CASEIH_BEIGE1_MATT"              color="0.5795 0.4535 0.3537"   material="1" />
        <baseMaterialConfiguration name="CASEIH_BEIGE2_MATT"              color="0.1905 0.1420 0.1036"   material="1" />
        <baseMaterialConfiguration name="CASEIH_BEIGE3_MATT"              color="0.3112 0.3112 0.2120"   material="1" />
        <baseMaterialConfiguration name="CASEIH_BLUE1_MATT"               color="0.0000 0.1062 0.7893"   material="1" />
        <baseMaterialConfiguration name="CASEIH_BLUE2_MATT"               color="0.1450 0.2120 0.2388"   material="1" />
        <baseMaterialConfiguration name="CASEIH_GREEN1_MATT"              color="0.0530 0.3736 0.0960"   material="1" />
        <baseMaterialConfiguration name="CASEIH_ORANGE1_MATT"             color="1.0000 0.1830 0.0210"   material="1" />
        <baseMaterialConfiguration name="CASEIH_RED1_MATT"                color="0.5732 0.0050 0.0050"   material="1" />	
        <baseMaterialConfiguration name="NEWHOLLAND_BLACK1_MATT"          color="0.0180 0.0180 0.0180"   material="1" />
        <baseMaterialConfiguration name="NEWHOLLAND_BLUE1_MATT"           color="0.0000 0.1166 0.4098"   material="1" />
        <baseMaterialConfiguration name="NEWHOLLAND_BLUE2_MATT"           color="0.3158 0.4259 0.7227"   material="1" />
        <baseMaterialConfiguration name="NEWHOLLAND_BLUE3_MATT"           color="0.1801 0.1975 0.2271"   material="1" />
        <baseMaterialConfiguration name="NEWHOLLAND_BROWN_1_MATT"         color="0.1193 0.0850 0.0428"   material="1" />
        <baseMaterialConfiguration name="NEWHOLLAND_DARKBLUE1_MATT"       color="0.0382 0.0395 0.0931"   material="1" />
        <baseMaterialConfiguration name="NEWHOLLAND_GREEN1_MATT"          color="0.0265 0.1332 0.0415"   material="1" />
        <baseMaterialConfiguration name="NEWHOLLAND_ORANGE1_MATT"         color="0.9157 0.1220 0.0066"   material="1" />
        <baseMaterialConfiguration name="NEWHOLLAND_RED1_MATT"            color="0.5054 0.0097 0.0000"   material="1" />
        <baseMaterialConfiguration name="NEWHOLLAND_YELLOW1_MATT"         color="0.8913 0.6121 0.0003"   material="1" />		
		<baseMaterialConfiguration name="John Deere Grün Hochglanz"       color="JOHNDEERE_GREEN1"       material="2" />
		<baseMaterialConfiguration name="John Deere Gelb Hochglanz"       color="JOHNDEERE_YELLOW1"      material="2" />
		<baseMaterialConfiguration name="Schwarz Hochglanz"               color="SHARED_BLACK2"          material="2" />
		<baseMaterialConfiguration name="Graphitgrau Hochglanz"           color="0.0564 0.0638 0.0738"   material="2" />
        <baseMaterialConfiguration name="CASEIH_BEIGE1_HOCHGLANZ"         color="0.5795 0.4535 0.3537"   material="2" />
        <baseMaterialConfiguration name="CASEIH_BEIGE2_HOCHGLANZ"         color="0.1905 0.1420 0.1036"   material="2" />
        <baseMaterialConfiguration name="CASEIH_BEIGE3_HOCHGLANZ"         color="0.3112 0.3112 0.2120"   material="2" />
        <baseMaterialConfiguration name="CASEIH_BLUE1_HOCHGLANZ"          color="0.0000 0.1062 0.7893"   material="2" />
        <baseMaterialConfiguration name="CASEIH_BLUE2_HOCHGLANZ"          color="0.1450 0.2120 0.2388"   material="2" />
        <baseMaterialConfiguration name="CASEIH_GREEN1_HOCHGLANZ"         color="0.0530 0.3736 0.0960"   material="2" />
        <baseMaterialConfiguration name="CASEIH_ORANGE1_HOCHGLANZ"        color="1.0000 0.1830 0.0210"   material="2" />
        <baseMaterialConfiguration name="CASEIH_RED1_HOCHGLANZ"           color="0.5732 0.0050 0.0050"   material="2" />	
        <baseMaterialConfiguration name="NEWHOLLAND_BLACK1_HOCHGLANZ"     color="0.0180 0.0180 0.0180"   material="2" />
        <baseMaterialConfiguration name="NEWHOLLAND_BLUE1_HOCHGLANZ"      color="0.0000 0.1166 0.4098"   material="2" />
        <baseMaterialConfiguration name="NEWHOLLAND_BLUE2_HOCHGLANZ"      color="0.3158 0.4259 0.7227"   material="2" />
        <baseMaterialConfiguration name="NEWHOLLAND_BLUE3_HOCHGLANZ"      color="0.1801 0.1975 0.2271"   material="2" />
        <baseMaterialConfiguration name="NEWHOLLAND_BROWN_1_HOCHGLANZ"    color="0.1193 0.0850 0.0428"   material="2" />
        <baseMaterialConfiguration name="NEWHOLLAND_DARKBLUE1_HOCHGLANZ"  color="0.0382 0.0395 0.0931"   material="2" />
        <baseMaterialConfiguration name="NEWHOLLAND_GREEN1_HOCHGLANZ"     color="0.0265 0.1332 0.0415"   material="2" />
        <baseMaterialConfiguration name="NEWHOLLAND_ORANGE1_HOCHGLANZ"    color="0.9157 0.1220 0.0066"   material="2" />
        <baseMaterialConfiguration name="NEWHOLLAND_RED1_HOCHGLANZ"       color="0.5054 0.0097 0.0000"   material="2" />
        <baseMaterialConfiguration name="NEWHOLLAND_YELLOW1_HOCHGLANZ"    color="0.8913 0.6121 0.0003"   material="2" />		
        <baseMaterialConfiguration name="John Deere Grün Metallic"        color="JOHNDEERE_GREEN1"       material="3" />
		<baseMaterialConfiguration name="John Deere Gelb Metallic"        color="JOHNDEERE_YELLOW1"      material="3" />
		<baseMaterialConfiguration name="Schwarz Metallic"                color="SHARED_BLACK2"          material="3" />
		<baseMaterialConfiguration name="Graphitgrau Metallic"            color="0.0564 0.0638 0.0738"   material="3" />
		<baseMaterialConfiguration name="CASEIH_BEIGE1_METALLIC"          color="0.5795 0.4535 0.3537"   material="3" />
        <baseMaterialConfiguration name="CASEIH_BEIGE2_METALLIC"          color="0.1905 0.1420 0.1036"   material="3" />
        <baseMaterialConfiguration name="CASEIH_BEIGE3_METALLIC"          color="0.3112 0.3112 0.2120"   material="3" />
        <baseMaterialConfiguration name="CASEIH_BLUE1_METALLIC"           color="0.0000 0.1062 0.7893"   material="3" />
        <baseMaterialConfiguration name="CASEIH_BLUE2_METALLIC"           color="0.1450 0.2120 0.2388"   material="3" />
        <baseMaterialConfiguration name="CASEIH_GREEN1_METALLIC"          color="0.0530 0.3736 0.0960"   material="3" />
        <baseMaterialConfiguration name="CASEIH_ORANGE1_METALLIC"         color="1.0000 0.1830 0.0210"   material="3" />
        <baseMaterialConfiguration name="CASEIH_RED1_METALLIC"            color="0.5732 0.0050 0.0050"   material="3" />
		<baseMaterialConfiguration name="NEWHOLLAND_BLACK1_METALLIC"      color="0.0180 0.0180 0.0180"   material="3" />
        <baseMaterialConfiguration name="NEWHOLLAND_BLUE1_METALLIC"       color="0.0000 0.1166 0.4098"   material="3" />
        <baseMaterialConfiguration name="NEWHOLLAND_BLUE2_METALLIC"       color="0.3158 0.4259 0.7227"   material="3" />
        <baseMaterialConfiguration name="NEWHOLLAND_BLUE3_METALLIC"       color="0.1801 0.1975 0.2271"   material="3" />
        <baseMaterialConfiguration name="NEWHOLLAND_BROWN_1_METALLIC"     color="0.1193 0.0850 0.0428"   material="3" />
        <baseMaterialConfiguration name="NEWHOLLAND_DARKBLUE1_METALLIC"   color="0.0382 0.0395 0.0931"   material="3" />
        <baseMaterialConfiguration name="NEWHOLLAND_GREEN1_METALLIC"      color="0.0265 0.1332 0.0415"   material="3" />
        <baseMaterialConfiguration name="NEWHOLLAND_ORANGE1_METALLIC"     color="0.9157 0.1220 0.0066"   material="3" />
        <baseMaterialConfiguration name="NEWHOLLAND_RED1_METALLIC"        color="0.5054 0.0097 0.0000"   material="3" />
        <baseMaterialConfiguration name="NEWHOLLAND_YELLOW1_METALLIC"     color="0.8913 0.6121 0.0003"   material="3" />		
        <material name="Car_paint" 	shaderParameter="colorMat0" /> 		
    </baseMaterialConfigurations>

    <designMaterialConfigurations price="100" useDefaultColors="true" defaultColorIndex="0">
		<designMaterialConfiguration name="crom"                    color="0.675 0.675 0.675"      		material="27" />	
		<designMaterialConfiguration name="crom"                    color="1 1 1"          				material="2" />
		<designMaterialConfiguration name="crom"                    color="1 1 1"          	 			material="4" /> 	
		<designMaterialConfiguration name="crom"                    color="0.675 0.675 0.675"      		material="27" />	
		<designMaterialConfiguration name="crom"                    color="0.5 0 0"          			material="4" />   
		<designMaterialConfiguration name="crom"                    color="1 0.25 0"        			material="4" />	
		<designMaterialConfiguration name="crom"                    color="0.0180 0.0180 0.0180"        material="4" />	
		<designMaterialConfiguration name="crom"                    color="0.3158 0.4259 0.7227"        material="4" />	
		<designMaterialConfiguration name="crom"                    color="0.0265 0.1332 0.0415"        material="4" />
		<designMaterialConfiguration name="crom"                    color="0.0000 0.1166 0.4098"        material="4" />		
		<designMaterialConfiguration name="John Deere Grün"                 color="JOHNDEERE_GREEN1"  />
		<designMaterialConfiguration name="John Deere Gelb"                 color="JOHNDEERE_YELLOW1" />
		<designMaterialConfiguration name="Schwarz"                         color="SHARED_BLACK2"     />
		<designMaterialConfiguration name="CASEIH_BEIGE1"                   color="0.5795 0.4535 0.3537" />
        <designMaterialConfiguration name="CASEIH_BEIGE2"                   color="0.1905 0.1420 0.1036" />
        <designMaterialConfiguration name="CASEIH_BEIGE3"                   color="0.3112 0.3112 0.2120" />
        <designMaterialConfiguration name="CASEIH_BLUE1"                    color="0.0000 0.1062 0.7893" />
        <designMaterialConfiguration name="CASEIH_BLUE2"                    color="0.1450 0.2120 0.2388" />
        <designMaterialConfiguration name="CASEIH_GREEN1"                   color="0.0530 0.3736 0.0960" />
        <designMaterialConfiguration name="CASEIH_ORANGE1"                  color="1.0000 0.1830 0.0210" />
        <designMaterialConfiguration name="CASEIH_RED1"                     color="0.5732 0.0050 0.0050" />
		<designMaterialConfiguration name="NEWHOLLAND_BLACK1"               color="0.0180 0.0180 0.0180" />
        <designMaterialConfiguration name="NEWHOLLAND_BLUE1"                color="0.0000 0.1166 0.4098" />
        <designMaterialConfiguration name="NEWHOLLAND_BLUE2"                color="0.3158 0.4259 0.7227" />
        <designMaterialConfiguration name="NEWHOLLAND_BLUE3"                color="0.1801 0.1975 0.2271" />
        <designMaterialConfiguration name="NEWHOLLAND_BROWN_1"              color="0.1193 0.0850 0.0428" />
        <designMaterialConfiguration name="NEWHOLLAND_DARKBLUE1"            color="0.0382 0.0395 0.0931" />
        <designMaterialConfiguration name="NEWHOLLAND_GREEN1"               color="0.0265 0.1332 0.0415" />
        <designMaterialConfiguration name="NEWHOLLAND_ORANGE1"              color="0.9157 0.1220 0.0066" />
        <designMaterialConfiguration name="NEWHOLLAND_RED1"                 color="0.5054 0.0097 0.0000" />
        <designMaterialConfiguration name="NEWHOLLAND_YELLOW1"              color="0.8913 0.6121 0.0003" />
		<designMaterialConfiguration name="Graphitgrau"                     color="0.0564 0.0638 0.0738"   material="1" />      
		<designMaterialConfiguration name="John Deere Grün Matt"            color="JOHNDEERE_GREEN1"       material="1" />
		<designMaterialConfiguration name="John Deere Gelb Matt"            color="JOHNDEERE_YELLOW1"      material="1" />
		<designMaterialConfiguration name="Schwarz Matt"                    color="SHARED_BLACK2"          material="1" />
		<designMaterialConfiguration name="Graphitgrau Matt"                color="0.0564 0.0638 0.0738"   material="1" /> 
        <designMaterialConfiguration name="CASEIH_BEIGE1_MATT"              color="0.5795 0.4535 0.3537"   material="1" />
        <designMaterialConfiguration name="CASEIH_BEIGE2_MATT"              color="0.1905 0.1420 0.1036"   material="1" />
        <designMaterialConfiguration name="CASEIH_BEIGE3_MATT"              color="0.3112 0.3112 0.2120"   material="1" />
        <designMaterialConfiguration name="CASEIH_BLUE1_MATT"               color="0.0000 0.1062 0.7893"   material="1" />
        <designMaterialConfiguration name="CASEIH_BLUE2_MATT"               color="0.1450 0.2120 0.2388"   material="1" />
        <designMaterialConfiguration name="CASEIH_GREEN1_MATT"              color="0.0530 0.3736 0.0960"   material="1" />
        <designMaterialConfiguration name="CASEIH_ORANGE1_MATT"             color="1.0000 0.1830 0.0210"   material="1" />
        <designMaterialConfiguration name="CASEIH_RED1_MATT"                color="0.5732 0.0050 0.0050"   material="1" />	
        <designMaterialConfiguration name="NEWHOLLAND_BLACK1_MATT"          color="0.0180 0.0180 0.0180"   material="1" />
        <designMaterialConfiguration name="NEWHOLLAND_BLUE1_MATT"           color="0.0000 0.1166 0.4098"   material="1" />
        <designMaterialConfiguration name="NEWHOLLAND_BLUE2_MATT"           color="0.3158 0.4259 0.7227"   material="1" />
        <designMaterialConfiguration name="NEWHOLLAND_BLUE3_MATT"           color="0.1801 0.1975 0.2271"   material="1" />
        <designMaterialConfiguration name="NEWHOLLAND_BROWN_1_MATT"         color="0.1193 0.0850 0.0428"   material="1" />
        <designMaterialConfiguration name="NEWHOLLAND_DARKBLUE1_MATT"       color="0.0382 0.0395 0.0931"   material="1" />
        <designMaterialConfiguration name="NEWHOLLAND_GREEN1_MATT"          color="0.0265 0.1332 0.0415"   material="1" />
        <designMaterialConfiguration name="NEWHOLLAND_ORANGE1_MATT"         color="0.9157 0.1220 0.0066"   material="1" />
        <designMaterialConfiguration name="NEWHOLLAND_RED1_MATT"            color="0.5054 0.0097 0.0000"   material="1" />
        <designMaterialConfiguration name="NEWHOLLAND_YELLOW1_MATT"         color="0.8913 0.6121 0.0003"   material="1" />		
		<designMaterialConfiguration name="John Deere Grün Hochglanz"       color="JOHNDEERE_GREEN1"       material="2" />
		<designMaterialConfiguration name="John Deere Gelb Hochglanz"       color="JOHNDEERE_YELLOW1"      material="2" />
		<designMaterialConfiguration name="Schwarz Hochglanz"               color="SHARED_BLACK2"          material="2" />
		<designMaterialConfiguration name="Graphitgrau Hochglanz"           color="0.0564 0.0638 0.0738"   material="2" />
        <designMaterialConfiguration name="CASEIH_BEIGE1_HOCHGLANZ"         color="0.5795 0.4535 0.3537"   material="2" />
        <designMaterialConfiguration name="CASEIH_BEIGE2_HOCHGLANZ"         color="0.1905 0.1420 0.1036"   material="2" />
        <designMaterialConfiguration name="CASEIH_BEIGE3_HOCHGLANZ"         color="0.3112 0.3112 0.2120"   material="2" />
        <designMaterialConfiguration name="CASEIH_BLUE1_HOCHGLANZ"          color="0.0000 0.1062 0.7893"   material="2" />
        <designMaterialConfiguration name="CASEIH_BLUE2_HOCHGLANZ"          color="0.1450 0.2120 0.2388"   material="2" />
        <designMaterialConfiguration name="CASEIH_GREEN1_HOCHGLANZ"         color="0.0530 0.3736 0.0960"   material="2" />
        <designMaterialConfiguration name="CASEIH_ORANGE1_HOCHGLANZ"        color="1.0000 0.1830 0.0210"   material="2" />
        <designMaterialConfiguration name="CASEIH_RED1_HOCHGLANZ"           color="0.5732 0.0050 0.0050"   material="2" />	
        <designMaterialConfiguration name="NEWHOLLAND_BLACK1_HOCHGLANZ"     color="0.0180 0.0180 0.0180"   material="2" />
        <designMaterialConfiguration name="NEWHOLLAND_BLUE1_HOCHGLANZ"      color="0.0000 0.1166 0.4098"   material="2" />
        <designMaterialConfiguration name="NEWHOLLAND_BLUE2_HOCHGLANZ"      color="0.3158 0.4259 0.7227"   material="2" />
        <designMaterialConfiguration name="NEWHOLLAND_BLUE3_HOCHGLANZ"      color="0.1801 0.1975 0.2271"   material="2" />
        <designMaterialConfiguration name="NEWHOLLAND_BROWN_1_HOCHGLANZ"    color="0.1193 0.0850 0.0428"   material="2" />
        <designMaterialConfiguration name="NEWHOLLAND_DARKBLUE1_HOCHGLANZ"  color="0.0382 0.0395 0.0931"   material="2" />
        <designMaterialConfiguration name="NEWHOLLAND_GREEN1_HOCHGLANZ"     color="0.0265 0.1332 0.0415"   material="2" />
        <designMaterialConfiguration name="NEWHOLLAND_ORANGE1_HOCHGLANZ"    color="0.9157 0.1220 0.0066"   material="2" />
        <designMaterialConfiguration name="NEWHOLLAND_RED1_HOCHGLANZ"       color="0.5054 0.0097 0.0000"   material="2" />
        <designMaterialConfiguration name="NEWHOLLAND_YELLOW1_HOCHGLANZ"    color="0.8913 0.6121 0.0003"   material="2" />		
        <designMaterialConfiguration name="John Deere Grün Metallic"        color="JOHNDEERE_GREEN1"       material="3" />
		<designMaterialConfiguration name="John Deere Gelb Metallic"        color="JOHNDEERE_YELLOW1"      material="3" />
		<designMaterialConfiguration name="Schwarz Metallic"                color="SHARED_BLACK2"          material="3" />
		<designMaterialConfiguration name="Graphitgrau Metallic"            color="0.0564 0.0638 0.0738"   material="3" />
		<designMaterialConfiguration name="CASEIH_BEIGE1_METALLIC"          color="0.5795 0.4535 0.3537"   material="3" />
        <designMaterialConfiguration name="CASEIH_BEIGE2_METALLIC"          color="0.1905 0.1420 0.1036"   material="3" />
        <designMaterialConfiguration name="CASEIH_BEIGE3_METALLIC"          color="0.3112 0.3112 0.2120"   material="3" />
        <designMaterialConfiguration name="CASEIH_BLUE1_METALLIC"           color="0.0000 0.1062 0.7893"   material="3" />
        <designMaterialConfiguration name="CASEIH_BLUE2_METALLIC"           color="0.1450 0.2120 0.2388"   material="3" />
        <designMaterialConfiguration name="CASEIH_GREEN1_METALLIC"          color="0.0530 0.3736 0.0960"   material="3" />
        <designMaterialConfiguration name="CASEIH_ORANGE1_METALLIC"         color="1.0000 0.1830 0.0210"   material="3" />
        <designMaterialConfiguration name="CASEIH_RED1_METALLIC"            color="0.5732 0.0050 0.0050"   material="3" />
		<designMaterialConfiguration name="NEWHOLLAND_BLACK1_METALLIC"      color="0.0180 0.0180 0.0180"   material="3" />
        <material name="Jentiaa" shaderParameter="colorMat0" />		
    </designMaterialConfigurations>
	
	<designConfigurations title="Tablica Rejestracyjna">
		<designConfiguration 
				name="Niezarejestrowany" price="0" icon="$dataS2/menu/hud/configurations/config_edition.png">
		</designConfiguration>
		<designConfiguration 
				name="MTKT 997" price="1000" icon="$dataS2/menu/hud/configurations/config_edition.png">
			   <objectChange node="0>8|0" visibilityActive="true" visibilityInactive="false" />
		</designConfiguration>
		<designConfiguration 
				name="BO MTKT" price="1000" icon="$dataS2/menu/hud/configurations/config_edition.png">
			   <objectChange node="0>8|1" visibilityActive="true" visibilityInactive="false" />
		</designConfiguration>
    </designConfigurations>
	
    <wheels>
        <wheelConfigurations>
            <wheelConfiguration name="$l10n_configuration_valueDefault" price="0">
                <wheels autoRotateBackSpeed="2.5">
                    <wheel hasTireTracks="true" hasParticles="true" >
                        <physics rotSpeed="1" restLoad="3.6" repr="0>0|9|0" driveNode="0>0|9|0|0" radius="0.36" mass="1.2" width="0.27" forcePointRatio="0.42" initialCompression="25" suspTravel="0.24" spring="30" damper="25" frictionScale="2.5" />
                        <tire tireTrackAtlasIndex="1"/>
                    </wheel>
                    <wheel hasTireTracks="true" hasParticles="true" >
                        <physics rotSpeed="1" restLoad="3.6" repr="0>0|9|1" driveNode="0>0|9|1|0" radius="0.36" mass="1.2" width="0.27" forcePointRatio="0.42" initialCompression="25" suspTravel="0.24" spring="30" damper="25" frictionScale="2.5" />
                        <tire tireTrackAtlasIndex="1"/>
                    </wheel>
                    <wheel hasTireTracks="true" hasParticles="true" >
                        <physics rotSpeed="0" restLoad="3.6" repr="0>0|9|2" radius="0.36" mass="1.8" width="0.27" forcePointRatio="0.37" initialCompression="25" suspTravel="0.17" spring="30" damper="25" frictionScale="2.5" />
                        <tire tireTrackAtlasIndex="1"/>
                    </wheel>
                    <wheel hasTireTracks="true" hasParticles="true" >
                        <physics rotSpeed="0" restLoad="3.6" repr="0>0|9|3" radius="0.36" mass="1.8" width="0.27" forcePointRatio="0.37" initialCompression="25" suspTravel="0.17" spring="30" damper="25" frictionScale="2.5"  />
                        <tire tireTrackAtlasIndex="1"/>
                    </wheel>
                </wheels>
            </wheelConfiguration>
        </wheelConfigurations>
		
        <ackermannSteeringConfigurations>
			<ackermannSteering rotSpeed="45" rotMax="45" rotCenterWheel1="3" rotCenterWheel2="4" />
        </ackermannSteeringConfigurations>
    </wheels>

    <attacherJoints comboDuration="2">
        <attacherJointConfigurations>
			
			 <attacherJointConfiguration name="Bez Haka Holowniczego" price="0">
                <attacherJoint node="0>11|1" jointType="trailer" lowerRotLimit="10 70 50" upperRotationOffset="0" allowsJointLimitMovement="false" >
                    <schema position="1 0" rotation="0" invertX="false" />
                    <attachSound template="TRUCK_ATTACH_01" linkNode="0>" />
                </attacherJoint>
                <attacherJoint node="0>11|1" jointType="trailerLow" lowerRotLimit="10 70 50" upperRotationOffset="0" allowsJointLimitMovement="false" >
                    <schema position="1 0" rotation="0" invertX="false" />
                    <attachSound template="TRUCK_ATTACH_03" linkNode="0>" />
                </attacherJoint>
                <objectChange node="0>11" visibilityActive="false"/>
            </attacherJointConfiguration>
			
            <attacherJointConfiguration name="Z Hakiem Holowniczym" price="300">
                <attacherJoint node="0>11|0|0" jointType="trailer" lowerRotLimit="10 70 50" upperRotationOffset="0" allowsJointLimitMovement="false" >
                    <schema position="1 0" rotation="0" invertX="false" />
                    <attachSound template="TRUCK_ATTACH_01" linkNode="0>" />
                </attacherJoint>
                <attacherJoint node="0>11|0|0" jointType="trailerLow" lowerRotLimit="10 70 50" upperRotationOffset="0" allowsJointLimitMovement="false" >
                    <schema position="1 0" rotation="0" invertX="false" />
                    <attachSound template="TRUCK_ATTACH_03" linkNode="0>" />
                </attacherJoint>
                <objectChange node="0>11" visibilityActive="true"/>
            </attacherJointConfiguration>
        </attacherJointConfigurations>
        <sounds>
            <attach template="ATTACH_01" linkNode="0>" />
            <hydraulic template="DEFAULT_HYDRAULIC_SOUND" linkNode="0>" />
        </sounds>
    </attacherJoints>
	
    <lights>
		<states>
			<state lightTypes="0"/>
            <state lightTypes="0 1"/>
		</states>		
        <realLights>
            <low>
				<light node="0>7|0|0" lightTypes="0"/> 
				<light node="0>7|0|1" lightTypes="1"/>
				<light node="0>7|2|0" lightTypes="0 1"/> 
				<light node="0>7|4" lightTypes="0 1"/> 
				
                <brakeLight 	node="0>7|2|0" />
                <turnLightLeft 	node="0>7|3|0" />
                <turnLightRight node="0>7|3|1" />
				<reverseLight 	node="0>7|1|0"/>				
            </low>
			
            <high>
				<light node="0>7|0|2" lightTypes="0"/> 
				<light node="0>7|0|3" lightTypes="1"/>				
				<light node="0>7|2|0" lightTypes="0 1"/> 

				<light node="0>7|4" lightTypes="0 1"/> 
				
                <brakeLight 	node="0>7|2|0" />
                <turnLightLeft 	node="0>7|3|0" />
                <turnLightRight node="0>7|3|1" />
				<reverseLight 	node="0>7|1|0"/>				
            </high>
        </realLights>
		
		<defaultLights>			
			<defaultLight shaderNode="0>0|8|5" 		lightTypes="0 1" intensity="15"/>
			<defaultLight shaderNode="0>0|8|1" 		lightTypes="0" intensity="20"/>
			<defaultLight shaderNode="0>0|8|0" 		lightTypes="1" intensity="35"/>

			<defaultLight shaderNode="0>0|3|2" 		lightTypes="0 1" intensity="8"/>
		</defaultLights>
		
		<turnLights>
			<turnLightLeft shaderNode="0>0|8|11"  intensity="30"/>			
			<turnLightLeft shaderNode="0>0|3|3"  intensity="8"/>
			<turnLightLeft shaderNode="0>0|8|10"  intensity="30"/>
			
			<turnLightRight shaderNode="0>0|8|12"  intensity="30"/>			
			<turnLightRight shaderNode="0>0|3|3|0"  intensity="8"/>
			<turnLightRight shaderNode="0>0|8|9"  intensity="30"/>
			
		</turnLights>
		
        <brakeLights>
			<brakeLight shaderNode="0>0|8|5"  intensity="50"/>
			<brakeLight shaderNode="0>0|8|6"  intensity="50"/>			
		</brakeLights>
		
        <reverseLights>
            <reverseLight shaderNode="0>0|8|7"  intensity="15"/>           
        </reverseLights>		
		<sounds>
            <switchLight template="SWITCH_01"  />
            <turnLight template="SWITCH_TURNLIGHT"  />
        </sounds>
		<dashboards>
        </dashboards>		
    </lights>
	
    <enterable isTabbable="true" >
        <enterReferenceNode node="0>"/>
        <exitPoint node="0>3"/>
        <cameras count="2">
            <camera node="0>1|0|0" rotatable="true" rotateNode="0>1|0" limit="true" useWorldXZRotation="true" rotMinX="-1.4" rotMaxX="1" transMin="3.5" transMax="40" translation="0 0 5.75" rotation="-10 180 0">
                <raycastNode node="0>1|2"/>
                <raycastNode node="0>1|3"/>
				<raycastNode node="0>1|4"/>
            </camera>
            <camera node="0>1|1" rotatable="true" limit="true" rotMinX="-1.1" rotMaxX="0.4" transMin="0" transMax="0" useMirror="true" isInside="true" positionSmoothingParameter="0"  shadowFocusBox="0>1|5"/>			
        </cameras>

        <mirrors>
            <mirror node="0>0|10|0|0" prio="1" />
            <mirror node="0>0|10|1|0" prio="1" />
            <mirror node="0>0|10|2|0" prio="1" />          
        </mirrors>

        <characterNode node="0>2|0" cameraMinDistance="1.5" spineRotation="-90 0 90" >
            <target ikChain="rightFoot" targetNode="0>2|1" />
            <target ikChain="leftFoot"  targetNode="0>2|2" />
            <target ikChain="rightArm"  targetNode="0>10|0|1" poseId="wideFingers"/>
            <target ikChain="leftArm"   targetNode="0>10|0|2" poseId="wideFingers"/>
        </characterNode>
    </enterable>
	
    <drivable>
        <sounds>
            <waterSplash template="WATER_SPLASH_01" />
        </sounds>
        <steeringWheel node="0>10|0" indoorRotation="520" outdoorRotation="65" />

        <dashboards>
            <dashboard displayType="ROT" valueType="accelerationAxis" node="0>0|2|0"  	minRot="0 0 0" maxRot="-10 0 0" doInterpolation="true" groups="MOTOR_ACTIVE"/>
            <dashboard displayType="ROT" valueType="decelerationAxis" node="0>0|2|1" 	minRot="0 0 0" maxRot="-10 0 0" doInterpolation="true" interpolationSpeed="0.0035" groups="MOTOR_ACTIVE NOT_REVERSE_DRIVING"/>		
        </dashboards>
    </drivable>
		
    <fillUnit>
        <fillUnitConfigurations>
            <fillUnitConfiguration name="$l10n_configuration_valueDefault" price="0">
                <fillUnits>
                    <fillUnit unit="$l10n_unit_literShort" showOnHud="false" showInShop="false" fillTypes="diesel" capacity="55" >
						<dashboard displayType="ANIMATION" valueType="fillLevel" animName="fuelDisplay" doInterpolation="true" interpolationSpeed="0.1" groups="MOTOR_ACTIVE"/>
                    </fillUnit>
                    <fillUnit unit="$l10n_unit_literShort" showOnHud="false" showInShop="false" fillTypes="air" capacity="4000">                       
                    </fillUnit>					
                </fillUnits>
            </fillUnitConfiguration>
		</fillUnitConfigurations>			
    </fillUnit>
	
    <motorized>
        <consumerConfigurations>
            <consumerConfiguration>
                <consumer fillUnitIndex="1" usage="80" fillType="diesel" />
                <consumer fillUnitIndex="2" usage="300" fillType="air" permanentConsumption="false" refillLitersPerSecond="350" refillCapacityPercentage="0.5" />			
            </consumerConfiguration>
        </consumerConfigurations>

        <differentialConfigurations>
            <differentialConfiguration>
                <differentials>
                    <differential torqueRatio="0.5" maxSpeedRatio="1.8" wheelIndex1="1" wheelIndex2="2" />
                </differentials>
            </differentialConfiguration>
        </differentialConfigurations>
		
        <motorConfigurations>
            <motorConfiguration name="1.6" hp="80" price="0">
                <motor torqueScale="2.6" minRpm="1000" maxRpm="12000" maxForwardSpeed="120" maxBackwardSpeed="15" brakeForce="13" lowBrakeForceScale="0.20">
                    <torque rpm="1000" torque="0.9"/>
                    <torque rpm="2400" torque="1"/>
                    <torque rpm="3680" torque="1"/>
                    <torque rpm="4860" torque="0.75"/>
                    <torque rpm="6980" torque="0.63"/>
                    <torque rpm="7700" torque="1.4"/>
                    <torque rpm="8700" torque="1.7"/>
                    <torque rpm="9700" torque="1.9"/>
                    <torque rpm="10700" torque="2"/>
                    <torque rpm="12000" torque="0.4"/>
                </motor>
                <transmission minForwardGearRatio="16" maxForwardGearRatio="50" minBackwardGearRatio="40" maxBackwardGearRatio="200" />
            </motorConfiguration>
            <motorConfiguration name="1.8" hp="100" price="5000">
                <motor torqueScale="2.6" minRpm="1000" maxRpm="12000" maxForwardSpeed="140" maxBackwardSpeed="15" brakeForce="13" lowBrakeForceScale="0.20"/>
            </motorConfiguration>
            <motorConfiguration name="2.0" hp="120" price="10000">
                <motor torqueScale="2.6" minRpm="1000" maxRpm="12000" maxForwardSpeed="160" maxBackwardSpeed="15" brakeForce="13" lowBrakeForceScale="0.20"/>
            </motorConfiguration>
            <motorConfiguration name="2.2" hp="160" price="15000">
                <motor torqueScale="2.6" minRpm="1000" maxRpm="12000" maxForwardSpeed="180" maxBackwardSpeed="15" brakeForce="13" lowBrakeForceScale="0.20"/>
            </motorConfiguration>
        </motorConfigurations>

        <exhaustEffects>
            <exhaustEffect node="0>4|0" filename="$data/particleSystems/shared/exhaust.i3d" minRpmColor="0.9 0.9 0.9 0.1" maxRpmColor="0.9 0.9 0.9 0.4" minRpmScale="0.02" maxRpmScale="0.25" />
        </exhaustEffects>
        <dashboards>
            <dashboard displayType="ANIMATION" valueType="rpm"   animName="rpmDisplay"   minValueAnim="10" maxValueAnim="7000" groups="MOTOR_ACTIVE"/>
            <dashboard displayType="ANIMATION" valueType="speed" animName="speedDisplay" minValueAnim="20" maxValueAnim="180"  groups="MOTOR_ACTIVE"/>
			
        </dashboards>

       <sounds externalSoundFile="Sunet/ARO.xml" />
    </motorized>

    <animations>		
        <animation name="Temperature">
        </animation>
	
        <animation name="rpmDisplay">
            <part node="0>0|3|6|0|0" startTime="0" endTime="1" startRot="0 -10 0" endRot="0 -190 0" />		
        </animation>
		
        <animation name="speedDisplay">
            <part node="0>0|3|5|0|0" startTime="0" endTime="1" startRot="0 0 0" endRot="0 -180 0"/>
        </animation>
		
        <animation name="fuelDisplay">
        </animation>
	
	</animations>
		
    <cylindered>
        <movingTools>
			<controlGroups>
            </controlGroups>
		</movingTools>
        <sounds>
            <hydraulic template="PICKUP_TRUNK" linkNode="0>"/>
        </sounds>
    </cylindered>
	
    <suspensions>
        <suspension useCharacterTorso="true" weight="90" minRotation="0 -5 -5" maxRotation="0 5 5" suspensionParametersY="7 1" suspensionParametersZ="7 1" />
    </suspensions>
	
	<dashboard>
        <groups>
            <group name="MOTOR_STARTING" 		isMotorStarting="true"/>
            <group name="MOTOR_ACTIVE"   		isMotorStarting="true" isMotorRunning="true"/>
            <group name="NOT_REVERSE_DRIVING" 	isReverseDriving="false"/>
            <group name="REVERSE_DRIVING"     	isReverseDriving="true"/>
        </groups>		
		<default>			
			<dashboard displayType="EMITTER" node="0>0|3|1" idleValue="0" intensity="8" groups="MOTOR_STARTING" />
        </default>
    </dashboard>	
	
    <ai>
        <collisionTrigger node="0>6" />
    </ai>
    <honk>
        <sound template="HONK_JD8400R" />
    </honk>
	
    <foliageBending>
        <bendingNode minX="-1.15" maxX="1.15" minZ="-2.8" maxZ="2.8" yOffset="0" />
    </foliageBending>
	
    <wearable wearDuration="480" workMultiplier="5" fieldMultiplier="2"/>
    <washable dirtDuration="90" washDuration="1" workMultiplier="3" fieldMultiplier="2"/>	
</vehicle>
