<?xml version="1.0" encoding="utf-8" standalone="no" ?>
<modDesc descVersion="43">
    <author>Denios_, Kapik</author>
    <version>1.0</version>
		<title>
        <en>Volkswagen Golf II</en>
    </title>
	<description>
		<en>.</en>
	</description>
    <iconFilename>store.dds</iconFilename>
	<multiplayer supported="true"/>
	<universalPassenger xmlFile="universalPassenger.xml" />
	
    <extraSourceFiles>
		<sourceFile filename="Scripts/categorizer.lua" />
        <sourceFile filename="Scripts/ChangeModTitle.lua"/>
    </extraSourceFiles>
	
	<storeItems>
        <storeItem rootNode="vehicle" xmlFilename="Golf_GL_1983.xml"/>
    </storeItems>
	
	<brands>
        <brand name="DACIAS" title="SuperNovas" image="Brand.dds"/>
    </brands>
    <specializations>        
		<specialization name="addConfig" className="AddConfig" filename="specializations/AddConfig.lua"/>
    </specializations>
	<vehicleTypes>
		<type name="golf" parent="carFillable" className="Vehicle" filename="$dataS/scripts/vehicles/Vehicle.lua">
		
			<specialization name="addConfig" />
		</type>
    </vehicleTypes>
	
</modDesc>
