<?xml version="1.0" encoding="utf-8" standalone="no" ?>
<universalPassengerVehicles>
    <vehicle xmlFilename="Golf_GL_1983.xml"  modName="FS19_Golf_2">
<!-- 1	 -->
        <passenger exitNodePosition="-1.748 0 0">
            <passengerNode position="-0.41499999 0.70203167 0.0519624" rotation="-9.339 0 0" spineRotation="-90 0 90" customTargets="true">
                <leftFoot 	position="0.119 -0.4214837 0.44151029" 	rotation="0 0 0"/>
                <rightFoot 	position="-0.19599999 -0.4214837 0.44151029" 	rotation="0 0 0"/>
                <!-- <rightArm 	position="-0.083 0.129 0.313" 	rotation="-74.006 123.567 -26.292"/> -->
                <!-- <leftArm 	position="0.365 0.223 0.359" 	rotation="-132.051 -99.592 128.463"/> -->
            </passengerNode>

            <cameras>
                <camera cameraPosition="0 0 11" rotateNodePosition="0 1.144 0" rotateNodeRotation="-24 180 0" rotatable="true" limit="true" useWorldXZRotation="true" rotMinX="-1.4" rotMaxX="1" transMin="4" transMax="40">
                    <raycastNode position="0 1.192 2.936"/>
                    <raycastNode position="0 2.029 -0.587"/>
                </camera>
                <camera cameraPosition="-0.41499999 1.38293993 -0.06438794" cameraRotation="-10 180 0" rotatable="true" limit="true" rotMinX="-1.1" rotMaxX="0.4" transMin="0" transMax="0" useMirror="true" isInside="true"/>
            </cameras>
        </passenger>
<!-- 2 -->
        <passenger exitNodePosition="-1.748 0 0">
            <passengerNode position="-0.359 0.7073406 -0.92064852" rotation="-9.339 0 0" spineRotation="-90 0 90" customTargets="true">
                <leftFoot 	position="0.111 -0.40272811 0.47583666" 	rotation="0 0 0"/>
                <rightFoot 	position="-0.176 -0.39742985 0.47237778" 	rotation="0 0 0"/>
                <!-- <rightArm 	position="-0.083 0.129 0.313" 	rotation="-74.006 123.567 -26.292"/> -->
                <!-- <leftArm 	position="0.365 0.223 0.359" 	rotation="-132.051 -99.592 128.463"/> -->
            </passengerNode>

            <cameras>
                <camera cameraPosition="0 0 11" rotateNodePosition="0 1.144 0" rotateNodeRotation="-24 180 0" rotatable="true" limit="true" useWorldXZRotation="true" rotMinX="-1.4" rotMaxX="1" transMin="4" transMax="40">
                    <raycastNode position="0 1.192 2.936"/>
                    <raycastNode position="0 2.029 -0.587"/>
                </camera>
                <camera cameraPosition="-0.359 1.38300002 -0.92064852" cameraRotation="-10 180 0" rotatable="true" limit="true" rotMinX="-1.1" rotMaxX="0.4" transMin="0" transMax="0" useMirror="true" isInside="true"/>
            </cameras>
        </passenger>
<!-- 3		 -->
        <passenger exitNodePosition="1.748 0 0">
            <passengerNode position="0.359 0.7073406 -0.92064852" rotation="-9.339 0 0" spineRotation="-90 0 90" customTargets="true">
                <leftFoot 	position="0.21600001 -0.4214837 0.44151029" 	rotation="0 0 0"/>
                <rightFoot 	position="-0.12 -0.4214837 0.44151029" 	rotation="0 0 0"/>
                <!-- <rightArm 	position="-0.083 0.129 0.313" 	rotation="-74.006 123.567 -26.292"/> -->
                <!-- <leftArm 	position="0.365 0.223 0.359" 	rotation="-132.051 -99.592 128.463"/> -->
            </passengerNode>

            <cameras>
                <camera cameraPosition="0 0 11" rotateNodePosition="0 1.144 0" rotateNodeRotation="-24 180 0" rotatable="true" limit="true" useWorldXZRotation="true" rotMinX="-1.4" rotMaxX="1" transMin="4" transMax="40">
                    <raycastNode position="0 1.192 2.936"/>
                    <raycastNode position="0 2.029 -0.587"/>
                </camera>
                <camera cameraPosition="0.359 1.38300002 -0.92064852" cameraRotation="-10 180 0" rotatable="true" limit="true" rotMinX="-1.1" rotMaxX="0.4" transMin="0" transMax="0" useMirror="true" isInside="true"/>
            </cameras>
        </passenger>
		
    </vehicle>

</universalPassengerVehicles>
