<?xml version="1.0" encoding="utf-8" standalone="no"?>
<modDesc descVersion="53">
	<author>Deniox_</author>
	<version>1.0</version>

	<title>
		<en>Nasiona</en>
	</title>

	<description>
		<en><![CDATA[

		>> Autor: Deniox_
		>> Wydanie: Nigdy
		>> Mod: Kanister
		>> Wersja: 1.0


		- Nasiona Pszenicy:

		Koszt: 70 PLN
		Pojemność: 50 KG ( Worek )

		- Nasiona Jęczmnia:

		Koszt: 60 PLN
		Pojemność: 50 KG ( Worek )

		- Nasiona Owisu:

		Koszt: 60 PLN
		Pojemność: 50 KG ( Worek )

		- Nasiona Rzepaku:

		Koszt: 125 PLN
		Pojemność: 50 KG ( Worek )

		- Nasiona Soi:

		Koszt: 145 PLN
		Pojemność: 50 KG ( Worek )

		- Nasiona Trawy:

		Koszt: 100 PLN
		Pojemność: 50 KG ( Worek )

		- Nasiona Kukurydzy:

		Koszt: 235 PLN
		Pojemność: 50 KG ( Worek )

		- Nasiona Słoneczniku:

		Koszt: 90 PLN
		Pojemność: 50 KG ( Worek )
		]]></en>
	</description>

	<brands>
        <brand name="AgroFarm" title="AgroFarm" image="Zdjecia/Logo.dds"/>
	</brands>

	<storeItems>
		<storeItem xmlFilename="Xml/Pszenica.xml"/>
		<storeItem xmlFilename="Xml/Jeczmien.xml"/>
		<storeItem xmlFilename="Xml/Owies.xml"/>
		<storeItem xmlFilename="Xml/Rzepak.xml"/>
		<storeItem xmlFilename="Xml/Soja.xml"/>
		<storeItem xmlFilename="Xml/Trawa.xml"/>
		<storeItem xmlFilename="Xml/Kukurydza.xml"/>
		<storeItem xmlFilename="Xml/Slonecznik.xml"/>
	</storeItems>

	<iconFilename>Zdjecia/Ikona.dds</iconFilename>
    <multiplayer supported="true"/>
</modDesc>