<?xml version="1.0" encoding="utf-8" standalone="no" ?>
<handTool>
    <storeData>
        <name>$l10n_shopItem_gardenHose</name>
        <functions>
            <function>$l10n_function_gardenHose</function>
        </functions>
        <image>store_gardenHose.png</image>
        <price>42</price>
        <lifetime>1000</lifetime>
        <rotation>0</rotation>
        <brand>HOPPER</brand>
        <canBeSold>false</canBeSold>
        <showInStore>false</showInStore>
        <category>misc</category>
        <species>handTool</species>
    </storeData>

    <handToolType>highPressureWasherLance</handToolType>
    <filename>firstPerson.i3d</filename>
    
    <handNode>
        <firstPerson node="0|0|0" position="0.35 -0.25 -0.4" rotation="17 20 0" />
        <thirdPerson node="0|0|0" position="-0.2 -0.03 0.0" rotation="0 180 270" />
    </handNode>
    
    <highPressureWasherLance>
        <lance raycastNode="0|0|0|2" washDistance="10" washMultiplier="3" pricePerMinute="1" />
        <effects>
            <effectNode effectNode="0|0|0|0|0" materialType="WASHER" materialTypeId="1" />
            <effectNode effectNode="0|0|0|0|1" effectClass="ParticleEffect" particleType="WASHER_WATER" emitCountScale="7000" />
        </effects>
        <sounds>
            <washing template="PRESSURE_WASHER_WASHING_01" linkNode="0|0|0" />
        </sounds>
    </highPressureWasherLance>
    <targets>
        <target ikChain="leftArm" targetNode="0|0|0|0" targetOffset="0.04 0.066 0">
            <rotationNode id="1" rotation="90 -30 -20" />
            <rotationNode id="2" rotation="0 0 -44" />
            <rotationNode id="3" rotation="0 0 -10" />

            <rotationNode id="4" rotation="0 0 -40" />
            <rotationNode id="5" rotation="0 0 -80" />
            <rotationNode id="6" rotation="0 0 0" />

            <rotationNode id="7" rotation="0 0 -40" />
            <rotationNode id="8" rotation="0 0 -80" />
            <rotationNode id="9" rotation="0 0 0" />

            <rotationNode id="10" rotation="0 0 -40" />
            <rotationNode id="11" rotation="0 0 -80" />
            <rotationNode id="12" rotation="0 0 0" />

            <rotationNode id="13" rotation="0 0 -40" />
            <rotationNode id="14" rotation="0 0 -80" />
            <rotationNode id="15" rotation="0 0 0" />
        </target>
    </targets>
</handTool>
