<?xml version="1.0" encoding="utf-8" standalone="no" ?>
<placeable>
    <storeData>
        <name>$l10n_shopItem_gardenHose</name>
        <functions>
            <function>$l10n_function_gardenHose</function>
        </functions>
        <image>store_gardenHose.png</image>
        <price>42</price>
        <lifetime>1000</lifetime>
        <rotation>0</rotation>
        <brand>HOPPER</brand>
        <species>placeable</species>
        <category>placeableMisc</category>
        <vertexBufferMemoryUsage>101344</vertexBufferMemoryUsage>
        <indexBufferMemoryUsage>17868</indexBufferMemoryUsage>
        <textureMemoryUsage>1616672</textureMemoryUsage>
        <instanceVertexBufferMemoryUsage>0</instanceVertexBufferMemoryUsage>
        <instanceIndexBufferMemoryUsage>0</instanceIndexBufferMemoryUsage>
    </storeData>

    <placeableType>highPressureWasher</placeableType>
    <filename>gardenHose.i3d</filename>
    <placement testSizeX="1" testSizeZ="1" sizeX="1" sizeZ="1" useRandomYRotation="false" useManualYRotation="true" />

    <highPressureWasher>
        <handtool filename="firstPerson.xml" />
        <lance node="0|2|0|0" />
        <sounds>
            <switch template="PRESSURE_WASHER_SWITCH_01" linkNode="0|2|0|0|2" />
        </sounds>
    </highPressureWasher>

    <tipOcclusionUpdateArea sizeX="1" sizeZ="1" />
    <clearAreas>
        <clearArea startNode="0|3|0" widthNode="0|3|0|0" heightNode="0|3|0|1"/>
    </clearAreas>

    <leveling requireLeveling="true" maxSmoothDistance="10" maxSlope="75" maxEdgeAngle="30">
        <levelAreas>
            <levelArea startNode="0|4|0" widthNode="0|4|0|0" heightNode="0|4|0|1" groundType="concrete"/>
        </levelAreas>
    </leveling>
</placeable>
