﻿<?xml version="1.0" encoding="utf-8" standalone="no" ?>
<modDesc descVersion="53">
    <author>grasslandMods</author>
    <version>1.0.0.0</version>
    <title>
        <en>Garden Hose</en>
        <de>Gartenschlauch</de>
	</title>
    <description>
        <en>
            <![CDATA[A high pressure washer is too expensive for you?
You can also clean your vehicles with the garden hose.

Price: 42 $]]>
        </en>
        <de>
            <![CDATA[Ein Hochdruckreiniger ist dir zu teuer?
Mit dem Gartenschlauch kannst du deine Fahrzeuge ebenfalls reinigen.

Preis: 42 €]]>
        </de>
    </description>
    <iconFilename>icon_gardenHose.dds</iconFilename>
    <multiplayer supported="true" />
    
    <storeItems>
        <storeItem xmlFilename="firstPerson.xml"/>
		<storeItem xmlFilename="gardenHose.xml"/>
    </storeItems>

	<brands>
        <brand name="HOPPER" title="Hopper" image="brand_hopper.dds"/>
    </brands>
	
	<l10n>
		<text name="shopItem_gardenHose">
            <en>Garden hose</en>
            <de>Gartenschlauch</de>
        </text>
		<text name="function_gardenHose">
            <en>You can clean your vehicles with the garden hose.</en>
            <de>Mit dem Gartenschlauch kannst du deine Fahrzeuge reinigen.</de>
        </text>
	</l10n>
</modDesc>
