﻿<?xml version="1.0" encoding="utf-8" standalone="no" ?>
<modDesc descVersion="43">
    <author>MrHector</author>
    <version>1.0.0.0</version>
	
	<title>
	    <en>Egg Pallet</en>
        <de>Eierpalette</de>
        <cz>Paleta Na Vejce</cz>
		<fr>Palette D'Oeufs</fr>
    </title>
    
	<description>
        <en>
<![CDATA[This pallet can be used to transport eggs from your chicken pasture. 
Put the pallet into loading area, and eggs will be loaded into this pallet instead of a box.

Price: 1000€
Capacity: 2400 (16 standard egg boxes)

Filling is visual, egg boxes appear one by one inside of the pallet as the fill level goes up.

Pallet is reusable.]]>
		</en>
		<de>
<![CDATA[Mit dieser Palette können Eier von Ihrer Hühnerweide transportiert werden. 
Legen Sie die Palette in die Ladefläche, und statt einer Kiste werden Eier in diese Palette geladen.

Preis: 1000 €
Kapazität: 2400 (16 Standard-Eierkartons)

Die Befüllung erfolgt visuell, Eierschachteln werden nacheinander in der Palette angezeigt, wenn der Füllstand steigt.

Palette ist wiederverwendbar.]]>
		</de>
        <cz>
<![CDATA[Tato paleta může být použita k přepravě vajec z vaší kuřecí pastviny. 
Paletu vložte do nakladací zóny a vejce se naloží do této palety místo krabice.

Cena: 1000 €
Kapacita: 2400 (16 standardních krabic na vejce)

Plnění palety je vizuální, krabice na vejce se objevují jedna po druhé uvnitř palety.

Paleta je opakovaně použitelná.]]>
		</cz>
		<fr>
<![CDATA[Cette palette peut être utilisée pour transporter des œufs de votre pâturage au poulet.
Placez la palette dans la zone de chargement et les œufs seront chargés dans cette palette au lieu d'une boîte.

Prix: 1000 €
Capacité: 2400 (16 boîtes à œufs standard)

Le remplissage est visuel, les boîtes à œufs apparaissent un à un à l'intérieur de la palette lorsque le niveau de remplissage augmente.

La palette est réutilisable.]]>
		</fr>
    </description>
    
	<multiplayer supported="true" /> 
	<iconFilename>icon_eggPallet.png</iconFilename>
	
	<l10n>
	    <text name="shopItem_eggPallet">  
		    <en>Egg Pallet</en>
			<de>Eierpalette</de>
			<cz>Paleta na Vejce</cz>
			<fr>Palette d'oeufs</fr>
		</text>
		<text name="function_eggPallet">  
		    <en>This pallet can be used to transport eggs from your chicken pasture. Put the pallet into loading area, and eggs will be loaded into this pallet instead of a box.</en>
			<de>Mit dieser Palette können Eier von Ihrer Hühnerweide transportiert werden. Legen Sie die Palette in die Ladefläche, und statt einer Kiste werden Eier in diese Palette geladen.</de>
			<cz>Tato paleta může být použita k přepravě vajec z vaší kuřecí pastviny. Paletu vložte do nakladací zóny a vejce se naloží do této palety místo krabice.</cz>
		    <fr>Cette palette peut être utilisée pour transporter des œufs de votre pâturage au poulet. Placez la palette dans la zone de chargement et les œufs seront chargés dans cette palette au lieu d'une boîte.</fr>
		</text>
	</l10n>
	
    <storeItems>
        <storeItem xmlFilename="eggPallet.xml"/>
    </storeItems>
	
</modDesc>
