﻿<?xml version="1.0" encoding="utf-8" standalone="no" ?>
<vehicle type="carFillable">
    <annotation>Copyright (C) GIANTS Software GmbH, All Rights Reserved.</annotation>

    <storeData>
        <name>Taczka</name>
        <specs>
            <power>5</power>
            <maxSpeed>20</maxSpeed>
        </specs>
        <image>Taczka_Zdjecie.png</image>
        <price>150</price>
        <lifetime>600</lifetime>
        <rotation>0</rotation>
        <shopTranslationOffset>0 0.52 0</shopTranslationOffset>
        <brand>LIZARD</brand>
        <category>misc</category>
        <vertexBufferMemoryUsage>101904</vertexBufferMemoryUsage>
        <indexBufferMemoryUsage>25512</indexBufferMemoryUsage>
        <textureMemoryUsage>1573160</textureMemoryUsage>
        <instanceVertexBufferMemoryUsage>0</instanceVertexBufferMemoryUsage>
        <instanceIndexBufferMemoryUsage>0</instanceIndexBufferMemoryUsage>
    </storeData>

    <base>
        <typeDesc>$l10n_typeDesc_car</typeDesc>
        <filename>wheelBarrow.i3d</filename>
        <size width="1" length="2" lengthOffset="0"/>
        <components>
            <component centerOfMass="0 -0.2 0" solverIterationCount="10" mass="10" />
        </components>
        <schemaOverlay attacherJointPosition="0 0">
            <default name="DEFAULT_VEHICLE"/>
            <turnedOn name="DEFAULT_VEHICLE_ON"/>
            <selected name="DEFAULT_VEHICLE_SELECTED"/>
            <turnedOnSelected name="DEFAULT_VEHICLE_SELECTED_ON"/>
        </schemaOverlay>
    </base>

    <wheels>
        <wheelConfigurations>
            <wheelConfiguration>
                <wheels autoRotateBackSpeed="10.0" speedDependentRotateBack="false">
                    <wheel hasParticles="true" hasTireTracks="true">
                        <physics tipOcclusionAreaGroupId="1" rotSpeed="1" restLoad="0.6" repr="0>0|0"  showSteeringAngle="false"  radius="0.23" width="0.27" forcePointRatio="0.5" initialCompression="25" suspTravel="0.09" spring="20" damper="3" frictionScale="2.5" />
                        <tire tireTrackAtlasIndex="4" />
                    </wheel>
                    <wheel hasParticles="false" hasTireTracks="false">
                        <physics tipOcclusionAreaGroupId="1" rotSpeed="1" restLoad="0.6" repr="0>0|1"  showSteeringAngle="false"  radius="0.23" width="0.27" forcePointRatio="0.5" initialCompression="25" suspTravel="0.09" spring="20" damper="3" frictionScale="2.5" />
                        <tire tireTrackAtlasIndex="4" />
                    </wheel>
                    <wheel hasParticles="false" hasTireTracks="false">
                        <physics tipOcclusionAreaGroupId="1" rotSpeed="1" restLoad="0.6" repr="0>0|2"  showSteeringAngle="false"  radius="0.23" width="0.27" forcePointRatio="0.5" initialCompression="25" suspTravel="0.09" spring="20" damper="3" frictionScale="2.5" />
                        <tire tireTrackAtlasIndex="4" />
                    </wheel>
                </wheels>
            </wheelConfiguration>
        </wheelConfigurations>

        <ackermannSteeringConfigurations>
            <ackermannSteering rotSpeed="70" rotMax="60" rotCenter="0 0" />
        </ackermannSteeringConfigurations>

    </wheels>

    <enterable isTabbable="true" >
        <enterReferenceNode node="2" />
        <exitPoint node="2" />

        <cameras>
            <camera node="0>3|0|0" rotatable="true" rotateNode="0>3|0" limit="true" useWorldXZRotation="true" rotMinX="-1.4" rotMaxX="1" transMin="3" transMax="40" translation="0 0 3.5" rotation="-20 180 0" >
                <raycastNode node="0>3|2"/>
                <raycastNode node="0>3|3"/>
                <raycastNode node="0>3|4"/>
            </camera>
            <camera node="0>3|1|0" rotatable="true" limit="true" rotMinX="-1.1" rotMaxX="0.4" transMin="0" transMax="0" useMirror="true" isInside="false" positionSmoothingParameter="0"  shadowFocusBox="0>3|5"/>
        </cameras>

        <enterAnimation name="enterAnimation"/>

    </enterable>

    <motorized>
        <consumerConfigurations>
            <consumerConfiguration>
                <consumer fillUnitIndex="2" usage="0"  fillType="diesel" />  <!-- usage is per hour at max load and max rpm -->
            </consumerConfiguration>
        </consumerConfigurations>

        <motorConfigurations>
            <motorConfiguration hp="5" price="0">
                <motor torqueScale="0.258" minRpm="850" maxRpm="2200" maxForwardSpeed="20" maxBackwardSpeed="5" brakeForce="0.1" lowBrakeForceScale="0.1">
                    <torque normRpm="0.45" torque="0.9"/>
                    <torque normRpm="0.5" torque="0.97"/>
                    <torque normRpm="0.59" torque="1"/>
                    <torque normRpm="0.72" torque="1"/>
                    <torque normRpm="0.86" torque="0.88"/>
                    <torque normRpm="1" torque="0.72"/>
                </motor>
                <transmission minForwardGearRatio="45.3" maxForwardGearRatio="250" minBackwardGearRatio="55" maxBackwardGearRatio="250" />
            </motorConfiguration>
        </motorConfigurations>

        <motorStartDuration>20</motorStartDuration>

        <differentialConfigurations>
            <differentialConfiguration>
                <differentials>
                    <differential torqueRatio="0.5" maxSpeedRatio="3.6" wheelIndex1="2" wheelIndex2="3" /> <!-- back left-right -->
                </differentials>
            </differentialConfiguration>
        </differentialConfigurations>

    </motorized>

    <fillUnit>
        <fillUnitConfigurations>
            <fillUnitConfiguration>
                <fillUnits>
                    <fillUnit unit="$l10n_unit_literShort" fillTypeCategories="bulk" capacity="120" fillAnimation="unloadAnim" fillAnimationLoadTime="0">
                        <exactFillRootNode node="0>1|0|2"/>
                    </fillUnit>
                    <fillUnit unit="$l10n_unit_literShort" showOnHud="false" showInShop="false" fillTypes="diesel" capacity="1" />
                </fillUnits>
            </fillUnitConfiguration>
        </fillUnitConfigurations>
    </fillUnit>

    <fillVolume>
        <fillVolumeConfigurations>
            <fillVolumeConfiguration>
                <volumes>
                    <volume node="0>1|0|4" maxDelta="0.2" fillUnitIndex="1" />
                </volumes>
            </fillVolumeConfiguration>
        </fillVolumeConfigurations>

        <unloadInfos>
            <unloadInfo>
                <node node="0>1|0|5" width="0.4" length="0.4" />
            </unloadInfo>
        </unloadInfos>
    </fillVolume>

    <trailer>
        <trailerConfigurations>
            <trailerConfiguration>
                <trailer>
                    <tipSide name="$l10n_info_tipSideBack" dischargeNodeIndex="1">
                        <animation name="unloadAnim" speedScale="1.0" />
                    </tipSide>
                </trailer>
            </trailerConfiguration>
        </trailerConfigurations>
    </trailer>

    <dischargeable>
        <dischargeNode node="0>1|0|3" emptySpeed="100" fillUnitIndex="1" unloadInfoIndex="1" >
            <info width="1.0" length="0.5" />
            <effects>
                <effectNode effectNode="0>1|0|6|0" materialType="unloading" materialTypeId="1" fadeTime="0.5" />
                <effectNode effectNode="0>4|0" materialType="smoke"     materialTypeId="1" fadeTime="0.5" />
            </effects>
        </dischargeNode>
    </dischargeable>

    <drivable>
        <sounds>
            <waterSplash template="WATER_SPLASH_01" linkNode="0>" />
        </sounds>
    </drivable>

    <animations>
        <animation name="enterAnimation">
            <part node="1"       startTime="0"    endTime="0.8" endRot="5.5 0 0" startRot="-7 0 0" />
        </animation>
        <animation name="unloadAnim">
            <part node="1|0"       startTime="0"    endTime="0.8" endRot="65 0 0" startRot="0 0 0" />
            <part node="1|0|6|0"       startTime="0"    endTime="0.8" endRot="-80 0 0" startRot="-35 0 0" />
        </animation>
    </animations>

    <foliageBending>
       <bendingNode minX="-0.85" maxX="0.85" minZ="-1.45" maxZ="1.5" yOffset="0.22" />
    </foliageBending>

    <baseMaterial>
        <material name="wheelBarrow_mat" baseNode="0>1|0|0|0">
            <shaderParameter name="colorMat0" value="SHARED_GREY2"/>
        </material>
    </baseMaterial>

    <baseMaterialConfigurations price="5" useDefaultColors="true" defaultColorIndex="3">
        <material name="wheelBarrow_mat" shaderParameter="colorMat0" />
    </baseMaterialConfigurations>

    <wearable wearDuration="480" workMultiplier="5" fieldMultiplier="2"/>
    <washable dirtDuration="90" washDuration="1" workMultiplier="3" fieldMultiplier="2"/>
</vehicle>
