﻿<?xml version="1.0" encoding="utf-8" standalone="no" ?>
<modDesc descVersion="46">
    <author>Patar</author>
	<version>1.0.0.0</version>
	<title>
        <en>Slower Refueling</en>
        <de>Verlangsamtes Nachtanken</de>
		<fr>Faire Le Plein Moins Rapidement</fr> 
    </title>
    <description>
        <en><![CDATA[This mod slows down refueling on every gasstation on the map to 90 liters per minute.]]></en>
        <de><![CDATA[Dieser Mod verlangsamt die Nachtankgeschwindigkeit für alle Tankstellen auf der Map auf 90 Liter pro Minute.]]></de>
		<fr><![CDATA[Ce mod ralentit le temps de ravitaillement sur toutes les stations de carburant de la carte à 90 litres par minute.]]></fr> 
    </description>
    <iconFilename>store.dds</iconFilename>
	<multiplayer supported="true" />
    <extraSourceFiles>
        <sourceFile filename="slowerRefueling.lua" />
    </extraSourceFiles>
</modDesc>