﻿<?xml version="1.0" encoding="utf-8" standalone="no" ?>
<vehicle type="lyzka">
    <annotation>Copyright (C) GIANTS Software GmbH, All Rights Reserved.</annotation>

    <storeData>
        <name>Bucket weight</name>
         <functions>
            <function>$l10n_function_transport</function>
        </functions>
        <rotation>0</rotation>
        <image>store.png</image>
        <price>400</price>
        <lifetime>600</lifetime>
        <brand>LIZARD</brand>
        <category>weights</category>
		<shopTranslationOffset>0 0 0</shopTranslationOffset>
        <shopRotationOffset>0 0 0</shopRotationOffset>
        <vertexBufferMemoryUsage>87352</vertexBufferMemoryUsage>
        <indexBufferMemoryUsage>16812</indexBufferMemoryUsage>
        <textureMemoryUsage>1398384</textureMemoryUsage>
        <instanceVertexBufferMemoryUsage>0</instanceVertexBufferMemoryUsage>
        <instanceIndexBufferMemoryUsage>0</instanceIndexBufferMemoryUsage>
    </storeData>

    <base>
        <typeDesc>$l10n_typeDesc_weight</typeDesc>
        <filename>lyzka.i3d</filename>
        <size width="2.5" length="2" />
        <components>
            <component centerOfMass="0 0.02 -0.3" solverIterationCount="10" mass="200" />
        </components>
        <schemaOverlay attacherJointPosition="0 0">
            <default name="DEFAULT_IMPLEMENT"/>
            <selected name="DEFAULT_IMPLEMENT_SELECTED"/>
        </schemaOverlay>
    </base>

    <attachable>
        <inputAttacherJoints>
            <inputAttacherJoint node="0>0|1|0" jointType="implement" topReferenceNode="0>0|1|1" isControllable="true" lowerRotLimitScale="0 0 0" upperRotLimitScale="0 0 0" lowerTransLimitScale="0 0 0" upperTransLimitScale="0 0 0" upperRotationOffset="1">
                <distanceToGround lower="0.15" upper="1" />
            </inputAttacherJoint>
        </inputAttacherJoints>
    </attachable>
	
	<attacherJointControl maxTiltAngle="25">
        <control controlFunction="controlAttacherJointHeight" controlAxis="AXIS_HYDRAULICATTACHER1" invertControlAxis="true" mouseSpeedFactor="0.3" iconName="IMPLEMENT_ATTACHER_TRANS" />
        <control controlFunction="controlAttacherJointTilt"   controlAxis="AXIS_HYDRAULICATTACHER2" invertControlAxis="true" mouseSpeedFactor="0.3" iconName="IMPLEMENT_ATTACHER_ROTX" />

        <sounds>
            <hydraulic template="DEFAULT_HYDRAULIC_SOUND" linkNode="0>0|1|0" />
        </sounds>
    </attacherJointControl>
	
	<fillUnit>
        <fillUnitConfigurations>
            <!-- ladujaca -->
            <fillUnitConfiguration name="$l10n_configuration_capacityX" price="0" params="750" > 
                <fillUnits>
                    <fillUnit unit="$l10n_unit_literShort" fillTypeCategories="bulk" capacity="750" >
                        <exactFillRootNode node="0>0|3|0" />
						<autoAimTargetNode node="0>0|3" startZ="0.9" endZ="-2.8" invert="false" fillUnitIndex="1" startPercentage="25"/>
                    </fillUnit>
                </fillUnits>
			</fillUnitConfiguration>
            
			<!-- nieladujaca -->
            <fillUnitConfiguration name="Standard" price="0" >
                <fillUnits>
                    <fillUnit unit="$l10n_unit_literShort" fillTypeCategories="bulk" capacity="0" />
                </fillUnits>
			</fillUnitConfiguration>
		</fillUnitConfigurations>
	</fillUnit>
	
	<fillVolume>
        <fillVolumeConfigurations>
            <fillVolumeConfiguration>
                <volumes>
                    <volume node="0>0|4|0" maxDelta="0.23" maxAllowedHeapAngle="18" fillUnitIndex="1"  />
                </volumes>
            </fillVolumeConfiguration>
			
				<!-- nieladujaca -->
			<fillVolumeConfiguration> 
			</fillVolumeConfiguration> 
		</fillVolumeConfigurations>

        <loadInfos>
            <loadInfo>
                <node node="0>0|4|1" width="0.3" length="0.1" />
            </loadInfo>
        </loadInfos>

        <unloadInfos>
            <unloadInfo>
                <node node="0>0|4|2" width="0.3" length="0.1" />
            </unloadInfo>
        </unloadInfos>
    </fillVolume>

    <dischargeable requiresTipOcclusionArea="false">
        <dischargeNode node="0>0|5" fillUnitIndex="1" emptySpeed="1400" >
            <info width="2.0" length="1" zOffset="0.5"/>
            <effects>
                <effectNode effectClass="TipEffect">
                    <effectNode effectNode="0>0|6" effectClass="ParticleEffect" lifespan="0.2"/>
                    <effectNode effectNode="0>0|7|0" materialType="unloading" materialTypeId="1" fadeTime="0.5" alignXAxisToWorldY="true" />
                </effectNode>
                <effectNode effectNode="0>0|7|1" materialType="smoke" materialTypeId="1" fadeTime="0.5" />
            </effects>
        </dischargeNode>
    </dischargeable>

    <trailer>
        <trailerConfigurations>
            <trailerConfiguration>
                <trailer>
                    <tipSide name="$l10n_info_tipSideBack" dischargeNodeIndex="1" unloadInfoIndex="1">
						<animation name="tipAnimationBack" speedScale="1.0" startTipTime="0.1"/>
					</tipSide>
                </trailer>
            </trailerConfiguration>
			<trailerConfiguration>
			</trailerConfiguration>
        </trailerConfigurations>
    </trailer>

	<animations>
        <animation name="tipAnimationBack">
        </animation>
    </animations>

    <foliageBending>
        <bendingNode minX="-1.2" maxX="1.2" minZ="-0.5" maxZ="0.55" yOffset="0.02" />
    </foliageBending>
	
	<configurationSets>
        <!-- Wersja ladujaca -->
        <configurationSet name="$l10n_configuration_capacityX" params="750" isDefault="true">
            <configuration name="fillVolume"   index="1" />
            <configuration name="fillUnit"     index="1" />
			<configuration name="trailer"      index="1" />
        </configurationSet>

        <!-- nieladujaca -->
        <configurationSet name="$l10n_standard" >
            <configuration name="fillVolume"   index="2" />
            <configuration name="fillUnit"     index="2" />
			<configuration name="trailer"      index="2" />
        </configurationSet>
    </configurationSets>
	
	
	<baseMaterial>
        <material name="lyzka" baseNode="0>0">
            <shaderParameter name="colorMat0" value="0.1 0.1 0.1 16"/>
        </material>
    </baseMaterial>

    <baseMaterialConfigurations price="150" useDefaultColors="false" defaultColorIndex="0">
		<!--GRAY-->
        <baseMaterialConfiguration name="$l10n_Gray"  price="200" color="0.1 0.1 0.1 1"/>
		<!--GRAY-->
		
		<!--BLACK-->
        <baseMaterialConfiguration name="$l10n_Black"  price="200" color="0.05 0.05 0.05 1"/>
		<!--BLACK-->
		
		<!--RED-->
        <baseMaterialConfiguration name="$l10n_Red"  price="200" color="0.7 0.01 0.01 1"/>
		<!--RED-->
		
		<!--Yellow-->
        <baseMaterialConfiguration name="$l10n_Yellow"  price="200" color="0.75 0.36 0.01 1"/> 
		<!--Yellow-->
		
		<!--GREEN-->
        <baseMaterialConfiguration name="$l10n_Green"  price="200" color="0.01 0.44 0.01 1"/> 
		<!--GREEN-->

		<!--BLUE-->
        <baseMaterialConfiguration name="$l10n_Blue"  price="200" color="0.04 0.22 0.57 1"/> 
		<!--BLUE-->
		<material name="lyzka" shaderParameter="colorMat0" />
    </baseMaterialConfigurations>

    <wearable wearDuration="480" workMultiplier="5" fieldMultiplier="2"/>
    <washable dirtDuration="90" washDuration="1" workMultiplier="2" fieldMultiplier="2"/>

    <i3dMappings>
		<i3dMapping id="attacherJoint" node="0>0|1|0" />
        <i3dMapping id="topReferenceNode" node="0>0|1|1" />
        <i3dMapping id="lyzka_vis" node="0>0" /> 
		<i3dMapping id="zaczep_vis" node="0>0|0" />
    </i3dMappings>
	
</vehicle>
