﻿<?xml version="1.0" encoding="utf-8" standalone="no" ?>
<modDesc descVersion="53">
    <author>Michal6920</author>
    <version>1.0.0.0</version>
    <title>
        <en>Small Tools Pack</en>
        <de>Kleines Werkzeugpaket</de>
		<fr>Pack Petits Outils</fr>
		<pl>Mała Paczka Narzędzi</pl>
	</title>
    <description>
        <en>
            <![CDATA[

A small package of tools with:
Bucket and bale fork for the tractor.

Bucket has:
Configuration for weight or trailer functions.
Color change configuration.
Price: $ 950.
The tool can be used as a weight or materials can be transported in it.

The bale fork has:
Color change configuration.
Price: $ 750.
The forks can transport bales of straw, hay or haylage.
The forks are designed for the Ursus C360 tractor.
]]>
        </en>
		<pl>
            <![CDATA[
Mały pakiet narzędzi zawierający:
Łyżka i widły do ​​bel do ciągnika.

Łyżka posiada:
Konfiguracja funkcji wagi lub przyczepy
Konfiguracja zmiany koloru
Cena: 950$
Narzędzie może służyć jako obciążnik lub transportować w nim materiały.

Widły do ​​bel mają:
Konfiguracje zmiany koloru.
Cena: 750$.
Widłami można transportować bele słomy, siana lub sianokiszonki.
Widły przeznaczone są do ciągnika Ursus C360
]]>
        </pl>
		
<de><![CDATA[Ein kleines Werkzeugpaket mit:
Schaufel und Ballengabel für den Traktor.
Die Schaufel hat:
Konfiguration für Gewichts- oder Anhängerfunktionen.
Farbwechselkonfiguration.
Preis: 950 €
Das Werkzeug kann als Gewicht verwendet werden oder Materialien können darin transportiert werden.

Die Ballengabel hat:
Farbwechselkonfiguration.
Preis: 750 €
Die Gabeln können Strohballen, Heu oder Heulagen transportieren.
Die Gabeln sind für den Traktor Ursus C360 ausgelegt.
]]></de>

		
		
		<fr>
            <![CDATA[

Un petit paquet d'outils avec:
Godet et fourche à balles pour le tracteur.
Le seau a:
Configuration des fonctions de poids ou de remorque
Configuration du changement de couleur
Prix: 950 $
L'outil peut être utilisé comme poids ou des matériaux peuvent y être transportés

La fourche à balles a:
Configuration du changement de couleur.
Prix: 750 $.
Les fourches peuvent transporter des balles de paille, de foin ou d'ensilage.
Les fourches sont conçues pour le tracteur Ursus C360
]]>
        </fr>

    </description>
    <iconFilename>icon.dds</iconFilename>
    <multiplayer supported="true" />

    <storeItems>
        <storeItem xmlFilename="lyzka.xml"/>
        <storeItem xmlFilename="widly.xml"/>
    </storeItems>
	
	<l10n>
		<text name="standard">
            <de>Gewicht</de>
            <en>Weight</en>   
			<pl>Obciążnik</pl> 
			<fr>Poids</fr>   			
        </text>
		<text name="function_transport">
            <en>Transport bucket</en>
            <de>Transportschaufel</de>
            <pl>Łyżka do transportu</pl>
			<fr>Godet de transport</fr>   
        </text>
			<text name="Basic">
		    <en>Basic</en>
			<de>Standard</de>
            <pl>Podstawowy</pl>	
		</text>
			<text name="Red">
				<en>Red</en>
			<de>Gelb</de>
          <pl>Czerwony</pl>
		</text>
			<text name="Yellow">
				<en>Yellow</en>
			<de>Rot</de>
          <pl>Żółty</pl>
		</text>
			<text name="Gray">
		    <en>Gray</en>
			<de>Grau</de>
            <pl>Siwy</pl>	
		</text>
		<text name="Black">
		    <en>Black</en>
			<de>Schwarz</de>
            <pl>Czarny</pl>	
		</text>		
		<text name="Green">
		    <en>Green</en>
			<de>Grün</de>
            <pl>Zielony</pl>	
		</text>	
		<text name="Blue"> 
		    <en>Blue</en>
			<de>Blau</de>
            <pl>Niebieski</pl>	
		</text>
    </l10n>
	
	  <vehicleTypes>
        <type name="lyzka" className="Vehicle" parent="trailer" filename="$dataS/scripts/vehicles/Vehicle.lua">
            <specialization name="attacherJointControl" />
        </type>
        <type name="widly" className="Vehicle" parent="implementDynamicMountAttacher" filename="$dataS/scripts/vehicles/Vehicle.lua">
            <specialization name="attacherJointControl" />
        </type>
    </vehicleTypes>
	
  

</modDesc>

