﻿<?xml version="1.0" encoding="utf-8" standalone="no" ?>
<vehicle type="widly">
    <annotation>Copyright (C) GIANTS Software GmbH, All Rights Reserved.</annotation>

    <storeData>
        <name>Bale Fork</name>
        <image>store2.dds</image>
        <price>750</price>
        <lifetime>550</lifetime>
        <rotation>0</rotation>
        <brand>LIZARD</brand>
        <category>baling</category>
        <vertexBufferMemoryUsage>83136</vertexBufferMemoryUsage>
        <indexBufferMemoryUsage>9300</indexBufferMemoryUsage>
        <textureMemoryUsage>1398320</textureMemoryUsage>
        <instanceVertexBufferMemoryUsage>0</instanceVertexBufferMemoryUsage>
        <instanceIndexBufferMemoryUsage>0</instanceIndexBufferMemoryUsage>
    </storeData>

    <base>
        <typeDesc>$l10n_typeDesc_frontloaderTool</typeDesc>
        <filename>widly.i3d</filename>
        <size width="2" length="1.5"/>
        <supportsPickUp>false</supportsPickUp>
        <components>
            <component centerOfMass="0 0 0" solverIterationCount="10" mass="150" />
        </components>
        <schemaOverlay attacherJointPosition="0 0">
            <default name="DEFAULT_IMPLEMENT"/>
            <selected name="DEFAULT_IMPLEMENT_SELECTED"/>
        </schemaOverlay>
    </base>

    <attachable>
        <inputAttacherJoints>
            <inputAttacherJoint node="0>1" topReferenceNode="0>2" jointType="implement" isControllable="true" lowerRotLimitScale="0 0 0" upperRotLimitScale="0 0 0" lowerTransLimitScale="0 0 0" upperTransLimitScale="0 0 0" upperRotationOffset="1" >
                <distanceToGround lower="0.3" upper="1" />
            </inputAttacherJoint>
        </inputAttacherJoints>
		<support animationName="moveSupport" />	
    </attachable>

    <attacherJointControl maxTiltAngle="25">
        <control controlFunction="controlAttacherJointHeight" controlAxis="AXIS_HYDRAULICATTACHER1" invertControlAxis="true" mouseSpeedFactor="0.3" iconName="IMPLEMENT_ATTACHER_TRANS" />
        <control controlFunction="controlAttacherJointTilt"   controlAxis="AXIS_HYDRAULICATTACHER2" invertControlAxis="true" mouseSpeedFactor="0.3" iconName="IMPLEMENT_ATTACHER_ROTX" />

        <sounds>
            <hydraulic template="DEFAULT_HYDRAULIC_SOUND" linkNode="0>" />
        </sounds>
    </attacherJointControl>

    <dynamicMountAttacher node="0>">
        <mountCollisionMask node="0>3" collisionMask="134225920" />
        <mountCollisionMask node="0>4" collisionMask="134225920" />
    </dynamicMountAttacher>
	
	<baseMaterial>
        <material name="widly" baseNode="0>0">
            <shaderParameter name="colorMat0" value="0.2 0.2 0.2 16"/>
			<shaderParameter name="colorMat1" value="0.2 0.2 0.2 16"/>
        </material>
    </baseMaterial>
	
    <baseMaterialConfigurations price="150" useDefaultColors="false" defaultColorIndex="0">
		<!--BASIC-->
        <baseMaterialConfiguration name="$l10n_Basic"  color="0.2 0.2 0.2"/>
        <baseMaterialConfiguration name="$l10n_Basic"  color="0.1 0.1 0.1"/>
		<!--BASIC-->	

		<!--RED-->
        <baseMaterialConfiguration name="$l10n_Red"  color="0.64 0.05 0.03"/>
        <baseMaterialConfiguration name="$l10n_Red"  color="0.6 0.01 0.01"/>
        <baseMaterialConfiguration name="$l10n_Red"  color="0.25 0.01 0.01"/>
		<!--RED-->
		
		<!--Yellow-->
        <baseMaterialConfiguration name="$l10n_Yellow"  color="1 0.54 0.05"/>
        <baseMaterialConfiguration name="$l10n_Yellow"  color="0.7 0.7 0.01"/>
		<!--Yellow-->

		<!--BLACK-->
        <baseMaterialConfiguration name="$l10n_Black"  color="0.01 0.01 0.01"/>
        <baseMaterialConfiguration name="$l10n_Black"  color="0 0 0 16"/>
		<!--BLACK-->

		<!--GREEN-->
        <baseMaterialConfiguration name="$l10n_Green"  color="0.01 0.2 0.04"/>
        <baseMaterialConfiguration name="$l10n_Green"  color="0.01 0.3 0.01"/>
        <baseMaterialConfiguration name="$l10n_Green"  color="0.01 0.4 0.03"/>	
		<!--GREEN-->

		<!--BLUE-->
        <baseMaterialConfiguration name="$l10n_Blue"  color="0.05 0.36 0.9"/>
        <baseMaterialConfiguration name="$l10n_Blue"  color="0.03 0.25 0.6"/>
		<!--BLUE-->
		
        <material name="widly" shaderParameter="colorMat0"/>
    </baseMaterialConfigurations>
	
	<designMaterialConfigurations price="150" useDefaultColors="false" defaultColorIndex="0">
		<!--BASIC-->
        <designMaterialConfiguration name="$l10n_Basic"  color="0.2 0.2 0.2 16"/>
        <designMaterialConfiguration name="$l10n_Basic"  color="0.1 0.1 0.1 16"/>
		<!--BASIC-->	
		
		<!--RED-->
        <designMaterialConfiguration name="$l10n_Red"    color="0.64 0.05 0.03"/>
        <designMaterialConfiguration name="$l10n_Red"    color="0.6 0.01 0.01"/>
        <designMaterialConfiguration name="$l10n_Red"    color="0.25 0.01 0.01"/>
		<!--RED-->
		
		<!--Yellow-->
        <designMaterialConfiguration name="$l10n_Yellow"   color="1 0.54 0.05"/>
        <designMaterialConfiguration name="$l10n_Yellow"   color="0.7 0.7 0.01"/>
		<!--Yellow-->

		<!--BLACK-->
        <designMaterialConfiguration name="$l10n_Black"  color="0.01 0.01 0.01"/>
        <designMaterialConfiguration name="$l10n_Black"  color="0 0 0 16"/>
		<!--BLACK-->

		<!--GREEN-->
        <designMaterialConfiguration name="$l10n_Green"  color="0.01 0.2 0.04"/>
        <designMaterialConfiguration name="$l10n_Green"  color="0.01 0.3 0.01"/>
        <designMaterialConfiguration name="$l10n_Green"  color="0.01 0.4 0.03"/>
		<!--GREEN-->

		<!--BLUE-->
        <designMaterialConfiguration name="$l10n_Blue"   color="0.05 0.36 0.9"/>
        <designMaterialConfiguration name="$l10n_Blue"   color="0.03 0.25 0.6"/>
		<!--BLUE-->

		<material name="widly" shaderParameter="colorMat1" />
	</designMaterialConfigurations>	

    <wearable wearDuration="480" workMultiplier="5" fieldMultiplier="2"/>
    <washable dirtDuration="90" washDuration="1" workMultiplier="2" fieldMultiplier="2"/>
</vehicle>
