<?xml version="1.0" encoding="utf-8" standalone="no" ?>

<!--
     Air Compressor Sound XML by PeterAH [FBM]
     Date: February 2021
     Parts of this XML will be overwritten by the "compressorSound.lua".
-->

<sounds>

    <airCompressorStartNew template="BRAKE_COMPRESSOR_START" innerRadius="12.0" outerRadius="100.0" >
        <volume indoor="0.375" outdoor="0.50" />
        <lowpassGain indoor="0.65" outdoor="1.0" />
    </airCompressorStartNew>

    <airCompressorRunNew template="BRAKE_COMPRESSOR_RUN" innerRadius="12.0" outerRadius="100.0" fadeIn="0.15" fadeOut="0.15" >
        <volume indoor="0.23" outdoor="0.28" >
            <modifier type="MOTOR_RPM" value="0.00" modifiedValue="1.00" />
            <modifier type="MOTOR_RPM" value="0.78" modifiedValue="0.63" />
            <modifier type="SPEED" value="22.0" modifiedValue="1.00" />
            <modifier type="SPEED" value="43.0" modifiedValue="0.90" />
        </volume>
        <pitch indoor="1.00" outdoor="1.00" >
            <modifier type="MOTOR_RPM" value="0.00" modifiedValue="0.92" />
            <modifier type="MOTOR_RPM" value="0.78" modifiedValue="1.10" />
        </pitch>
        <lowpassGain indoor="0.75" outdoor="1.0" />
    </airCompressorRunNew>

    <airCompressorStopNew file="sounds/pressure_regulator.ogg" innerRadius="12.0" outerRadius="100.0" >
        <volume indoor="0.53" outdoor="0.70" />
        <pitch indoor="1.0" outdoor="1.0" />
        <lowpassGain indoor="0.65" outdoor="1.0" />
    </airCompressorStopNew>

    <airConnectHose file="sounds/connect_air_hose.ogg" linkNode="0>" innerRadius="5.0" outerRadius="80.0" >
        <volume indoor="0.4" outdoor="0.9" />
        <pitch indoor="1.0" outdoor="1.0" />
        <lowpassGain indoor="0.5" outdoor="1.0" />
    </airConnectHose>

    <airDisconnectHose file="sounds/disconnect_air_hose.ogg" linkNode="0>" innerRadius="5.0" outerRadius="80.0" >
        <volume indoor="0.28" outdoor="0.64" />
        <pitch indoor="1.0" outdoor="1.0" />
        <lowpassGain indoor="0.5" outdoor="1.0" />
    </airDisconnectHose>

</sounds>
