<?xml version="1.0" encoding="utf-8" standalone="no" ?>
<modDesc descVersion="42">
    <author>Wopster</author>
    <version>1.0.0.0</version>

    <title>
        <en>Cultivator Field Creator</en>
        <de>Grubber Felderstellung</de>
    </title>

    <description>
        <en>
            <![CDATA[This mod allows you to toggle field creation for all cultivators.]]>
        </en>
        <de>
            <![CDATA[Dieser Mod schaltet die Felderstellung für Grubber, Scheibeneggen sowie Tiefenlockerern frei.]]>
        </de>
    </description>

    <iconFilename>icon.png</iconFilename>
    <multiplayer supported="true"/>

    <extraSourceFiles>
        <sourceFile filename="src/loader.lua"/>
    </extraSourceFiles>
</modDesc>
