﻿<?xml version="1.0" encoding="utf-8" standalone="no" ?>
<vehicle type="receivingHopper">
    <annotation>Copyright (C) GIANTS Software GmbH, All Rights Reserved.</annotation>

    <storeData>
        <name>Pakowacz Worków</name>
        <specs>
        </specs>
        <functions>
            <function>$l10n_function_palletPacker</function>
        </functions>
        <image>Zdjecia/Pakowacz.dds</image>
        <price>1600</price>
        <lifetime>600</lifetime>
        <rotation>0</rotation>
        <brand>LIZARD</brand>
        <category>misc</category>
        <vertexBufferMemoryUsage>899752</vertexBufferMemoryUsage>
        <indexBufferMemoryUsage>131412</indexBufferMemoryUsage>
        <textureMemoryUsage>10485944</textureMemoryUsage>
        <instanceVertexBufferMemoryUsage>0</instanceVertexBufferMemoryUsage>
        <instanceIndexBufferMemoryUsage>0</instanceIndexBufferMemoryUsage>
    </storeData>

    <base>
        <typeDesc>$l10n_typeDesc_belt</typeDesc>
        <filename>I3D/Pakowacz/Pakowacz.i3d</filename>
        <size width="3.5" length="10.0" />
        <components>
            <component centerOfMass="0 0 0" solverIterationCount="4" mass="1000" />
        </components>
        <schemaOverlay>
            <default name="DEFAULT_IMPLEMENT"/>
            <turnedOn name="DEFAULT_IMPLEMENT_ON"/>
            <selected name="DEFAULT_IMPLEMENT_SELECTED"/>
            <turnedOnSelected name="DEFAULT_IMPLEMENT_SELECTED_ON"/>
        </schemaOverlay>
    </base>


    <enterable isTabbable="false" >
        <enterReferenceNode node="0>6|1" />
        <exitPoint node="0>6|1" />
        <cameras>
            <camera node="0>6|0|0" rotatable="true" rotateNode="0>6|0" limit="true" useWorldXZRotation="true" rotMinX="-1.4" rotMaxX="1" transMin="4" transMax="40" />
        </cameras>
         <forceSelectionOnEnter>true</forceSelectionOnEnter>
    </enterable>

    <fillUnit>
        <fillUnitConfigurations>
            <fillUnitConfiguration>
                <fillUnits>
                    <fillUnit unit="$l10n_unit_literShort" fillTypeCategories="bulk" capacity="600">
                        <exactFillRootNode node="0>4" />
                    </fillUnit>
                </fillUnits>
            </fillUnitConfiguration>
        </fillUnitConfigurations>
    </fillUnit>

    <fillVolume>
        <fillVolumeConfigurations>
            <fillVolumeConfiguration>
                <volumes>
                    <volume node="0>0|0" maxDelta="1" fillUnitIndex="1" maxAllowedHeapAngle="10"/>
                </volumes>
            </fillVolumeConfiguration>
        </fillVolumeConfigurations>
    </fillVolume>

    <receivingHopper>
        <boxes spawnPlaceNode="0>2">
            <box fillType="wheat" filename="Pallets/fillablePallet.xml" />
            <box fillType="barley" filename="Pallets/fillablePallet.xml" />
			<box fillType="oat" filename="Pallets/fillablePallet.xml" />
        </boxes>
    </receivingHopper>

    <dischargeable>
        <dischargeNode node="0>5" emptySpeed="100" fillUnitIndex="1" maxDistance="3" canDischargeToGround="false" canDischargeToObject="true" canStartDischargeAutomatically="true">
            <activationTrigger node="0>8" />
            <info width="0.4" length="0.4" />
			<effects>
                <effectNode effectClass="PipeEffect" effectNode="0>11|0" materialType="pipe"  materialTypeId="1" delay="0"   maxBending="1"  positionUpdateNodes="0>11|1"/>
                <effectNode                          effectNode="0>11|1" materialType="smoke" materialTypeId="1" delay="0.1" alignToWorldY="true"/>
            </effects>
        </dischargeNode>
    </dischargeable>

    <foliageBending>
        <bendingNode minX="-1.6" maxX="1.6" minZ="-4.8" maxZ="3.4" yOffset="0.5" />
    </foliageBending>


    <wearable wearDuration="480" workMultiplier="5" fieldMultiplier="2"/>
    <washable dirtDuration="90" washDuration="1" workMultiplier="2" fieldMultiplier="2"/>

</vehicle>
