<?xml version="1.0" encoding="utf-8" standalone="no" ?>
<vehicle type="pallet">
    <storeData>
        <name>Worek</name>
        <image>Zdjecia/Worek.dds</image>
		<price>5</price>
        <category>pallets</category>
        <brand>LIZARD</brand>
        <showInStore>true</showInStore>
        <canBeSold>false</canBeSold>
        <financeCategory>OTHER</financeCategory>
        <vertexBufferMemoryUsage>24768</vertexBufferMemoryUsage>
        <indexBufferMemoryUsage>2496</indexBufferMemoryUsage>
        <textureMemoryUsage>6291560</textureMemoryUsage>
        <instanceVertexBufferMemoryUsage>0</instanceVertexBufferMemoryUsage>
        <instanceIndexBufferMemoryUsage>0</instanceIndexBufferMemoryUsage>
    </storeData>

    <base>
        <filename>I3D/Worek/Worek.i3d</filename>
        <size width="2" length="1.5" lengthOffset="0" />
        <canBeReset>true</canBeReset>
        <components>
            <component centerOfMass="0 0 0" solverIterationCount="10" mass="50"/>
        </components>
    </base>

    <fillUnit>
        <fillUnitConfigurations>
            <fillUnitConfiguration>
                <fillUnits removeVehicleIfEmpty="false">
                    <fillUnit unit="$l10n_unit_literShort" fillTypeCategories="bulk" capacity="100">
                        <exactFillRootNode node="exactFillRootNode" />
                    </fillUnit>
                </fillUnits>
            </fillUnitConfiguration>
        </fillUnitConfigurations>
    </fillUnit>
	

    <fillVolume>
        <fillVolumeConfigurations>
            <fillVolumeConfiguration>
                <volumes>
                    <volume node="fillVolume" maxAllowedHeapAngle="10" fillUnitIndex="1" />
                </volumes>
            </fillVolumeConfiguration>
        </fillVolumeConfigurations>
    </fillVolume>

    <dischargeable>
		<dischargeNode node="0>3|0" emptySpeed="30" fillUnitIndex="1" maxDistance="6" canStartDischargeAutomatically="true">
            <raycast useWorldNegYDirection="true" />
            <info width="0.4" length="0.4" />
            <activationTrigger node="0>3|2" />

            <effects>
                <effectNode effectClass="PipeEffect" effectNode="0>3|1|0" materialType="pipe"  materialTypeId="1" delay="0"   maxBending="1"  positionUpdateNodes="0>3|1|1"/>
                <effectNode                          effectNode="0>3|1|1" materialType="smoke" materialTypeId="1" delay="0.1" alignToWorldY="true"/>
            </effects>
        </dischargeNode>
    </dischargeable>

    <dynamicMount triggerNode="dynamicMountTrigger" />

    <tensionBeltObject>
        <meshNodes>
            <meshNode node="fillablePallet_vis"/>
        </meshNodes>
    </tensionBeltObject>

    <i3dMappings>
        <i3dMapping id="fillablePallet_main_component1" node="0>" />
        <i3dMapping id="dynamicMountTrigger" node="0>0" />
        <i3dMapping id="fillVolume" node="0>1|0" />
        <i3dMapping id="exactFillRootNode" node="0>1|1" />
        <i3dMapping id="fillTrigger" node="0>1|2" />
        <i3dMapping id="fillablePallet_vis" node="0>2" />
    </i3dMappings>
</vehicle>
