﻿<?xml version="1.0" encoding="utf-8" standalone="no" ?>
<modDesc descVersion="47">
	<author>North Modding Company</author>
    <version>1.0.0.0</version>
    
	<title>
		<en>NMC Pallet</en>
    </title>
    
	<description>
        <en>
<![CDATA[NMC Pallet is a pallet you can use to transport anything you want on. The NMC Pallet has tension belts, so you can strap strapable items on top of it. NMC Pallet can also be strapped to a trailer.

-Tension belts
-Strapable
-Color options]]>
		</en>
		<de>
<![CDATA[Die NMC Palette kann zum Transport von allem verwendet werden was sie möchten. Die Palette wurde mit mehreren Spanngurten ausgestattet damit die nötige Ladungssicherung durchgeführt werden kann. Zum Transport der Palette kann man diese auch auf Anhängern mit Spanngurten befestigen.

-Spanngurte für Ladungssicherung
-Kann mit Spanngurten gesichert werden
-Farbwahl]]>
		</de>
		<fr>
<![CDATA[NMC Pallete est une palette que vous pouvez utiliser pour transporter tout ce que vous voulez. La palette NMC possède des courroies de tension, vous pouvez donc attacher des articles sanglables par-dessus. La palette NMC peut également être attachée à une remorque.

-Ceintures de tension
-Strapable
-Options de couleur]]>
		</fr>
    </description>
	<iconFilename>nmcPallet_icon.dds</iconFilename>
    <multiplayer supported="true"/>
	<storeItems>
        <storeItem rootNode="object" xmlFilename="nmcPallet.xml"/>
    </storeItems>
	<l10n>
		<text name="function_nmcPallet"> <en>Pallet For Transportation Of Goods</en> <de>Palette für den Warentransport</de> <fr>Palette pour le transport de marchandises</fr></text>
		<text name="shopItem_nmcPallet"> <en>Pallet</en> <de>Palette</de> <fr>Palette</fr></text>
	</l10n>
	<brandColors>
        <color name="PALLET_BASIC1" value="0.4 0.21 0.09 1" />
        <color name="PALLET_BASIC2" value="0.009 0.009 0.009 1" />
    </brandColors>
	<brands>
        <brand name="NMC" title="NMC" image="NMC_brand.dds"/>
    </brands>
	<vehicleTypes>
		<type name="NMC_pallet" parent="pallet" className="Vehicle" filename="$dataS/scripts/vehicles/Vehicle.lua">
			<specialization name="tensionBelts" />
		</type>
	</vehicleTypes>
</modDesc>