<?xml version="1.0" encoding="utf-8" standalone="no" ?>
<vehicle type="NMC_pallet">
<annotation>Copyright (C) GIANTS Software GmbH, All Rights Reserved.</annotation>
    <storeData>
        <name>$l10n_shopItem_nmcPallet</name>
		<functions>
            <function>$l10n_function_nmcPallet</function>
        </functions>
        <image>nmcPallet_store.dds</image>
		<price>15</price>
        <brand>NMC</brand>
		<category>pallets</category>
        <financeCategory>OTHER</financeCategory>
		<shopTranslationOffset>0 0.1 0</shopTranslationOffset>
        <vertexBufferMemoryUsage>55200</vertexBufferMemoryUsage>
        <indexBufferMemoryUsage>6600</indexBufferMemoryUsage>
        <textureMemoryUsage>699280</textureMemoryUsage>
        <instanceVertexBufferMemoryUsage>0</instanceVertexBufferMemoryUsage>
        <instanceIndexBufferMemoryUsage>0</instanceIndexBufferMemoryUsage>
    </storeData>
    <base>
        <filename>nmcPallet.i3d</filename>
        <size width="1.3" length="0.875" lengthOffset="0" />
        <input allowed="false"/>
        <components>
            <component centerOfMass="0 0 0" solverIterationCount="10" mass="25"/>
        </components>
    </base>
	<dynamicMount triggerNode="dynamicMountTrigger" />
	<tensionBelts>
        <tensionBeltsConfigurations>
            <tensionBeltsConfiguration>
                <tensionBelts linkNode="tensionBelts" jointNode="pallet_main_component1" width="0.075" maxEdgeLength="0.1" geometryBias="0.01" ratchetPosition="0.2" defaultOffset="0.1" defaultOffsetSide="0.1" defaultHeight="2" activationTrigger="beltActivationTrigger">
                    <tensionBelt startNode="tensionBeltStart1" endNode="tensionBeltEnd1" offsetLeft="0.05" />
                    <tensionBelt startNode="tensionBeltStart2" endNode="tensionBeltEnd2" />
                    <tensionBelt startNode="tensionBeltStart3" endNode="tensionBeltEnd3" offsetRight="0.05" />
                </tensionBelts>
            </tensionBeltsConfiguration>
        </tensionBeltsConfigurations>
    </tensionBelts>
    <tensionBeltObject>
        <meshNodes>
            <meshNode node="pallet"/>
        </meshNodes>
    </tensionBeltObject>
	<foliageBending>
        <bendingNode minX="-0.65" maxX="0.65" minZ="-0.4375" maxZ="0.4375" yOffset="0.169" node="pallet_main_component1"/>
    </foliageBending>
	<baseMaterial>
        <material name="pallet_mat" baseNode="pallet">
            <shaderParameter name="colorMat0" material="14" value="PALLET_BASIC1"/>
        </material>
		<material name="palletDecals_mat" baseNode="palletDecals">
            <shaderParameter name="colorMat1" material="14" value="PALLET_BASIC2"/>
        </material>
    </baseMaterial>
	<baseMaterialConfigurations price="5" useDefaultColors="true">
		<baseMaterialConfiguration name="BASIC" material="14" color="PALLET_BASIC1" />
		<material name="pallet_mat" shaderParameter="colorMat0"/>
	</baseMaterialConfigurations>
	<designMaterialConfigurations price="2" useDefaultColors="true" >
        <designMaterialConfiguration name="BASIC" color="PALLET_BASIC2" material="14"/>
		<material name="palletDecals_mat" shaderParameter="colorMat1" />
    </designMaterialConfigurations>
    <i3dMappings>
	  <i3dMapping id="pallet_main_component1" node="0>" />
	  <i3dMapping id="pallet" node="0>0" />
	  <i3dMapping id="palletDecals" node="0>0|0" />
	  <i3dMapping id="dynamicMountTrigger" node="0>1" />
	  <i3dMapping id="tensionBelts" node="0>2" />
	  <i3dMapping id="tensionBeltStart1" node="0>2|0" />
	  <i3dMapping id="tensionBeltEnd1" node="0>2|0|0" />
	  <i3dMapping id="tensionBeltStart2" node="0>2|1" />
	  <i3dMapping id="tensionBeltEnd2" node="0>2|1|0" />
	  <i3dMapping id="tensionBeltStart3" node="0>2|2" />
	  <i3dMapping id="tensionBeltEnd3" node="0>2|2|0" />
	  <i3dMapping id="beltActivationTrigger" node="0>2|3" />
	</i3dMappings>
</vehicle>