﻿<?xml version="1.0" encoding="utf-8" standalone="no" ?>
<modDesc descVersion="53">
    <author>K4mil</author>
    <version>1.0.0.0</version>

    <title>
		<fr>Pack D'Èchelles En Bois</fr>
		<en>Wooden Ladders Pack</en>
		<de>Holzleitern Pack</de>
		<pl>Drewniane Drabiny</pl>
    </title>

    <description>
		<en>
<![CDATA[A package of wooden ladders that you can move.
- Price New Ladder: 100 €
- Price Old Ladder: 60 € ]]>
		</en>
		<de>
<![CDATA[Ein Pack mit verschiedenen Holzleitern, welche man tragen kann.
- Preis neue Leiter: 100 €
- Preis alte Leiter: 60 € ]]>
		</de>
		<fr>
<![CDATA[Un paquet d'échelles en bois pouvant être transférées.
- Prix ​​nouvelle échelle: 100 €
- Prix ​​ancienne échelle: 60 € ]]>
		</fr>
		<pl>
<![CDATA[Paczka drewnianych drabin, które można przenosić.
- Cena nowej drabiny: 100 €
- Cena starej drabiny: 60 € ]]>
		</pl>
    </description>

    <multiplayer supported="true" /> 
    <iconFilename>icon_Ladder.png</iconFilename> 

    <storeItems>
        <storeItem xmlFilename="xml/ladder1.xml"/> 
        <storeItem xmlFilename="xml/ladder2.xml"/> 
        <storeItem xmlFilename="xml/ladder3.xml"/> 
        <storeItem xmlFilename="xml/ladder4.xml"/> 
        <storeItem xmlFilename="xml/ladder5.xml"/> 
        <storeItem xmlFilename="xml/ladder6.xml"/> 
        <storeItem xmlFilename="xml/ladder7.xml"/> 
        <storeItem xmlFilename="xml/ladder8.xml"/> 
    </storeItems>

</modDesc>
