<?xml version="1.0" encoding="utf-8" standalone="no" ?>
<modDesc descVersion="53">
	<author>kenny456</author>
	<version>1.0.0.0</version>
	<title>
		<en>Vehicle Straps</en>
	</title>
	<description>
        <en>
<![CDATA[
With this mod you can fasten all vehicles / implements on any low loader. So them will never slip out of the trailer again.
- Wheel chocks are showed when you fastened vehicle / implement with wheels
- Count and total mass of fastened vehicles are displayed in F1 menu

Default controls:
KEY_lctrl KEY_s - Fasten / unfasten vehicles

Most of the low-loaders on Modhub work with this, a few of them not. (because they have no proper "dynamicMountAttacherTrigger" defined)
]]>
        </en>
        <de>
<![CDATA[
Mit diesem Mod kannst du alle Fahrzeuge / Geräte an jedem Tieflader befestigen. So rutschen sie nie wieder vom Anhänger.
- Unterlegkeile werden angezeigt, wenn Sie ein Fahrzeug / Gerät mit Reifen befestigen.
- Anzahl und Gesamtgewicht der befestigten Fahrzeuge werden im F1-Menü angezeigt.

Standardsteuerelemente:
KEY_lctrl KEY_s - Fahrzeuge befestigen / lösen

Die meisten Tieflader auf Modhub arbeiten damit, einige nicht. (weil sie keinen richtigen "dynamicMountAttacherTrigger" definiert haben)
]]>
        </de>
        <fr>
<![CDATA[
Avec ce mod, vous pouvez fixer tous les véhicules / outils sur n'importe quel chargeur surbaissé. Ainsi, ils ne sortiront plus jamais de la remorque.
- Les cales de roue sont affichées lorsque vous avez fixé le véhicule / l'outil avec des roues
- Le nombre et la masse totale des véhicules attachés sont affichés dans le menu F1

Contrôles par défaut:
KEY_lctrl KEY_s - Fixer / détacher les véhicules

La plupart des low-loaders sur Modhub fonctionnent avec cela, certains non. (car ils n'ont pas défini "dynamicMountAttacherTrigger")
]]>
        </fr>
	</description>
	<iconFilename>icon_vehicleStraps.dds</iconFilename>
	<multiplayer supported="true"/>
	<extraSourceFiles>
		<sourceFile filename="register.lua" />
	</extraSourceFiles>
	<l10n>
		<text name="input_VEHICLE_STRAPS_TOGGLE_ATTACH">
            <en>Vehicle Straps: Toggle fasten / unfasten</en>
            <de>Vehicle Straps: Befestigen / Lösen umschalten</de>
        </text>
		<text name="VEHICLE_STRAPS_ATTACH">
            <en>Vehicle Straps: Fasten vehicles</en>
            <de>Vehicle Straps: Fahrzeuge befestigen</de>
        </text>
		<text name="VEHICLE_STRAPS_DETACH">
            <en>Vehicle Straps: Unfasten vehicles</en>
            <de>Vehicle Straps: Fahrzeuge lösen</de>
        </text>
		<text name="VEHICLE_STRAPS_COUNT">
            <en>Vehicle Straps - Vehicles / implements count:</en>
            <de>Vehicle Straps - Anzahl der Fahrzeuge / Geräte:</de>
        </text>
		<text name="VEHICLE_STRAPS_MASS">
			<en>Vehicle Straps - Total mass:</en>
			<de>Vehicle Straps - Gesamtgewicht:</de>
		</text>
		<text name="VEHICLE_STRAPS_NO_VEHICLE">
            <en>Vehicle Straps - No vehicles / implements fastened</en>
            <de>Vehicle Straps - Keine Fahrzeuge / Geräte befestigt</de>
        </text>
	</l10n>
	<actions>
        <action name="VEHICLE_STRAPS_TOGGLE_ATTACH" category="VEHICLE" axisType="HALF" ignoreComboMask="false"/>
    </actions>
	<inputBinding>
        <actionBinding action="VEHICLE_STRAPS_TOGGLE_ATTACH">
			<binding device="KB_MOUSE_DEFAULT" input="KEY_lctrl KEY_s" />
		</actionBinding>
    </inputBinding>
</modDesc>