<?xml version="1.0" encoding="utf-8" standalone="no" ?>
<modDesc descVersion="42">
    <title>
        <de>Realistische Ladegewichte</de>
        <en>Filltype (Goods) Mass Adjustment (Realistic Weights)</en>
    </title>
    <description>
        <de>
<![CDATA[Dieser Mod sorgt dafür dass 10 Tonnen Weizen auch 10 Tonnen wiegen, und nicht 5 Tonnen. Im Grundspiel ist das Gewicht aller Filltypes (Güter) halbiert.
Das soll wohl dafür sorgen dass man mit vollen Anhängern schneller fahren kann.
Für alle die lieber realistisch spielen ist dieser Mod.
Damit fühlen sich Anhänger endlich wieder an als hätten sie richtig was geladen!

Schon aus dem LS15 und LS17 bekannt ist dieser Mod jetzt auch für den LS19 verfügbar. Viel Spaß!]]>
	</de>
	<en>
<![CDATA[This mod makes sure that 10 Tons of wheat also weigh actual 10 tons, not only 5 tons. In the basegame all the masses of all the Filltypes (goods) are half of what they would be IRL.
That is so that you can drive faster with full trailers.
But for everybody who likes to play a bit more realistic, this is the mod for you.
With this mod you can really feel the mass of a full trailer!

Known from FS15 and FS17, I've also converted this Mod to FS19 now. Have fun!]]]>	
	</en>
    </description>
    <author>modelleicher</author>
    <version>1.0.0.0</version>
    <iconFilename>store.png</iconFilename>
    <multiplayer supported="true"/>
    <extraSourceFiles>
		<sourceFile filename="FillTypeMassAdjustment.lua" />
    </extraSourceFiles>
</modDesc>
