﻿<?xml version="1.0" encoding="utf-8" standalone="no" ?>
<modDesc descVersion="51">
	<title>
		<en>Real Speed Limit</en>
		<de>Echtes Tempolimit</de>
		<fr>Limite De Vitesse Réelle</fr>
		<es>Límite De Velocidad Real</es>
		<it>Limite Di Velocità Reale</it>
		<cz>Skutečný Rychlostní Limit</cz>
		<pl>Rzeczywiste Ograniczenie Prędkości</pl>
	</title>

	<author>ViperGTS96</author>
	<version>1.0.0.0</version>
    
	<description>
<en><![CDATA[Real Speed Limit gives players the ability to disable the speed limit given to tools so they can use the cruise control speed instead.
Each vehicle can have the limit disabled individually.
By default the limit remains active.
Useful for large fields.
Horsepower and mass will still limit top speed.

Default Key: Left Alt + 0]]></en>
<de><![CDATA[Das reale Tempolimit gibt den Spielern die Möglichkeit, das Tempolimit für Werkzeuge zu deaktivieren, damit sie stattdessen die Geschwindigkeitsregelung verwenden können.
Für jedes Fahrzeug kann das Limit einzeln deaktiviert werden.
Standardmäßig bleibt das Limit aktiv.
Nützlich für große Felder.
Leistung und Masse begrenzen immer noch die Höchstgeschwindigkeit.

Standard Tastenbefehl: Links Alt + 0]]></de>
<fr><![CDATA[La limite de vitesse réelle donne aux joueurs la possibilité de désactiver la limite de vitesse donnée aux outils afin qu'ils puissent utiliser la vitesse du régulateur de vitesse à la place.
Chaque véhicule peut avoir la limite désactivée individuellement.
Par défaut, la limite reste active.
Utile pour les grands champs.
La puissance et la masse limiteront toujours la vitesse de pointe.

Clé par défaut: Alt gauche + 0]]></fr>
<es><![CDATA[El límite de velocidad real brinda a los jugadores la posibilidad de desactivar el límite de velocidad dado a las herramientas para que puedan usar la velocidad del control de crucero en su lugar.
Cada vehículo puede tener el límite desactivado individualmente.
Por defecto, el límite permanece activo.
Útil para campos grandes.
La potencia y la masa seguirán limitando la velocidad máxima.

Clave predeterminada: Alt izquierda + 0]]></es>
<it><![CDATA[Il limite di velocità reale offre ai giocatori la possibilità di disabilitare il limite di velocità assegnato agli strumenti in modo che possano invece utilizzare la velocità del controllo automatico della velocità.
Ogni veicolo può avere il limite disabilitato individualmente.
Per impostazione predefinita, il limite rimane attivo.
Utile per grandi campi.
Potenza e massa continueranno a limitare la velocità massima.

Chiave predefinita: Alt sinistro + 0]]></it>
<cz><![CDATA[Skutečný rychlostní limit dává hráčům možnost deaktivovat rychlostní limit daný nástrojům, aby místo toho mohli používat rychlost tempomatu.
Každé vozidlo může mít limit deaktivován samostatně.
Ve výchozím nastavení zůstává limit aktivní.
Užitečné pro velká pole.
Výkon a hmotnost budou i nadále omezovat nejvyšší rychlost.

Výchozí klíč: Vlevo Alt + 0]]></cz>
<pl><![CDATA[Rzeczywiste ograniczenie prędkości daje graczom możliwość wyłączenia ograniczenia prędkości nadanego narzędziom, aby zamiast tego mogli korzystać z prędkości tempomatu.
Każdy pojazd może mieć indywidualnie wyłączony limit.
Domyślnie limit pozostaje aktywny.
Przydatne na dużych polach.
Moc i masa nadal będą ograniczać prędkość maksymalną.

Klucz domyślny: Lewo Alt + 0]]></pl>
	</description>

	<iconFilename>icon.dds</iconFilename>

	<multiplayer supported="true"/>

	<extraSourceFiles>
		<sourceFile filename="regRealSpeedLimit.lua" />
	</extraSourceFiles>

	<l10n>
		<text name ="input_realSpeedLimit_toggleKey">
			<en>Toggle Speed Limit</en>
			<de>Geschwindigkeitsbegrenzung Umschalten</de>
			<fr>Basculer La Limite De Vitesse</fr>
			<es>Alternar Límite De Velocidad</es>
			<it>Attiva / Disattiva Il Limite Di Velocità</it>
			<cz>Přepnout Rychlostní Limit</cz>
			<pl>Przełącz Ograniczenie Prędkości</pl>
		</text>
	</l10n>

	<actions>
		<action name="realSpeedLimit_toggleKey" category="VEHICLE" axisType="HALF"/>
	</actions>

	<inputBinding>
		<actionBinding action="realSpeedLimit_toggleKey">
			<binding device="KB_MOUSE_DEFAULT" input="KEY_lalt KEY_0" axisComponent="+" neutralInput="0" index="1"/>
		</actionBinding>
	</inputBinding>

</modDesc>