<?xml version="1.0" encoding="utf-8" standalone="no" ?>
<vehicle type="pallet">
    <storeData>
        <name>Paczka Kurierska</name>
        <price>0</price>
        <image>Zdjecia/Paczka.dds</image>
        <category>pallets</category>
        <brand>LIZARD</brand>
        <canBeSold>false</canBeSold>
        <showInStore>true</showInStore>
    </storeData>

    <base>
        <filename>I3D/Paczka.i3d</filename>
        <size width="0.8" length="0.6" />
        <input allowed="false"/>
        <canBeReset>true</canBeReset>
        <components>
            <component centerOfMass="0 0 0" solverIterationCount="10" mass="100"/>
        </components>
    </base>
</vehicle>