<?xml version="1.0" encoding="utf-8" standalone="no" ?>
<vehicle type="Golf">
    <annotation>Copyright (C) GIANTS Software GmbH, All Rights Reserved.</annotation>

    <storeData>
        <name>Volkswagen Golf I</name>
        <specs>
            <power>40</power>
            <maxSpeed>120</maxSpeed>
        </specs>
        <functions>
            <function>$l10n_function_car</function>
        </functions>
        <image>Zdjecia/Golf.dds</image>
        <price>1200</price>
        <lifetime>600</lifetime>
        <rotation>0</rotation>
        <brand>Volkswagen</brand>
        <category>cars</category>
        <vertexBufferMemoryUsage>1487412</vertexBufferMemoryUsage>
        <indexBufferMemoryUsage>360324</indexBufferMemoryUsage>
        <textureMemoryUsage>14330864</textureMemoryUsage>
        <instanceVertexBufferMemoryUsage>0</instanceVertexBufferMemoryUsage>
        <instanceIndexBufferMemoryUsage>0</instanceIndexBufferMemoryUsage>
    </storeData>



    <base>
        <typeDesc>$l10n_typeDesc_car</typeDesc>
        <filename>I3D/Golf.i3d</filename>
        <size width="2.5" length="5"/>
        <components count="1">
            <component centerOfMass="0 0 -0.1" solverIterationCount="10" mass="1000" />
        </components>
        <schemaOverlay attacherJointPosition="0 0">
            <default name="DEFAULT_VEHICLE"/>
            <selected name="DEFAULT_VEHICLE_SELECTED"/>
        </schemaOverlay>
    </base>



    <wheels>
        <wheelConfigurations>
             <wheelConfiguration name="$l10n_configuration_valueDefault" price="0">
                <wheels autoRotateBackSpeed="2.5">
                    <wheel hasParticles="true" hasTireTracks="true">
                        <physics tipOcclusionAreaGroupId="1" rotSpeed="1" restLoad="0.6" repr="0>0"  radius="0.27" width="0.3" forcePointRatio="0.5" initialCompression="25" suspTravel="0.09" spring="20" damper="3" frictionScale="2.5" />
                        <tire tireTrackAtlasIndex="1" />
                    </wheel>
                    <wheel hasParticles="true" hasTireTracks="true">
                        <physics tipOcclusionAreaGroupId="1" rotSpeed="1" restLoad="0.6" repr="0>1" radius="0.27" width="0.3" forcePointRatio="0.5" initialCompression="25" suspTravel="0.09" spring="20" damper="3" frictionScale="2.5" />
                        <tire tireTrackAtlasIndex="1" />
                    </wheel>
                    <wheel hasParticles="true" hasTireTracks="true">
                        <physics tipOcclusionAreaGroupId="1" rotSpeed="0" restLoad="0.6" repr="0>2"   radius="0.27" width="0.3" forcePointRatio="0.5" initialCompression="25" suspTravel="0.18" spring="10" damper="3" frictionScale="3" />
                        <tire tireTrackAtlasIndex="1" />
                    </wheel>
                    <wheel hasParticles="true" hasTireTracks="true" >
                        <physics tipOcclusionAreaGroupId="1" rotSpeed="0" restLoad="0.6" repr="0>3"  radius="0.27" width="0.3" forcePointRatio="0.5" initialCompression="25" suspTravel="0.18" spring="10" damper="3" frictionScale="3" />
                        <tire tireTrackAtlasIndex="1" />
                    </wheel>
                </wheels>
            </wheelConfiguration>
        </wheelConfigurations>

        <ackermannSteeringConfigurations>
            <ackermannSteering rotSpeed="45" rotMax="42" rotCenterWheel1="3" rotCenterWheel2="4" />
        </ackermannSteeringConfigurations>
    </wheels>



	<designConfigurations title="Tablica Rejestracyjna">
		<designConfiguration 
				name="Bez" price="0" icon="$dataS2/menu/hud/configurations/config_edition.png">
		</designConfiguration>
		
		<designConfiguration 
				name="Tył" price="1000" icon="$dataS2/menu/hud/configurations/config_edition.png">
			   <objectChange node="0>11|28" visibilityActive="true" visibilityInactive="false" />
		</designConfiguration>
		
		<designConfiguration 
				name="Przód" price="1000" icon="$dataS2/menu/hud/configurations/config_edition.png">
			   <objectChange node="0>11|27" visibilityActive="true" visibilityInactive="false" />
		</designConfiguration>
		
		<designConfiguration 
				name="Oba" price="1000" icon="$dataS2/menu/hud/configurations/config_edition.png">
			   <objectChange node="0>11|27" visibilityActive="true" visibilityInactive="false"/>
				<objectChange node="0>11|28" visibilityActive="true" visibilityInactive="false"/>
		</designConfiguration>
    </designConfigurations>



	<attacherJoints>
        <attacherJointConfigurations>
			 <attacherJointConfiguration name="Bez Haka Holowniczego" price="0">
                <attacherJoint node="0>7|1" jointType="trailer" lowerRotLimit="10 70 50" upperRotationOffset="0" allowsJointLimitMovement="false" canTurnOnImplement="false" comboTime="1">
					<schema position="1 0" rotation="0" invertX="false"/>
					<attachSound template="ATTACH_01" linkNode="0>" />
				</attacherJoint>
                <attacherJoint node="0>7|1" jointType="trailerLow" lowerRotLimit="10 70 50" upperRotationOffset="0" allowsJointLimitMovement="false" canTurnOnImplement="false" comboTime="1">
					<schema position="1 0" rotation="0" invertX="false"/>
					<attachSound template="ATTACH_01" linkNode="0>" />
				</attacherJoint>
                <objectChange node="0>11|25" visibilityActive="false"/>
            </attacherJointConfiguration>
			
            <attacherJointConfiguration name="Z Hakiem Holowniczym" price="300">
                <attacherJoint node="0>7|1" jointType="trailer" lowerRotLimit="10 70 50" upperRotationOffset="0" allowsJointLimitMovement="false" canTurnOnImplement="false" comboTime="1">
					<schema position="1 0" rotation="0" invertX="false"/>
					<attachSound template="ATTACH_01" linkNode="0>" />
				</attacherJoint>
                <attacherJoint node="0>7|1" jointType="trailerLow" lowerRotLimit="10 70 50" upperRotationOffset="0" allowsJointLimitMovement="false" canTurnOnImplement="false" comboTime="1">
					<schema position="1 0" rotation="0" invertX="false"/>
					<attachSound template="ATTACH_01" linkNode="0>" />
				</attacherJoint>
                <objectChange node="0>11|25" visibilityActive="true"/>
            </attacherJointConfiguration>
        </attacherJointConfigurations>
    </attacherJoints>



    <enterable>
        <exitPoint node="0>7|0"/>
        <enterReferenceNode node="0>"/>
        <characterNode node="0>9|0" cameraMinDistance="2.0" spineRotation="-90 0 90">
            <target ikChain="rightFoot" targetNode="0>9|1"/>
            <target ikChain="leftFoot" targetNode="0>9|2"/>
            <target ikChain="rightArm" targetNode="0>4|0|0"/>
            <target ikChain="leftArm" targetNode="0>4|0|1"/>
        </characterNode>
        <cameras>
            <camera node="0>5|0|0" rotatable="true" rotateNode="0>5|0" limit="true" useWorldXZRotation="true" rotMinX="-1.4" rotMaxX="0" transMin="4" transMax="100" useMirror="true" isInside="false"/>
            <camera node="0>5|1" rotatable="true" limit="false" rotMinX="0" rotMaxX="0" transMin="0" transMax="0" useMirror="true" isInside="true"/>
        </cameras>
    </enterable>



    <motorized>
        <consumerConfigurations>
            <consumerConfiguration>
                <consumer fillUnitIndex="1" usage="10" fillType="diesel" />
            </consumerConfiguration>
        </consumerConfigurations>



        <differentialConfigurations>
            <differentialConfiguration>
                <differentials>
                    <differential torqueRatio="0.5" maxSpeedRatio="1.8" wheelIndex1="1" wheelIndex2="2" />
                    <differential torqueRatio="0.5" maxSpeedRatio="1.8" differentialIndex1="1" differentialIndex2="2" />
                </differentials>
            </differentialConfiguration>
        </differentialConfigurations>



        <motorConfigurations>
            <motorConfiguration name="1.4" hp="40" price="0">
                <motor torqueScale="0.4" minRpm="1000" maxRpm="7000" maxForwardSpeed="120" maxBackwardSpeed="15" brakeForce="0.8" lowBrakeForceScale="0.02">
                    <torque normRpm="0.45" torque="0.9"/>
                    <torque normRpm="0.5" torque="0.97"/>
                    <torque normRpm="0.59" torque="1"/>
                    <torque normRpm="0.72" torque="1"/>
                    <torque normRpm="0.86" torque="0.88"/>
                </motor>
                <transmission minForwardGearRatio="10" maxForwardGearRatio="200" minBackwardGearRatio="40" maxBackwardGearRatio="200" />
            </motorConfiguration>
			
			<motorConfiguration name="1.6" hp="70" price="1000">
                <motor torqueScale="0.55" minRpm="1000" maxRpm="7000" maxForwardSpeed="135" maxBackwardSpeed="15" brakeForce="0.8" lowBrakeForceScale="0.02"/>
            </motorConfiguration>
			
			<motorConfiguration name="1.8" hp="70" price="2000">
                <motor torqueScale="0.55" minRpm="1000" maxRpm="7000" maxForwardSpeed="150" maxBackwardSpeed="15" brakeForce="0.8" lowBrakeForceScale="0.02"/>
            </motorConfiguration>
			
			<motorConfiguration name="2.0" hp="100" price="4500">
                <motor torqueScale="0.55" minRpm="1000" maxRpm="7000" maxForwardSpeed="175" maxBackwardSpeed="15" brakeForce="0.8" lowBrakeForceScale="0.02"/>
            </motorConfiguration>
			
            <motorConfiguration name="2.2" hp="125" price="6800">
                <motor torqueScale="0.55" minRpm="1000" maxRpm="7000" maxForwardSpeed="200" maxBackwardSpeed="15" brakeForce="0.8" lowBrakeForceScale="0.02"/>
            </motorConfiguration>
        </motorConfigurations>

        <exhaustEffects>
            <exhaustEffect node="0>7|2" filename="$data/particleSystems/shared/exhaust.i3d" minRpmColor="0.9 0.9 0.9 0.1" maxRpmColor="0.9 0.9 0.9 0.4" minRpmScale="0.02" maxRpmScale="0.25" />
        </exhaustEffects>

        <dashboards>
            <dashboard displayType="ANIMATION" valueType="rpm"   animName="rpmDisplay"   minValueAnim="0" maxValueAnim="7000" groups="MOTOR_ACTIVE"/>
            <dashboard displayType="ANIMATION" valueType="speed" animName="speedDisplay" minValueAnim="20" maxValueAnim="220"  groups="MOTOR_ACTIVE"/>
        </dashboards>
		<sounds externalSoundFile="$data/sounds/vehicles/engine/lizard_pickup_1978/lizard_pickup_1978.xml" />
    </motorized>



    <drivable>
        <steeringWheel node="0>4|0" indoorRotation="540" outdoorRotation="60" />
    </drivable>



    <animations>
        <animation name="rpmDisplay">
            <part node="0>6|5|1|0" startTime="0" endTime="1" startRot="0 0 0" endRot="0 -195 0" />
        </animation>

        <animation name="speedDisplay">
            <part node="0>6|5|0|0" startTime="0" endTime="1" startRot="0 0 0" endRot="0 -270 0"/>
        </animation>

		<animation name="Prawe_Drzwi">
            <part node="0>10|0"  startTime="0.0" endTime="1.0" startRot="0 0 0" endRot="0 -65 0" />
        </animation>
		
		<animation name="Lewe_Drzwi">
            <part node="0>10|1"  startTime="0.0" endTime="1.0" startRot="0 0 0" endRot="0 65 0" />
        </animation>
		
		<animation name="Maska">
            <part node="0>10|2"  startTime="0.0" endTime="1.0" startRot="0 0 0" endRot="-60 0 0" />
        </animation>
		
		<animation name="Bagaznik">
            <part node="0>10|3"  startTime="0.0" endTime="1.0" startRot="0 0 0" endRot="75 0 0" />
        </animation>

		<animation name="Hydra">
            <part node="0>11"  startTime="0" endTime="1.0" startTrans="0 0 0"   endTrans="0 -0.1 0" />
            <part node="0>10"  startTime="0" endTime="1.00" startTrans="0 0 0"   endTrans="0 -0.1 0" />
            <part node="0>6" startTime="0" endTime="1.00" startTrans="0 0 0"   endTrans="0 -0.1 0" />
            <part node="0>4|0" startTime="0" endTime="1.00" startTrans="0 0 0"   endTrans="0 -0.05 -0.085" />
            <part node="0>5" startTime="0" endTime="1.00" startTrans="0 0 0"   endTrans="0 -0.1 0" />
        </animation>
    </animations>



	<cylindered>
        <movingTools>
			<movingTool node="0>10|0" playSound="false">
                <controls axis="AXIS_FRONTLOADER_ARM" iconName="FRONTLOADER_ARM_ROTATE" invertAxis="false" mouseSpeedFactor="1.0"/>
                <animation animName="Prawe_Drzwi" animSpeed="1.0"/>
            </movingTool>
			
			<movingTool node="0>10|1" playSound="false">
                <controls axis="AXIS_FRONTLOADER_ARM2" iconName="FRONTLOADER_ARM_ROTATE" invertAxis="false" mouseSpeedFactor="1.0"/>
                <animation animName="Lewe_Drzwi" animSpeed="1.0"/>
            </movingTool>
			
			<movingTool node="0>10|2" playSound="false">
                <controls axis="AXIS_CRANE_TOOL" iconName="FRONTLOADER_ARM_ROTATE" invertAxis="false" mouseSpeedFactor="1.0"/>
                <animation animName="Maska" animSpeed="1.0"/>
            </movingTool>
			
			<movingTool node="0>10|3" playSound="false">
                <controls axis="AXIS_CRANE_TOOL2" iconName="FRONTLOADER_ARM_ROTATE" invertAxis="false" mouseSpeedFactor="1.0"/>
                <animation animName="Bagaznik" animSpeed="1.0"/>
            </movingTool>
		</movingTools>
	</cylindered>



	<cover>
        <coverConfigurations title="Hydraulika">
            <coverConfiguration name="Bez Hydrauliki" price="0"/>
            <coverConfiguration name="Z Hydrauliką" price="5000">
                <cover openAnimation="Hydra" fillUnitIndices="1" showOnHud="false" />
            </coverConfiguration>
        </coverConfigurations>
    </cover>



    <fillUnit>
        <fillUnitConfigurations>
            <fillUnitConfiguration>
                <fillUnits>
                    <fillUnit unit="$l10n_unit_literShort" showOnHud="false" showInShop="false" fillTypes="diesel" capacity="30" >
                    </fillUnit>
                </fillUnits>
            </fillUnitConfiguration>
        </fillUnitConfigurations>
    </fillUnit>
    <washable dirtDuration="90" washDuration="1" workMultiplier="4"/>
    <honk>
        <sound file="Dzwieki/Klakson.wav" innerRadius="10">
            <volume outdoor="1"/>
        </sound>
    </honk>
    <ai>
        <collisionTrigger node="0>8"/>
    </ai>



	<lights>
        <states>
            <state lightTypes="0" />
            <state lightTypes="0 1" />
        </states>

        <realLights>
            <low>
                <light node="0>6|0|0|0"     lightTypes="0"/>
                <light node="0>6|0|0|1"     lightTypes="1"/>
            </low>

            <high>
                <light node="0>6|0|0|2"    lightTypes="0"/>
                <light node="0>6|0|0|3"      lightTypes="1"/>
                <reverseLight node="0>6|1|3" />			
                <brakeLight node="0>6|1|3" />
                <turnLightLeft node="0>6|2" />
                <turnLightRight node="0>6|3" />				
            </high>
        </realLights>

        <defaultLights>
            <defaultLight shaderNode="0>6|0|1" lightTypes="0 1"/>
			<defaultLight shaderNode="0>6|0|2" lightTypes="0 1"/>
            <defaultLight shaderNode="0>6|6|0" lightTypes="0 1"/>
			<defaultLight shaderNode="0>6|6|1" lightTypes="0 1"/>				
        </defaultLights>

        <brakeLights>
            <brakeLight shaderNode="0>6|1|1" />
            <brakeLight shaderNode="0>6|1|2" />
        </brakeLights>

        <reverseLights>
            <reverseLight shaderNode="0>6|4|0" />
            <reverseLight shaderNode="0>6|4|1" />
        </reverseLights>

        <turnLights>
		    <turnLightLeft shaderNode="0>6|2|2" />
            <turnLightRight shaderNode="0>6|3|2" />
            <turnLightLeft shaderNode="0>6|2|3" />
            <turnLightRight shaderNode="0>6|3|3" />
        </turnLights>

        <sounds>
            <switchLight template="SWITCH_01" linkNode="0>" />
            <turnLight template="SWITCH_TURNLIGHT" linkNode="0>" />
        </sounds>

        <dashboards>		
            <dashboard displayType="EMITTER" valueType="lightState"  node="0>6|7|0|2"   lightTypes="0 1"   baseColor="GREY" emitColor="GREEN" groups="MOTOR_ACTIVE" intensity="10"/>			
            <dashboard displayType="EMITTER" valueType="turnLightLeft"  node="0>6|7|0|0"      baseColor="GREY" emitColor="GREEN" groups="MOTOR_ACTIVE" intensity="10"/>
            <dashboard displayType="EMITTER" valueType="turnLightRight" node="0>6|7|0|1"     baseColor="GREY" emitColor="GREEN" groups="MOTOR_ACTIVE" intensity="10"/>		
        </dashboards>		
    </lights>



    <baseColorConfigurations useDefaultColors="true" price="100">
        <baseColorConfiguration color="0 0 0 1"/>
        <colorNode node="0>10|0|0|1"  recursive="true"/>
		<colorNode node="0>10|3|0|0"  recursive="true"/>
		<colorNode node="0>10|2|0|0" recursive="true"/>
		<colorNode node="0>10|1|0|1" recursive="true"/>
		<colorNode node="0>11|0" recursive="true"/>
		<colorNode node="0>11|15" recursive="true"/>
    </baseColorConfigurations>
</vehicle>
