<?xml version="1.0" encoding="utf-8" standalone="no" ?>
<universalPassengerVehicles>
    <vehicle xmlFilename="Xml/Golf.xml"  modName="FS19_Golf_1">
<!-- 1 -->
        <passenger exitNodePosition="-2 0 0">
            <passengerNode position="-0.32 0.2 0.0519624" rotation="0 0 0" spineRotation="-90 0 90" customTargets="true">
                <leftFoot 	position="0.119 -0.2 0.44151029" 	rotation="-25 0 0"/>
                <rightFoot 	position="-0.19599999 -0.2 0.44151029" 	rotation="-25 0 0"/>
            </passengerNode>

            <cameras>
                <camera cameraPosition="0 0 11" rotateNodePosition="0 1.144 0" rotateNodeRotation="-24 180 0" rotatable="true" limit="true" useWorldXZRotation="true" rotMinX="-1.4" rotMaxX="1" transMin="4" transMax="40">
                    <raycastNode position="0 1.192 2.936"/>
                    <raycastNode position="0 2.029 -0.587"/>
                </camera>
                <camera cameraPosition="-0.32 0.891 -0.06438794" cameraRotation="-10 180 0" rotatable="true" limit="true" rotMinX="-1.1" rotMaxX="0.4" transMin="0" transMax="0" useMirror="true" isInside="true"/>
            </cameras>
        </passenger>
<!-- 2 -->
        <passenger exitNodePosition="-2 0 0">
            <passengerNode position="-0.32 0.2 -0.92064852" rotation="0 0 0" spineRotation="-90 0 90" customTargets="true">
                <leftFoot 	position="0.111 -0.2 0.47583666" 	rotation="-25 0 0"/>
                <rightFoot 	position="-0.176 -0.2 0.47237778" 	rotation="-25 0 0"/>
            </passengerNode>

            <cameras>
                <camera cameraPosition="0 0 11" rotateNodePosition="0 1.144 0" rotateNodeRotation="-24 180 0" rotatable="true" limit="true" useWorldXZRotation="true" rotMinX="-1.4" rotMaxX="1" transMin="4" transMax="40">
                    <raycastNode position="0 1.192 2.936"/>
                    <raycastNode position="0 2.029 -0.587"/>
                </camera>
                <camera cameraPosition="-0.32 0.891 -0.92064852" cameraRotation="-10 180 0" rotatable="true" limit="true" rotMinX="-1.1" rotMaxX="0.4" transMin="0" transMax="0" useMirror="true" isInside="true"/>
            </cameras>
        </passenger>
<!-- 3 -->
        <passenger exitNodePosition="2 0 0">
            <passengerNode position="0.32 0.2 -0.92064852" rotation="0 0 0" spineRotation="-90 0 90" customTargets="true">
                <leftFoot 	position="0.21600001 -0.2 0.44151029" 	rotation="-25 0 0"/>
                <rightFoot 	position="-0.12 -0.2 0.44151029" 	rotation="-25 0 0"/>
            </passengerNode>

            <cameras>
                <camera cameraPosition="0 0 11" rotateNodePosition="0 1.144 0" rotateNodeRotation="-24 180 0" rotatable="true" limit="true" useWorldXZRotation="true" rotMinX="-1.4" rotMaxX="1" transMin="4" transMax="40">
                    <raycastNode position="0 1.192 2.936"/>
                    <raycastNode position="0 2.029 -0.587"/>
                </camera>
                <camera cameraPosition="0.32 0.891 -0.92064852" cameraRotation="-10 180 0" rotatable="true" limit="true" rotMinX="-1.1" rotMaxX="0.4" transMin="0" transMax="0" useMirror="true" isInside="true"/>
            </cameras>
        </passenger>
		
    </vehicle>

</universalPassengerVehicles>
