<?xml version="1.0" encoding="utf-8" standalone="no" ?>
<vehicle type="pallet">
    <storeData>
		<name>	
			<en>Drabina Duża</en>
		</name>
        <image>Store/Store_Aluminium_Ladder.png</image>
        <price>150</price>
        <allowLeasing>false</allowLeasing>
        <canBeSold>true</canBeSold>
        <rotation>90</rotation>
        <brand>LIZARD</brand>
        <category>misc</category>
        <financeCategory>OTHER</financeCategory>
        <vertexBufferMemoryUsage>19488</vertexBufferMemoryUsage>
        <indexBufferMemoryUsage>2028</indexBufferMemoryUsage>
        <textureMemoryUsage>1925264</textureMemoryUsage>
        <instanceVertexBufferMemoryUsage>0</instanceVertexBufferMemoryUsage>
        <instanceIndexBufferMemoryUsage>0</instanceIndexBufferMemoryUsage>
    </storeData>

    <base>
        <filename>Filename/Aluminium_Ladder.i3d</filename>
        <size width="1" length="3.5" />
        <input allowed="false"/>
        <canBeReset>false</canBeReset>
        <components>
            <component centerOfMass="0 0.1 0" solverIterationCount="10" mass="15" />
        </components>
    </base>

    <dynamicMount triggerNode="dynamicMountTrigger" />

    <tensionBeltObject>
        <meshNodes>
            <meshNode node="tensionBeltNode"/>
        </meshNodes>
    </tensionBeltObject>

    <i3dMappings>
        <i3dMapping id="dynamicMountTrigger" node="0>0" />
        <i3dMapping id="tensionBeltNode" node="0>1" />
    </i3dMappings>
</vehicle>
