<?xml version="1.0" encoding="utf-8" standalone="no"?>
<modDesc descVersion="44">
    <author>Anton</author>
    <contributors>Realismus Modding,Rahkiin, theSeb, reallogger</contributors>
    <version>1.0.0.0</version>

    <title>
        <en>Seasons GEO: Poland</en>
        <de>Seasons GEO: Polen</de>
        <fr>Seasons GEO: Pologne</fr>
        <pl>Seasons GEO: Polska</pl>
    </title>

    <description>
         <en> <![CDATA[Poland, a country with four seasons. Winter can be cold and summer can be very hot. This is a GEO mod that requires Seasons Mod Version 1.0.1.0 by Realismus Modding ]]>.</en>
		 <de>  <![CDATA[Polen, ein Land mit vier Jahreszeiten. Der Winter kann kalt und der Sommer sehr heiß sein. Dies ist ein GEO Mod, der Seasons Mod Version 1.0.1.0 von Realismus Modding benötigt]]></de>
		 <fr> <![CDATA[La Pologne, un pays avec quatre saisons. L'hiver peut être froid et l'été peut être très chaud. Ceci est un mod GEO qui nécessite Seasons Mod Version 1.0.1.0 de Realismus Modding]]></fr>
		 <pl><![CDATA[Polska, kraj z czterema porami roku. Zima może być mrożna a lato bardzo gorące. Jest to mod GEO, który wymaga Seasons Mod w wersji 1.0.1.0  Realismus Modding]]></pl>
    </description>

    <iconFilename>icon.dds</iconFilename>

    <multiplayer supported="true"/>
    
	<seasons version="11">
        <type>geo</type>
        <dataFolder>data/</dataFolder>
    </seasons>
</modDesc>