﻿<?xml version="1.0" encoding="utf-8" standalone="no" ?>
<modDesc descVersion="53">
    <author>Denios_</author>
    <version>1.0.0.0</version>
	
    <title>
	    <en>Wóz Konny</en>
    </title>
	
	<iconFilename>textures/Zdjecie.dds</iconFilename>
	<multiplayer supported="true" />
	
    <description>
       <en>.</en>
    </description>

	<l10n>
		<text name="configuration_valueforestryTransport">
            <en>Do Drewna</en>	
		</text>
		<text name="configuration_valueLoadingWagon1">
            <en>Do Bel</en>	
		</text>
		<text name="configuration_New">
            <en>Nowy</en>	
		</text>
		<text name="configuration_Rust">
            <en>Zniszczony</en>	
		</text>
		<text name="configuration_RustR">
            <en>Zniszczone</en>	
		</text>
		<text name="configuration_NewR">
            <en>Nowe</en>	
		</text>
		<text name="Gray">
            <en>Siwy</en>	
		</text>
		<text name="Black">
            <en>Czarny</en>	
		</text>		
		<text name="Green">
            <en>Zielony</en>	
		</text>	
		<text name="Red">
            <en>Czerwony</en>	
		</text>	
		<text name="Orange">
            <en>Pomarańczowy</en>	
		</text>
		<text name="Blue"> 
            <en>Niebieski</en>	
		</text>		
	</l10n>
	
    <vehicleTypes>
        <type name="Woz" className="Vehicle" filename="$dataS/scripts/vehicles/Vehicle.lua">
			<specialization name="attacherJoints" />
			<specialization name="attachable" />
			<specialization name="animatedVehicle" />
			<specialization name="cylindered" />
			<specialization name="fillUnit" />
			<specialization name="fillVolume" />
			<specialization name="dischargeable" />
			<specialization name="trailer" />
			<specialization name="washable" />
			<specialization name="mountable" />
			<specialization name="tensionBelts" />
        </type>
    </vehicleTypes>

	<storeItems>
		<storeItem xmlFilename="Woz.xml"/>
    </storeItems>
</modDesc>
