﻿<?xml version="1.0" encoding="utf-8" standalone="no" ?>
<vehicle type="trailer">
	<annotation>Copyright (C) GIANTS Software GmbH, All Rights Reserved.</annotation>

    <storeData>
        <name>
           <en>Wóz Konny</en>
		</name>
        <functions>
            <function>$l10n_function_tipper</function>
			<function>$l10n_function_baleTrailer</function>
        </functions>
        <image>textures/Woz_Zdjecie.dds</image>
        <price>1500</price>
        <lifetime>600</lifetime>
        <rotation>0</rotation>
		<brand>LIZARD</brand>
		<category>trailers</category>
        <vertexBufferMemoryUsage>177072</vertexBufferMemoryUsage>
        <indexBufferMemoryUsage>27816</indexBufferMemoryUsage>
        <textureMemoryUsage>19573704</textureMemoryUsage>
        <instanceVertexBufferMemoryUsage>0</instanceVertexBufferMemoryUsage>
        <instanceIndexBufferMemoryUsage>0</instanceIndexBufferMemoryUsage>
    </storeData>
	
	<base>
        <typeDesc>$l10n_typeDesc_tipper</typeDesc>
        <filename>woz.i3d</filename>
        <size width="2" length="5" lengthOffset="0.75" />
        <components>
            <component centerOfMass="0 0.65 0" solverIterationCount="10" mass="800"/>
            <component centerOfMass="0 0 0"	   solverIterationCount="10" mass="255"/>
            <component 						   solverIterationCount="10" mass="120"/>
            <joint component1="1" component2="2" node="componentJointFront" rotLimit="0 46 10" transLimit="0 0 0" />
            <joint component1="2" component2="3" node="componentJointDrawbar" rotLimit="8 0 0" transLimit="0 0 0" />
        </components>
        <schemaOverlay attacherJointPosition="0 0">
            <default name="DEFAULT_IMPLEMENT"/>
            <selected name="DEFAULT_IMPLEMENT_SELECTED"/>
        </schemaOverlay>
    </base>
	
	<configurationSets>
        <!-- Standard -->
        <configurationSet name="$l10n_configuration_capacityX" params="2000" isDefault="true">
            <configuration name="tensionBelts" index="1" />
            <configuration name="fillVolume"   index="2" />
            <configuration name="fillUnit"     index="1" />
            <configuration name="trailer"      index="1" />
        </configurationSet>
        <!-- Wood -->
        <configurationSet name="$l10n_configuration_valueforestryTransport" >
            <configuration name="tensionBelts" index="2" />
            <configuration name="fillVolume"   index="1" />
            <configuration name="fillUnit"     index="2" />
            <configuration name="trailer"      index="1" />
        </configurationSet>
        <!-- Bales -->
        <configurationSet name="$l10n_configuration_valueLoadingWagon1" >
            <configuration name="tensionBelts" index="1" />
            <configuration name="fillVolume"   index="3" />
            <configuration name="fillUnit"     index="3" />
            <configuration name="trailer"      index="1" />
        </configurationSet>
    </configurationSets>
	
	<wheels>
		<wheelConfigurations>
			<wheelConfiguration name="$l10n_configuration_NewR" price="0">
				<wheels>
					<wheel filename="wheels.xml" isLeft="true" hasTireTracks="true" hasParticles="true" tireTrackAtlasIndex="1" > 
						<physics tipOcclusionAreaGroupId="1" restLoad="0.5" repr="wheelBackLeft"  forcePointRatio="0.3" initialCompression="10" suspTravel="0.15" spring="30" damper="50" />
					</wheel>
					<wheel filename="wheels.xml" isLeft="false" hasTireTracks="true" hasParticles="true" tireTrackAtlasIndex="1" >
						<physics tipOcclusionAreaGroupId="1" restLoad="0.5" repr="wheelBackRight"  forcePointRatio="0.3" initialCompression="10" suspTravel="0.15" spring="30" damper="50" />
					</wheel>
					<wheel filename="wheels.xml" isLeft="true" hasTireTracks="true" hasParticles="true" tireTrackAtlasIndex="1" >
						<physics tipOcclusionAreaGroupId="1" restLoad="0.5" repr="wheelFrontLeft"  forcePointRatio="0.3" initialCompression="10" suspTravel="0.15" spring="30" damper="50" />
					</wheel>
					<wheel filename="wheels.xml" isLeft="false" hasTireTracks="true" hasParticles="true" tireTrackAtlasIndex="1" >
						<physics tipOcclusionAreaGroupId="1" restLoad="0.5" repr="wheelFrontRight"  forcePointRatio="0.3" initialCompression="10" suspTravel="0.15" spring="30" damper="50" />
					</wheel>
				</wheels>
			</wheelConfiguration>
			<wheelConfiguration name="$l10n_configuration_RustR" price="-200">
				<wheels>
					<wheel filename="wheels2.xml" isLeft="true" hasTireTracks="true" hasParticles="true" tireTrackAtlasIndex="1" > 
						<physics tipOcclusionAreaGroupId="1" restLoad="0.5" repr="wheelBackLeft"  forcePointRatio="0.3" initialCompression="10" suspTravel="0.15" spring="30" damper="50" />
					</wheel>
					<wheel filename="wheels2.xml" isLeft="false" hasTireTracks="true" hasParticles="true" tireTrackAtlasIndex="1" >
						<physics tipOcclusionAreaGroupId="1" restLoad="0.5" repr="wheelBackRight"  forcePointRatio="0.3" initialCompression="10" suspTravel="0.15" spring="30" damper="50" />
					</wheel>
					<wheel filename="wheels2.xml" isLeft="true" hasTireTracks="true" hasParticles="true" tireTrackAtlasIndex="1" >
						<physics tipOcclusionAreaGroupId="1" restLoad="0.5" repr="wheelFrontLeft"  forcePointRatio="0.3" initialCompression="10" suspTravel="0.15" spring="30" damper="50" />
					</wheel>
					<wheel filename="wheels2.xml" isLeft="false" hasTireTracks="true" hasParticles="true" tireTrackAtlasIndex="1" >
						<physics tipOcclusionAreaGroupId="1" restLoad="0.5" repr="wheelFrontRight"  forcePointRatio="0.3" initialCompression="10" suspTravel="0.15" spring="30" damper="50" />
					</wheel>
				</wheels>
			</wheelConfiguration>
		</wheelConfigurations>
	</wheels>
	
    <attachable>
        <inputAttacherJoints>
            <inputAttacherJoint node="attacherJoint" jointType="trailer" rootNode="wozOld_drawbar_component3" attacherHeight="0.46" />
        </inputAttacherJoints>
        <brakeForce>0.1</brakeForce>
		<support animationName="drawbar" />
    </attachable>
	
	
	<animations>
        <animation name="tipAnimationBack">
            <part node="0>0|6" startTime="0" endTime="0.01" visibility="true" />
            <part node="0>0|6" startTime="0.01" endTime="0.02" visibility="false" />
			<part node="0>2|6" startTime="0" endTime="0.01" visibility="true" />
            <part node="0>2|6" startTime="0.01" endTime="0.02" visibility="false" />
        </animation>
		<animation name="drawbar">
            <part startTime="0" endTime="0.5" componentJointIndex="2" startRotLimit="30 0 0" endRotLimit="5 0 0"/>
        </animation>
    </animations>
	
	<fillSound file="$data/maps/sounds/siloFillSound.wav"          pitchOffset="1.0" volume="1.5" indoorVolumeFactor="0.75" />
    <attachSound file="$data/sounds/attach.wav"                    pitchOffset="1.0" volume="1.0" indoorVolumeFactor="0.35" indoorLowpassGain="0.75"/>
	
	<tensionBelts>
        <tensionBeltsConfigurations>
			<!-- Standard -->
            <tensionBeltsConfiguration>
                <tensionBelts linkNode="belts" jointNode="wozOld_main_component1" width="0.075" maxEdgeLength="0.1" geometryBias="0.01" ratchetPosition="0.2" defaultOffset="0.1" defaultOffsetSide="0.1" defaultHeight="4" activationTrigger="beltActivationTrigger">
                    <tensionBelt startNode="beltStart1" endNode="beltEnd6" offsetLeft="0.95"/>
                    <tensionBelt startNode="beltStart2" endNode="beltEnd5"/>
                    <tensionBelt startNode="beltStart3" endNode="beltEnd4"/>
                    <tensionBelt startNode="beltStart4" endNode="beltEnd3"/>
                    <tensionBelt startNode="beltStart5" endNode="beltEnd2"/>
					<tensionBelt startNode="beltStart6" endNode="beltEnd1" offsetRight="0.8"/>
                </tensionBelts>
            </tensionBeltsConfiguration>
			<!-- Wood -->
            <tensionBeltsConfiguration>
                <tensionBelts linkNode="belts2" jointNode="wozOld_main_component1" width="0.075" maxEdgeLength="0.1" geometryBias="0.01" ratchetPosition="0.2" defaultOffset="0.1" defaultOffsetSide="0.1" defaultHeight="4" activationTrigger="beltActivationTrigger">
                    <tensionBelt startNode="beltStart7" endNode="beltEnd7" offsetLeft="2">
						<intersectionNode node="belt7Intersection1" />
						<intersectionNode node="belt7Intersection2" />
					</tensionBelt>	
					<tensionBelt startNode="beltStart8" endNode="beltEnd8" offsetRight="2">
						<intersectionNode node="belt8Intersection1" />
						<intersectionNode node="belt8Intersection2" />
					</tensionBelt>	
                </tensionBelts>
            </tensionBeltsConfiguration>
        </tensionBeltsConfigurations>
    </tensionBelts>
	
	<vehicleTypeConfigurations>
        <vehicleTypeConfiguration name="$l10n_configuration_New" price="0" vehicleType="trailer">
           	<!-- Sides -->
				<objectChange node="0>0|1"    visibilityActive="true" />  <!-- burta lewa -->
                <objectChange node="0>0|2"    visibilityActive="true" />  <!-- burta prawa -->
                <objectChange node="0>0|3"    visibilityActive="false" /> <!-- nadstawka lewa -->
                <objectChange node="0>0|4"    visibilityActive="false" /> <!-- nadstawka prawa -->
				<objectChange node="0>0|5"    visibilityActive="true" />  <!-- zastawka przód -->
                <objectChange node="0>0|6|0"  visibilityActive="true" />  <!-- zastawka tył -->
				<!-- Sides rust -->
				<objectChange node="0>2"      visibilityActive="false" />  <!-- paka zardzewiały -->
				<objectChange node="0>3"      visibilityActive="false" />  <!-- rama zardzewiały -->
				<objectChange node="0>2|0"    visibilityActive="false" />  <!-- podłoga zardzewiały -->
				<objectChange node="0>2|1"    visibilityActive="false" />  <!-- burta lewa zardzewiały -->
				<objectChange node="0>2|2"    visibilityActive="false" />  <!-- burta prawa zardzewiały -->
				<objectChange node="0>2|3"    visibilityActive="false" />  <!-- nadstawka lewa zardzewiały -->
				<objectChange node="0>2|4"    visibilityActive="false" />  <!-- nadstawka prawa zardzewiały -->
				<objectChange node="0>2|5"    visibilityActive="false" />  <!-- zastawka przód zardzewiały -->
				<objectChange node="0>2|6|0"  visibilityActive="false" />  <!-- zastawka tył zardzewiały -->
				<!-- Additional pipes -->
				<objectChange node="0>1|1"    visibilityActive="false" /> <!-- All -->
        </vehicleTypeConfiguration>
        <vehicleTypeConfiguration name="$l10n_configuration_Rust" price="-500" vehicleType="trailer">
            	<!-- Sides new -->
				<objectChange node="0>1"      visibilityActive="false" /> <!-- rama nowy -->
				<objectChange node="0>0|0"    visibilityActive="false" /> <!-- podłoga nowy -->
				<objectChange node="0>0|1"    visibilityActive="false" /> <!-- burta lewa nowy -->
                <objectChange node="0>0|2"    visibilityActive="false" /> <!-- burta prawa nowy -->
				<objectChange node="0>0|3|0"  visibilityActive="false" /> <!-- nadstawka lewa nowy -->
				<objectChange node="0>0|4|0"  visibilityActive="false" /> <!-- nadstawka prawa nowy -->
				<objectChange node="0>0|5"    visibilityActive="false" /> <!-- zastawka przód nowy -->
				<objectChange node="0>0|6|0"  visibilityActive="false" /> <!-- zastawka tył nowy -->
				<!-- Sides rust -->
				<objectChange node="0>2"      visibilityActive="true" />  <!-- paka zardzewiały -->
				<objectChange node="0>3"      visibilityActive="true" />  <!-- rama zardzewiały -->
				<objectChange node="0>2|0"    visibilityActive="true" />  <!-- podłoga zardzewiały -->
				<objectChange node="0>2|1"    visibilityActive="true" />  <!-- burta lewa zardzewiały -->
				<objectChange node="0>2|2"    visibilityActive="true" />  <!-- burta prawa zardzewiały -->
				<objectChange node="0>2|3"    visibilityActive="false" /> <!-- nadstawka lewa zardzewiały -->
				<objectChange node="0>2|4"    visibilityActive="false" /> <!-- nadstawka prawa zardzewiały -->
				<objectChange node="0>2|5"    visibilityActive="true" />  <!-- zastawka przód zardzewiały -->
				<objectChange node="0>2|6|0"  visibilityActive="true" />  <!-- zastawka tył zardzewiały -->
				<!-- Drawbar new -->
				<objectChange node="1>0"      visibilityActive="false" /> <!-- dyszel nowy -->
				<objectChange node="2>0"      visibilityActive="false" /> <!-- dyszel nowy -->
				<!-- Drawbar rust -->
				<objectChange node="1>4"      visibilityActive="true" /> <!-- dyszel zardzewiały -->
				<objectChange node="2>3"      visibilityActive="true" /> <!-- dyszel zardzewiały -->
				<!-- Additional pipes rust -->
				<objectChange node="0>3|1"    visibilityActive="false" /> <!-- All -->
        </vehicleTypeConfiguration>
    </vehicleTypeConfigurations>

	<fillUnit>
        <fillUnitConfigurations>
            <!-- Standard -->
            <fillUnitConfiguration name="$l10n_configuration_capacityX" price="0" params="2000" >
                <fillUnits>
                    <fillUnit unit="$l10n_unit_literShort" fillTypeCategories="bulk" capacity="2000" >
                        <exactFillRootNode node="exactFillRootNode" />
                        <autoAimTargetNode node="fillAutoAimTarget" startZ="0.9" endZ="-1.8" invert="false" fillUnitIndex="1" startPercentage="25"/>
                    </fillUnit>
                </fillUnits>		
            </fillUnitConfiguration>
			 <!-- Wood -->
            <fillUnitConfiguration name="$l10n_configuration_valueforestryTransport" price="-200" >
                <fillUnits>
                    <fillUnit unit="$l10n_unit_literShort" fillTypeCategories="bulk" capacity="0" />
                </fillUnits>
				<!-- Sides -->
				<objectChange node="0>0|0"    visibilityActive="false" /> <!-- podłoga -->
				<objectChange node="0>0|1"    visibilityActive="false" /> <!-- burta lewa -->
                <objectChange node="0>0|2"    visibilityActive="false" /> <!-- burta prawa -->
                <objectChange node="0>0|3|0"  visibilityActive="false" /> <!-- nadstawka lewa -->
                <objectChange node="0>0|4|0"  visibilityActive="false" /> <!-- nadstawka prawa -->
				<objectChange node="0>0|5"    visibilityActive="false" /> <!-- zastawka przód -->
                <objectChange node="0>0|6|0"  visibilityActive="false" /> <!-- zastawka tył -->
				<!-- Col Off -->
				<objectChange node="0>0|0|0"  compoundChildActive="false" compoundChildInactive="true" /> <!-- podłoga nowy -->
				<objectChange node="0>0|1"    compoundChildActive="false" compoundChildInactive="true" /> <!-- burta lewa nowy -->
                <objectChange node="0>0|2"    compoundChildActive="false" compoundChildInactive="true" /> <!-- burta prawa nowy -->
                <objectChange node="0>0|3"    compoundChildActive="false" compoundChildInactive="true" /> <!-- nadstawka lewa nowy -->
                <objectChange node="0>0|4"    compoundChildActive="false" compoundChildInactive="true" /> <!-- nadstawka prawa nowy -->
				<objectChange node="0>0|5|0"  compoundChildActive="false" compoundChildInactive="true" /> <!-- zastawka przód nowy -->
                <objectChange node="0>0|6"    compoundChildActive="false" compoundChildInactive="true" /> <!-- zastawka tył nowy -->
				<!-- Sides rust -->
				<objectChange node="0>2|0"    visibilityActive="false" /> <!-- podłoga zardzewiały -->
				<objectChange node="0>2|1"    visibilityActive="false" /> <!-- burta lewa zardzewiały -->
                <objectChange node="0>2|2"    visibilityActive="false" /> <!-- burta prawa zardzewiały -->
                <objectChange node="0>2|3"    visibilityActive="false" /> <!-- nadstawka lewa zardzewiały -->
                <objectChange node="0>2|4"    visibilityActive="false" /> <!-- nadstawka prawa zardzewiały -->
				<objectChange node="0>2|5"    visibilityActive="false" /> <!-- zastawka przód zardzewiały -->
                <objectChange node="0>2|6|0"  visibilityActive="false" /> <!-- zastawka tył zardzewiały -->		
				<!-- Col Off -->
				<objectChange node="0>2|0|0"  compoundChildActive="false" compoundChildInactive="true" /> <!-- podłoga zardzewiały -->
				<objectChange node="0>2|1"    compoundChildActive="false" compoundChildInactive="true" /> <!-- burta lewa zardzewiały -->
                <objectChange node="0>2|2"    compoundChildActive="false" compoundChildInactive="true" /> <!-- burta prawa zardzewiały -->
                <objectChange node="0>2|3"    compoundChildActive="false" compoundChildInactive="true" /> <!-- nadstawka lewa zardzewiały -->
                <objectChange node="0>2|4"    compoundChildActive="false" compoundChildInactive="true" /> <!-- nadstawka prawa zardzewiały -->
				<objectChange node="0>2|5|0"  compoundChildActive="false" compoundChildInactive="true" /> <!-- zastawka przód zardzewiały -->
                <objectChange node="0>2|6"    compoundChildActive="false" compoundChildInactive="true" /> <!-- zastawka tył zardzewiały -->		
				<!-- Pipes -->
				<objectChange node="0>1|0"    visibilityActive="true" /> <!-- All -->
				<!-- Pipes rust -->
				<objectChange node="0>3|0"    visibilityActive="true" /> <!-- All -->
				<objectChange node="0>3|1"    visibilityActive="true" />
				<!-- Additional pipes -->
				<objectChange node="0>1|1"     visibilityActive="true" /> <!-- All -->
                <objectChange node="0>1|1|0|0" compoundChildActive="true" compoundChildInactive="false" /> <!-- ColLP -->
				<objectChange node="0>1|1|1|0" compoundChildActive="true" compoundChildInactive="false" /> <!-- ColPP -->
			    <objectChange node="0>1|1|2|0" compoundChildActive="true" compoundChildInactive="false" /> <!-- ColLT -->
				<objectChange node="0>1|1|3|0" compoundChildActive="true" compoundChildInactive="false" /> <!-- ColPT -->
				<!-- Additional pipes rust -->
				<objectChange node="0>3|1"     visibilityActive="true" /> <!-- All -->
				<objectChange node="0>3|1|0|0" compoundChildActive="true" compoundChildInactive="false" /> <!-- ColLP -->
				<objectChange node="0>3|1|1|0" compoundChildActive="true" compoundChildInactive="false" /> <!-- ColPP -->
			    <objectChange node="0>3|1|2|0" compoundChildActive="true" compoundChildInactive="false" /> <!-- ColLT -->
				<objectChange node="0>3|1|3|0" compoundChildActive="true" compoundChildInactive="false" /> <!-- ColPT -->
				<!-- Frame -->
				<objectChange node="0>1|2"  compoundChildActive="true" compoundChildInactive="false" /> 
				<objectChange node="0>0|17" compoundChildActive="true" compoundChildInactive="false" /> 
			    <objectChange node="0>0|18" compoundChildActive="true" compoundChildInactive="false" />
				<objectChange node="1>5" 	compoundChildActive="true" compoundChildInactive="false" />
				<objectChange node="0>0|20" compoundChildActive="true" compoundChildInactive="false" />
			 </fillUnitConfiguration>
			 <!-- Bales -->
            <fillUnitConfiguration name="$l10n_configuration_valueLoadingWagon1" price="100" >
                <fillUnits>
                    <fillUnit unit="$l10n_unit_literShort" fillTypeCategories="forageWagon" capacity="3000" />
                </fillUnits>
				<!-- Sides new -->
                <objectChange node="0>0|3"  visibilityActive="true" /> <!-- nadstawka lewa -->
                <objectChange node="0>0|4"  visibilityActive="true" /> <!-- nadstawka prawa -->
				<!-- Col On -->
				<objectChange node="0>0|3"  compoundChildActive="true" compoundChildInactive="false" /> <!-- nadstawka lewa -->
                <objectChange node="0>0|4" 	compoundChildActive="true" compoundChildInactive="false" /> <!-- nadstawka prawa -->
				<!-- Sides rust -->
				<objectChange node="0>2|3"  visibilityActive="true" /> <!-- nadstawka lewa zardzewiały -->
                <objectChange node="0>2|4"  visibilityActive="true" /> <!-- nadstawka prawa zardzewiały -->
				<!-- Col On -->
				<objectChange node="0>2|3"  compoundChildActive="true" compoundChildInactive="false" /> <!-- nadstawka lewa zardzewiały -->
                <objectChange node="0>2|4"  compoundChildActive="true" compoundChildInactive="false" /> <!-- nadstawka prawa zardzewiały -->
				<!-- Pipes -->
				<objectChange node="0>1|0"  visibilityActive="true" /> <!-- All -->
				<objectChange node="0>1|1"     visibilityActive="true" />
				<!-- Pipes rust -->
				<objectChange node="0>3|0"  visibilityActive="true" /> <!-- All -->
				<objectChange node="0>3|1"  visibilityActive="true" /> <!-- All -->
				<!-- Belts -->
				<objectChange node="belts"     translationActive="0 1.53 -5.06" scaleActive="1.2 1 1" />
			 </fillUnitConfiguration>
        </fillUnitConfigurations>
    </fillUnit>
	
	<fillVolume>
        <fillVolumeConfigurations>
		    <!-- Without sides -->
            <fillVolumeConfiguration />
			<!-- Standard -->
            <fillVolumeConfiguration>
                <volumes>
                    <volume node="fillVolume" maxDelta="0.23" fillUnitIndex="1" />
                </volumes>
			</fillVolumeConfiguration>
			 <!-- Bales -->
            <fillVolumeConfiguration>
                <volumes>
                    <volume node="fillVolume2" maxDelta="0.23" maxAllowedHeapAngle="18" fillUnitIndex="1" />
                </volumes>
            </fillVolumeConfiguration>
		</fillVolumeConfigurations>

		<unloadInfos>
			<unloadInfo fillVolumeIndex="2" >
                <node node="fillVolumeHeightNodeBack1" />
                <node node="fillVolumeHeightNodeBack2" />
			</unloadInfo>
		</unloadInfos>
	</fillVolume>
	
	
	<trailer>
        <trailerConfigurations>
            <trailerConfiguration>
                <trailer>
                    <tipSide name="$l10n_info_tipSideBack" dischargeNodeIndex="1">
                        <animation name="tipAnimationBack" speedScale="1.0" startTipTime="0.1"/>
                    </tipSide>
                </trailer>
            </trailerConfiguration>
        </trailerConfigurations>
    </trailer>
	
	 <dischargeable>
        <dischargeNode node="dischargeNodeBack" emptySpeed="300" fillUnitIndex="1" unloadInfoIndex="1" >
            <info width="2.4" length="0.5" zOffset="0.5"/>
            <effects>
                <effectNode effectClass="TipEffect">
                    <effectNode effectNode="emitterShapeBack" effectClass="ParticleEffect" />
                    <effectNode effectNode="grainEffectBack" materialType="unloading" materialTypeId="1" fadeTime="0.5" extraDistanceNode="dischargeNodeBack" extraDistance="0.2"/>
                </effectNode>
                <effectNode effectNode="smokeEffectBack" materialType="smoke" materialTypeId="1" fadeTime="0.5" />
            </effects>
        </dischargeNode>
    </dischargeable>
	
	<baseMaterial>
        <material name="wozRama_tex" baseNode="0>1">
            <shaderParameter name="colorMat0" value="0.18 0.18 0.18 6"/>
        </material>
    </baseMaterial>

    <baseMaterialConfigurations useDefaultColors="false" defaultColorIndex="0">
        <material name="wozRama_tex" shaderParameter="colorMat0" />
		<!--GRAY-->
        <baseMaterialConfiguration name="$l10n_Gray"   price="0" color="0.18 0.18 0.18"/>
        <baseMaterialConfiguration name="$l10n_Gray"   price="200" color="0.22 0.22 0.22"/>
        <baseMaterialConfiguration name="$l10n_Gray"   price="200" color="0.264 0.264 0.264"/>
        <baseMaterialConfiguration name="$l10n_Gray"   price="200" color="0.06 0.06 0.06"/>	
        <baseMaterialConfiguration name="$l10n_Gray"   price="200" color="0.11 0.11 0.11"/>	
        <baseMaterialConfiguration name="$l10n_Gray"   price="200" color="0.2 0.22 0.2"/>
        <baseMaterialConfiguration name="$l10n_Gray"   price="200" color="0.2 0.24 0.2"/>
        <baseMaterialConfiguration name="$l10n_Gray"   price="200" color="0.24 0.24 0.2"/>
        <baseMaterialConfiguration name="$l10n_Gray"   price="200" color="0.24 0.2 0.2"/>
        <baseMaterialConfiguration name="$l10n_Gray"   price="200" color="0.24 0.25 0.2"/>
		<!--GRAY-->

		<!--BLACK-->
        <baseMaterialConfiguration name="$l10n_Black"  price="200" color="0.08 0.08 0.08"/>
        <baseMaterialConfiguration name="$l10n_Black"  price="200" color="0.03 0.03 0.03"/>
        <baseMaterialConfiguration name="$l10n_Black"  price="200" color="0.02 0.02 0.02"/>
        <baseMaterialConfiguration name="$l10n_Black"  price="200" color="0.08 0.06 0.06"/>
		<!--BLACK-->

		<!--RED-->
        <baseMaterialConfiguration name="$l10n_Red"    price="200" color="0.7 0.05 0.02"/>
        <baseMaterialConfiguration name="$l10n_Red"    price="200" color="0.7 0.05 0"/>
        <baseMaterialConfiguration name="$l10n_Red"    price="200" color="0.7 0.02 0.02"/>
        <baseMaterialConfiguration name="$l10n_Red"    price="200" color="0.7 0 0"/>
        <baseMaterialConfiguration name="$l10n_Red"    price="200" color="0.6 0.02 0"/>
        <baseMaterialConfiguration name="$l10n_Red"    price="200" color="0.6 0.05 0"/>
	 	<baseMaterialConfiguration name="$l10n_Red"    price="200" color="0.3 0.05 0.05"/>
	 	<baseMaterialConfiguration name="$l10n_Red"    price="200" color="0.3 0.04 0.04"/>
	 	<baseMaterialConfiguration name="$l10n_Red"    price="200" color="0.3 0.03 0.03"/>
	 	<baseMaterialConfiguration name="$l10n_Red"    price="200" color="0.3 0.02 0.02"/>
	 	<baseMaterialConfiguration name="$l10n_Red"    price="200" color="0.39 0.09 0.12"/>
		<!--RED-->

		<!--ORANGE-->
        <baseMaterialConfiguration name="$l10n_Orange" price="200" color="0.46 0.28 0.15"/>
        <baseMaterialConfiguration name="$l10n_Orange" price="200" color="0.46 0.28 0.12"/>
        <baseMaterialConfiguration name="$l10n_Orange" price="200" color="0.46 0.2 0.12"/>
        <baseMaterialConfiguration name="$l10n_Orange" price="200" color="0.4 0.2 0.12"/>
        <baseMaterialConfiguration name="$l10n_Orange" price="200" color="0.3 0.13 0.1"/>
        <baseMaterialConfiguration name="$l10n_Orange" price="200" color="0.4 0.07 0"/>
        <baseMaterialConfiguration name="$l10n_Orange" price="200" color="0.5 0.12 0.02"/>
        <baseMaterialConfiguration name="$l10n_Orange" price="200" color="0.8 0.28 0.06"/>
        <baseMaterialConfiguration name="$l10n_Orange" price="200" color="0.55 0.36 0.2"/>
        <baseMaterialConfiguration name="$l10n_Orange" price="200" color="0.38 0.08 0.04"/>
        <baseMaterialConfiguration name="$l10n_Orange" price="200" color="0.22 0.08 0.04"/>
        <baseMaterialConfiguration name="$l10n_Orange" price="200" color="0.15 0.06 0.04"/>
        <baseMaterialConfiguration name="$l10n_Orange" price="200" color="0.11 0.05 0.03"/>
		<!--ORANGE-->

		<!--GREEN-->
        <baseMaterialConfiguration name="$l10n_Green"  price="200" color="0 0.21 0.1"/>
        <baseMaterialConfiguration name="$l10n_Green"  price="200" color="0 0.2 0.05"/>
        <baseMaterialConfiguration name="$l10n_Green"  price="200" color="0.02 0.24 0.05"/>
        <baseMaterialConfiguration name="$l10n_Green"  price="200" color="0.08 0.3 0.05"/>
        <baseMaterialConfiguration name="$l10n_Green"  price="200" color="0.26 0.2 0.15"/>
        <baseMaterialConfiguration name="$l10n_Green"  price="200" color="0.26 0.2 0.1"/>
        <baseMaterialConfiguration name="$l10n_Green"  price="200" color="0.26 0.25 0.13"/>
        <baseMaterialConfiguration name="$l10n_Green"  price="200" color="0.01 0.13 0.04"/>
        <baseMaterialConfiguration name="$l10n_Green"  price="200" color="0.15 0.35 0.06"/>
        <baseMaterialConfiguration name="$l10n_Green"  price="200" color="0 0.28 0.08"/>
        <baseMaterialConfiguration name="$l10n_Green"  price="200" color="0.1 0.21 0.06"/>
        <baseMaterialConfiguration name="$l10n_Green"  price="200" color="0.1 0.13 0.06"/>
        <baseMaterialConfiguration name="$l10n_Green"  price="200" color="0.19 0.13 0.08"/>
        <baseMaterialConfiguration name="$l10n_Green"  price="200" color="0.04 0.15 0.03"/>
        <baseMaterialConfiguration name="$l10n_Green"  price="200" color="0.04 0.15 0.06"/>
        <baseMaterialConfiguration name="$l10n_Green"  price="200" color="0.04 0.15 0.1"/>
		<!--GREEN-->

		<!--BLUE-->
        <baseMaterialConfiguration name="$l10n_Blue"   price="200" color="0 0.27 0.37"/>
        <baseMaterialConfiguration name="$l10n_Blue"   price="200" color="0 0.21 0.37"/>
        <baseMaterialConfiguration name="$l10n_Blue"   price="200" color="0 0.17 0.37"/>
        <baseMaterialConfiguration name="$l10n_Blue"   price="200" color="0 0.21 0.43"/>
        <baseMaterialConfiguration name="$l10n_Blue"   price="200" color="0 0.2 0.3"/>
        <baseMaterialConfiguration name="$l10n_Blue"   price="200" color="0.05 0.2 0.3"/>
        <baseMaterialConfiguration name="$l10n_Blue"   price="200" color="0.02 0.07 0.53"/>
        <baseMaterialConfiguration name="$l10n_Blue"   price="200" color="0.02 0.07 0.24"/>
        <baseMaterialConfiguration name="$l10n_Blue"   price="200" color="0.02 0.13 0.24"/>
        <baseMaterialConfiguration name="$l10n_Blue"   price="200" color="0.02 0.13 0.45"/>
		<!--BLUE-->
    </baseMaterialConfigurations>
	
	<rimColorConfigurations>
		<!--GRAY-->
        <rimColorConfiguration name="$l10n_Gray"   price="0" color="0.18 0.18 0.18"/>
        <rimColorConfiguration name="$l10n_Gray"   price="200" color="0.22 0.22 0.22"/>
        <rimColorConfiguration name="$l10n_Gray"   price="200" color="0.264 0.264 0.264"/>
        <rimColorConfiguration name="$l10n_Gray"   price="200" color="0.06 0.06 0.06"/>	
        <rimColorConfiguration name="$l10n_Gray"   price="200" color="0.11 0.11 0.11"/>	
        <rimColorConfiguration name="$l10n_Gray"   price="200" color="0.2 0.22 0.2"/>
        <rimColorConfiguration name="$l10n_Gray"   price="200" color="0.2 0.24 0.2"/>
        <rimColorConfiguration name="$l10n_Gray"   price="200" color="0.24 0.24 0.2"/>
        <rimColorConfiguration name="$l10n_Gray"   price="200" color="0.24 0.2 0.2"/>
        <rimColorConfiguration name="$l10n_Gray"   price="200" color="0.24 0.25 0.2"/>
		<!--GRAY-->

		<!--BLACK-->
        <rimColorConfiguration name="$l10n_Black"  price="200" color="0.08 0.08 0.08"/>
        <rimColorConfiguration name="$l10n_Black"  price="200" color="0.03 0.03 0.03"/>
        <rimColorConfiguration name="$l10n_Black"  price="200" color="0.02 0.02 0.02"/>
        <rimColorConfiguration name="$l10n_Black"  price="200" color="0.08 0.06 0.06"/>
		<!--BLACK-->

		<!--RED-->
        <rimColorConfiguration name="$l10n_Red"    price="200" color="0.7 0.05 0.02"/>
        <rimColorConfiguration name="$l10n_Red"    price="200" color="0.7 0.05 0"/>
        <rimColorConfiguration name="$l10n_Red"    price="200" color="0.7 0.02 0.02"/>
        <rimColorConfiguration name="$l10n_Red"    price="200" color="0.7 0 0"/>
        <rimColorConfiguration name="$l10n_Red"    price="200" color="0.6 0.02 0"/>
        <rimColorConfiguration name="$l10n_Red"    price="200" color="0.6 0.05 0"/>
	 	<rimColorConfiguration name="$l10n_Red"    price="200" color="0.3 0.05 0.05"/>
	 	<rimColorConfiguration name="$l10n_Red"    price="200" color="0.3 0.04 0.04"/>
	 	<rimColorConfiguration name="$l10n_Red"    price="200" color="0.3 0.03 0.03"/>
	 	<rimColorConfiguration name="$l10n_Red"    price="200" color="0.3 0.02 0.02"/>
	 	<rimColorConfiguration name="$l10n_Red"    price="200" color="0.39 0.09 0.12"/>
		<!--RED-->

		<!--ORANGE-->
        <rimColorConfiguration name="$l10n_Orange" price="200" color="0.46 0.28 0.15"/>
        <rimColorConfiguration name="$l10n_Orange" price="200" color="0.46 0.28 0.12"/>
        <rimColorConfiguration name="$l10n_Orange" price="200" color="0.46 0.2 0.12"/>
        <rimColorConfiguration name="$l10n_Orange" price="200" color="0.4 0.2 0.12"/>
        <rimColorConfiguration name="$l10n_Orange" price="200" color="0.3 0.13 0.1"/>
        <rimColorConfiguration name="$l10n_Orange" price="200" color="0.4 0.07 0"/>
        <rimColorConfiguration name="$l10n_Orange" price="200" color="0.5 0.12 0.02"/>
        <rimColorConfiguration name="$l10n_Orange" price="200" color="0.8 0.28 0.06"/>
        <rimColorConfiguration name="$l10n_Orange" price="200" color="0.55 0.36 0.2"/>
        <rimColorConfiguration name="$l10n_Orange" price="200" color="0.38 0.08 0.04"/>
        <rimColorConfiguration name="$l10n_Orange" price="200" color="0.22 0.08 0.04"/>
        <rimColorConfiguration name="$l10n_Orange" price="200" color="0.15 0.06 0.04"/>
        <rimColorConfiguration name="$l10n_Orange" price="200" color="0.11 0.05 0.03"/>
		<!--ORANGE-->

		<!--GREEN-->
        <rimColorConfiguration name="$l10n_Green"  price="200" color="0 0.21 0.1"/>
        <rimColorConfiguration name="$l10n_Green"  price="200" color="0 0.2 0.05"/>
        <rimColorConfiguration name="$l10n_Green"  price="200" color="0.02 0.24 0.05"/>
        <rimColorConfiguration name="$l10n_Green"  price="200" color="0.08 0.3 0.05"/>
        <rimColorConfiguration name="$l10n_Green"  price="200" color="0.26 0.2 0.15"/>
        <rimColorConfiguration name="$l10n_Green"  price="200" color="0.26 0.2 0.1"/>
        <rimColorConfiguration name="$l10n_Green"  price="200" color="0.26 0.25 0.13"/>
        <rimColorConfiguration name="$l10n_Green"  price="200" color="0.01 0.13 0.04"/>
        <rimColorConfiguration name="$l10n_Green"  price="200" color="0.15 0.35 0.06"/>
        <rimColorConfiguration name="$l10n_Green"  price="200" color="0 0.28 0.08"/>
        <rimColorConfiguration name="$l10n_Green"  price="200" color="0.1 0.21 0.06"/>
        <rimColorConfiguration name="$l10n_Green"  price="200" color="0.1 0.13 0.06"/>
        <rimColorConfiguration name="$l10n_Green"  price="200" color="0.19 0.13 0.08"/>
        <rimColorConfiguration name="$l10n_Green"  price="200" color="0.04 0.15 0.03"/>
        <rimColorConfiguration name="$l10n_Green"  price="200" color="0.04 0.15 0.06"/>
        <rimColorConfiguration name="$l10n_Green"  price="200" color="0.04 0.15 0.1"/>
		<!--GREEN-->

		<!--BLUE-->
        <rimColorConfiguration name="$l10n_Blue"   price="200" color="0 0.27 0.37"/>
        <rimColorConfiguration name="$l10n_Blue"   price="200" color="0 0.21 0.37"/>
        <rimColorConfiguration name="$l10n_Blue"   price="200" color="0 0.17 0.37"/>
        <rimColorConfiguration name="$l10n_Blue"   price="200" color="0 0.21 0.43"/>
        <rimColorConfiguration name="$l10n_Blue"   price="200" color="0 0.2 0.3"/>
        <rimColorConfiguration name="$l10n_Blue"   price="200" color="0.05 0.2 0.3"/>
        <rimColorConfiguration name="$l10n_Blue"   price="200" color="0.02 0.07 0.53"/>
        <rimColorConfiguration name="$l10n_Blue"   price="200" color="0.02 0.07 0.24"/>
        <rimColorConfiguration name="$l10n_Blue"   price="200" color="0.02 0.13 0.24"/>
        <rimColorConfiguration name="$l10n_Blue"   price="200" color="0.02 0.13 0.45"/>
		<!--BLUE-->

        <colorNode node="0>0|8"/>
        <colorNode node="0>0|9"/>
        <colorNode node="1>1"/>
        <colorNode node="1>2"/>		
    </rimColorConfigurations>	
	
	<ai>
        <allowTurnBackward value="false"/>
    </ai>
	
	<foliageBending>
        <bendingNode minX="-1.2" maxX="1.2" minZ="-2.3" maxZ="2.8" yOffset="0.6" />
    </foliageBending>
	
	<wearable wearDuration="480" workMultiplier="5" fieldMultiplier="2"/>
    <washable dirtDuration="90" washDuration="1" workMultiplier="3" fieldMultiplier="2"/>
	
	<i3dMappings>
        <i3dMapping id="wozOld_main_component1" node="0>" />
		<i3dMapping id="wozOld_dolly_component2" node="1>" />
		<i3dMapping id="wozOld_drawbar_component3" node="2>" />
        <i3dMapping id="wheelBackLeft" node="0>0|8" />
        <i3dMapping id="wheelBackRight" node="0>0|9" />
        <i3dMapping id="fillVolume" node="0>0|14" />
		<i3dMapping id="fillVolume2" node="0>0|16" />
        <i3dMapping id="fillVolumeHeightNodeBack1" node="0>0|11|0" />
        <i3dMapping id="fillVolumeHeightNodeBack2" node="0>0|11|1" />
		<i3dMapping id="effectNodesBack" node="0>0|7|0" />
        <i3dMapping id="grainEffectBack" node="0>0|7|0|0" />
        <i3dMapping id="smokeEffectBack" node="0>0|7|0|1" />
        <i3dMapping id="emitterShapeBack" node="0>0|7|1|0" />
        <i3dMapping id="exactFillRootNode" node="0>0|13" />
        <i3dMapping id="fillAutoAimTarget" node="0>0|12" />
		<i3dMapping id="dischargeNodeBack" node="0>0|11|2" />
		<i3dMapping id="tipAnimationBack" node="0>0|6" />
		<i3dMapping id="belts" node="0>0|15" />
		<i3dMapping id="belts2" node="0>0|19" />
        <i3dMapping id="beltStart1" node="0>0|15|0" />
        <i3dMapping id="beltEnd6" node="0>0|15|0|0" />
        <i3dMapping id="beltStart2" node="0>0|15|1" />
        <i3dMapping id="beltEnd5" node="0>0|15|1|0" />
        <i3dMapping id="beltStart3" node="0>0|15|2" />
        <i3dMapping id="beltEnd4" node="0>0|15|2|0" />
        <i3dMapping id="beltStart4" node="0>0|15|3" />
        <i3dMapping id="beltEnd3" node="0>0|15|3|0" />
        <i3dMapping id="beltStart5" node="0>0|15|4" />
        <i3dMapping id="beltEnd2" node="0>0|15|4|0" />
		<i3dMapping id="beltStart6" node="0>0|15|5" />
        <i3dMapping id="beltEnd1" node="0>0|15|5|0" />
		<i3dMapping id="beltStart7" node="0>0|19|0" />
        <i3dMapping id="beltEnd7" node="0>0|19|0|2" />
		<i3dMapping id="belt7Intersection1" node="0>0|19|0|0" />
        <i3dMapping id="belt7Intersection2" node="0>0|19|0|1" />
		<i3dMapping id="beltStart8" node="0>0|19|1" />
        <i3dMapping id="beltEnd8" node="0>0|19|1|2" />
		<i3dMapping id="belt8Intersection1" node="0>0|19|1|0" />
        <i3dMapping id="belt8Intersection2" node="0>0|19|1|1" />
        <i3dMapping id="beltActivationTrigger" node="0>0|15|6" />
        <i3dMapping id="wheelFrontLeft" node="1>1" />
        <i3dMapping id="wheelFrontRight" node="1>2" />
        <i3dMapping id="componentJointFront" node="1>3" />
        <i3dMapping id="attacherJoint" node="2>1" />
        <i3dMapping id="componentJointDrawbar" node="2>2" />
    </i3dMappings>
</vehicle>