<?xml version="1.0" encoding="utf-8" standalone="no" ?>
<modDesc descVersion="47">
    <author>Deniox_</author>
    <version>1.0</version>
	
    <title>
		<en>Heder</en>
    </title>
	
    <description>
        <en>.</en>
    </description>

	<iconFilename>store.dds</iconFilename>

    <multiplayer supported="true"/>
	
    <extraSourceFiles>
        <sourceFile filename="src/register.lua"/>
        <sourceFile filename="src/NoMoreAutoCutterLowering.lua"/>
    </extraSourceFiles>
</modDesc>