<?xml version="1.0" encoding="utf-8" standalone="no"?>
<vehicle type="manureBarrel">
    <annotation>Copyright (C) GIANTS Software GmbH, All Rights Reserved.</annotation>

    <storeData>

        <name>Mauzer SAM by PrezesZiaroo</name>

        <specs>
            <neededPower>10</neededPower>
            <workingWidth>2.0</workingWidth>
        </specs>

        <functions>
            <function>Zapraszam na moj kanal -> YouTube/PrezesZiaroo</function>
        </functions>

        <image>Store/store2.dds</image>
        <price>1000</price>
        <brand>LIZARD</brand>
        <category>slurryTanks</category>
    </storeData>

    <base>
        <typeDesc>$l10n_typeDesc_manureBarrel</typeDesc>
        <filename>Beczkowoz Mauzer SAM by PrezesZiaroo.i3d</filename>
        <size width="3.5" length="3"/>

        <components>
        	<!-- KOS -->
            <component centerOfMass="0 0 0.6" solverIterationCount="15" mass="2500" />
        </components>

        <schemaOverlay attacherJointPosition="0 0">
            <default name="DEFAULT_IMPLEMENT"/>
            <selected name="DEFAULT_IMPLEMENT_SELECTED"/>
        </schemaOverlay>
    </base>

    <!-- Zaczep -->
    <attachable>
        <inputAttacherJoints>
            <inputAttacherJoint node="0>2|0" jointType="trailer" attacherHeight="0.5"/>
        </inputAttacherJoints>

	<inputAttacherJointConfigurations title="Malowanie ramy">
        <inputAttacherJointConfiguration name="Szary" price="0">
            <objectChange node="0>1|0" visibilityActive="true" />
            <objectChange node="0>1|4" visibilityActive="false" />
            <objectChange node="0>1|5" visibilityActive="false" /> 
        </inputAttacherJointConfiguration>
        <inputAttacherJointConfiguration name="Zielony" price="100">
            <objectChange node="0>1|0" visibilityActive="false" />
            <objectChange node="0>1|4" visibilityActive="true" />
            <objectChange node="0>1|5" visibilityActive="false" /> 
        </inputAttacherJointConfiguration>
        <inputAttacherJointConfiguration name="Czerwony" price="100">
            <objectChange node="0>1|0" visibilityActive="false" />
            <objectChange node="0>1|4" visibilityActive="false" />
            <objectChange node="0>1|5" visibilityActive="true" /> 
        </inputAttacherJointConfiguration>
    </inputAttacherJointConfigurations>
        <support animationName="moveSupport" />
    </attachable>

    <attacherJoints>
        
    <attacherJointConfigurations title="Stopka">
        <attacherJointConfiguration name="Bez stopki" price="0">
            <objectChange node="0>2|1|0|0" visibilityActive="false" />
            <objectChange node="0>1|0|0" visibilityActive="false" />
            <objectChange node="0>1|4|0" visibilityActive="false" />
            <objectChange node="0>1|5|0" visibilityActive="false" /> 
                <objectChange node="0>2|1"   translationActive="0.095 1.86 1.139" />
            <objectChange node="0>2|1|0|2" visibilityActive="false" /> 
        </attacherJointConfiguration>
        <attacherJointConfiguration name="Pieniek" price="10">
            <objectChange node="0>2|1|0|0" visibilityActive="false" />
            <objectChange node="0>1|0|0" visibilityActive="false" />
            <objectChange node="0>1|4|0" visibilityActive="false" />
            <objectChange node="0>1|5|0" visibilityActive="false" /> 
            <objectChange node="0>2|1"   translationActive="0.095 1.43 1.539" />
            <objectChange node="0>2|1|0|2" visibilityActive="true" /> 
        </attacherJointConfiguration>
        <attacherJointConfiguration name="Stopka metalowa" price="25">
            <objectChange node="0>2|1|0|0" visibilityActive="true" />
            <objectChange node="0>1|0|0" visibilityActive="true" />
            <objectChange node="0>1|4|0" visibilityActive="true" />
            <objectChange node="0>1|5|0" visibilityActive="true" /> 
            <objectChange node="0>2|1"   translationActive="0.095 1.308 0.936" />
            <objectChange node="0>2|1|0|2" visibilityActive="false" /> 
        </attacherJointConfiguration>
    </attacherJointConfigurations>	

    </attacherJoints>

    <powerTakeOffs>
        <powerTakeOffConfigurations title="Odblaski">
            <powerTakeOffConfiguration name="Bez odblaskow" price="0" vehicleType="manureBarrel">
                <objectChange node="0>1|6|0"        visibilityActive="false"/>   
                <objectChange node="0>1|6|1"        visibilityActive="false"/>  
            </powerTakeOffConfiguration>
            <powerTakeOffConfiguration name="Trojkat" price="20" vehicleType="manureBarrel">
                <objectChange node="0>1|6|0"        visibilityActive="true"/>   
                <objectChange node="0>1|6|1"        visibilityActive="false"/>  
            </powerTakeOffConfiguration>
            <powerTakeOffConfiguration name="Plaskie" price="15" vehicleType="manureBarrel">
                <objectChange node="0>1|6|0"        visibilityActive="false"/>   
                <objectChange node="0>1|6|1"        visibilityActive="true"/>  
            </powerTakeOffConfiguration>
            <powerTakeOffConfiguration name="Trojkat i plaskie" price="25" vehicleType="manureBarrel">
                <objectChange node="0>1|6|0"        visibilityActive="true"/>   
                <objectChange node="0>1|6|1"        visibilityActive="true"/>  
            </powerTakeOffConfiguration>
        </powerTakeOffConfigurations>
    </powerTakeOffs>

    <!-- Kola -->
    <wheels>
	    <wheelConfigurations>
            <wheelConfiguration name="$l10n_configuration_valueDefault" price="0">
                <wheels autoRotateBackSpeed="1.7">
                    <wheel  isLeft="true" hasTireTracks="true" hasParticles="true">
                        <physics rotSpeed="1" restLoad="1.0" repr="0>0|0" forcePointRatio="0.2" initialCompression="20" width="0.5" radius="0.41" suspTravel="0.22" spring="20" damper="40"/>
                    </wheel>
                    <wheel  isLeft="false" hasTireTracks="true" hasParticles="true">
                        <physics rotSpeed="1" restLoad="1.0" repr="0>0|1" forcePointRatio="0.2" initialCompression="20" width="0.5" radius="0.41" suspTravel="0.22" spring="20" damper="40"/>
                    </wheel>
                </wheels>
            </wheelConfiguration>
        </wheelConfigurations>
    </wheels>

    <!-- Gnojownicaa -->
	<workAreas>
        <workArea type="sprayer" functionName="processSprayerArea" disableBackwards="false" requiresGroundContact="false" >
            <area startNode="0>3|1|0" widthNode="0>3|1|1" heightNode="0>3|1|2" />
        </workArea>
    </workAreas>
	
    <sprayer>
        <usageScales workingWidth="5.0" scale="1" />
        <effects>
            <effectNode effectNode="0>3|0|0" delay="0" materialType="sprayer" materialTypeId="1" />
        </effects>
    </sprayer>

    <fillUnit>
        <fillUnitConfigurations>
            <fillUnitConfiguration>
                <fillUnits>
                    <fillUnit unit="$l10n_unit_literShort" fillTypeCategories="slurryTank" capacity="1000" >
                        <dashboard displayType="ANIMATION" valueType="fillLevel" animName="fillLevelDisplay"/>
                    </fillUnit>
                    <fillTrigger consumePtoPower="true"/>
                </fillUnits>
            </fillUnitConfiguration>
        </fillUnitConfigurations>

        <sounds>
            <fill template="SLURRY_03" />
        </sounds>
    </fillUnit>

    <dischargeable>
        <dischargeNode node="0>3|2|0" emptySpeed="10" fillUnitIndex="1" unloadInfoIndex="3" >
            <info width="1.0" length="0.5" zOffset="0.4" />
            <trigger node="0>3|2|1" />
            <dischargeSound template="SLURRY_03"/>
        </dischargeNode>
    </dischargeable>

    <manureBarrel attacherJointIndex="1" />

    <turnOnVehicle>
        <activatableFillUnits>
            <activatableFillUnit index="1" />
        </activatableFillUnits>

        <sounds>
            <work template="SLURRY_03">
                <pitch indoor="0.75" outdoor="0.75" />
            </work>
        </sounds>
    </turnOnVehicle>

    <ai>
        <areaMarkers leftNode="0>3|3|0" rightNode="0>3|3|1" backNode="0>3|3|2"/>
        <sizeMarkers leftNode="0>3|4|0" rightNode="0>3|4|1" backNode="0>3|4|2" />
        <allowTurnBackward value="false" />
        <toolReverserDirectionNode node="0>3|4|2" />
    </ai>

    <!-- Woda -->


    <!--  -->



    <!------------------------------------------------------------------ Konfiguracje ------------------------------------------------------------------------------------>

    <!-- bolec chujem Ci wjezdza! -->
    <designConfigurations title="Mauzery">
        <designConfiguration name="Stary Mauzer" price="0" >
            <objectChange node="0>1|2|0" visibilityActive="true"/>
            <objectChange node="0>1|2|1" visibilityActive="false"/>
            <objectChange node="0>1|2|2" visibilityActive="false"/>
        </designConfiguration>
        <designConfiguration name="Nowy Mauzer" price="500" >
            <objectChange node="0>1|2|0" visibilityActive="false"/>
            <objectChange node="0>1|2|1" visibilityActive="true"/>
            <objectChange node="0>1|2|2" visibilityActive="false"/>
        </designConfiguration>
        <designConfiguration name="Mauzer Czarny UV" price="800" >
            <objectChange node="0>1|2|0" visibilityActive="false"/>
            <objectChange node="0>1|2|1" visibilityActive="false"/>
            <objectChange node="0>1|2|2" visibilityActive="true"/>
        </designConfiguration>
    </designConfigurations>

    <vehicleTypeConfigurations title="Ozdoby">
        <vehicleTypeConfiguration name="Bez ozdob" price="0" vehicleType="manureBarrel">
            <objectChange node="0>1|3|0" visibilityActive="false" />				
            <objectChange node="0>1|3|1" visibilityActive="false" />
        </vehicleTypeConfiguration>
        <vehicleTypeConfiguration name="Wiadro" price="20" vehicleType="manureBarrel">
            <objectChange node="0>1|3|0" visibilityActive="true" />				
            <objectChange node="0>1|3|1" visibilityActive="false" />
        </vehicleTypeConfiguration>
        <vehicleTypeConfiguration name="Konewka" price="15" vehicleType="manureBarrel">
            <objectChange node="0>1|3|0" visibilityActive="false" />				
            <objectChange node="0>1|3|1" visibilityActive="true" />
        </vehicleTypeConfiguration>
        <vehicleTypeConfiguration name="Wiadro z Konewka" price="35" vehicleType="manureBarrel">
            <objectChange node="0>1|3|0" visibilityActive="true" />				
            <objectChange node="0>1|3|1" visibilityActive="true" />
        </vehicleTypeConfiguration>
    </vehicleTypeConfigurations>

    <!------------------------------------------------------------------ Skrypty ------------------------------------------------------------------------------------>

    <!-- Rozkladanie -->
    <animations>
        <animation name="moveSupport">
            <part node="0>2|1|0" startTime="0" duration="0.3" startTrans="0 0.25 0" endTrans="0 0 0"/>
               <part node="0>2|1|0|2" startTime="0" duration="0.01" startScale="0 0 0" endScale="1 1 1"/>         
        </animation>
    </animations>

    <!------------------------------------------------------------------ Malowanie ------------------------------------------------------------------------------------>



    <!-- i3d Mappings -->
	<i3dMappings>
    </i3dMappings>
</vehicle>