<?xml version="1.0" encoding="utf-8" standalone="no"?>
<vehicle type="waterTrailer">
    <annotation>Copyright (C) GIANTS Software GmbH, All Rights Reserved.</annotation>

    <storeData>

        <name>Mauzer SAM by PrezesZiaroo</name>

        <specs>
            <neededPower>10</neededPower>
            <workingWidth>2.0</workingWidth>
        </specs>

        <functions>
            <function>Zapraszam na moj kanal -> YouTube/PrezesZiaroo</function>
        </functions>

        <image>Store/store1.dds</image>
        <price>1000</price>
        <brand>LIZARD</brand>
        <category>animals</category>
    </storeData>

    <base>
        <typeDesc>$l10n_typeDesc_wasserfass</typeDesc>
        <filename>Mauzer SAM do wody by PrezesZiaroo.i3d</filename>
        <size width="3.5" length="3"/>

        <components>
        	<!-- KOS -->
            <component centerOfMass="0 0 0.6" solverIterationCount="15" mass="2500" />
        </components>

        <schemaOverlay attacherJointPosition="0 0">
            <default name="DEFAULT_IMPLEMENT"/>
            <selected name="DEFAULT_IMPLEMENT_SELECTED"/>
        </schemaOverlay>
    </base>

    <!-- Zaczep -->
    <attachable>
        <inputAttacherJoints>
            <inputAttacherJoint node="0>2|0" jointType="trailer" attacherHeight="0.5"/>
        </inputAttacherJoints>

	<inputAttacherJointConfigurations title="Malowanie ramy">
        <inputAttacherJointConfiguration name="Szary" price="0">
            <objectChange node="0>1|0" visibilityActive="true" />
            <objectChange node="0>1|4" visibilityActive="false" />
            <objectChange node="0>1|5" visibilityActive="false" /> 
        </inputAttacherJointConfiguration>
        <inputAttacherJointConfiguration name="Zielony" price="100">
            <objectChange node="0>1|0" visibilityActive="false" />
            <objectChange node="0>1|4" visibilityActive="true" />
            <objectChange node="0>1|5" visibilityActive="false" /> 
        </inputAttacherJointConfiguration>
        <inputAttacherJointConfiguration name="Czerwony" price="100">
            <objectChange node="0>1|0" visibilityActive="false" />
            <objectChange node="0>1|4" visibilityActive="false" />
            <objectChange node="0>1|5" visibilityActive="true" /> 
        </inputAttacherJointConfiguration>
    </inputAttacherJointConfigurations>
        <support animationName="moveSupport" />
    </attachable>

    <attacherJoints>
        
    <attacherJointConfigurations title="Stopka">
        <attacherJointConfiguration name="Bez stopki" price="0">
            <objectChange node="0>2|1|0|0" visibilityActive="false" />
            <objectChange node="0>1|0|0" visibilityActive="false" />
            <objectChange node="0>1|4|0" visibilityActive="false" />
            <objectChange node="0>1|5|0" visibilityActive="false" /> 
                <objectChange node="0>2|1"   translationActive="0.095 1.86 1.139" />
            <objectChange node="0>2|1|0|2" visibilityActive="false" /> 
        </attacherJointConfiguration>
        <attacherJointConfiguration name="Pieniek" price="10">
            <objectChange node="0>2|1|0|0" visibilityActive="false" />
            <objectChange node="0>1|0|0" visibilityActive="false" />
            <objectChange node="0>1|4|0" visibilityActive="false" />
            <objectChange node="0>1|5|0" visibilityActive="false" /> 
            <objectChange node="0>2|1"   translationActive="0.095 1.43 1.539" />
            <objectChange node="0>2|1|0|2" visibilityActive="true" /> 
        </attacherJointConfiguration>
        <attacherJointConfiguration name="Stopka metalowa" price="25">
            <objectChange node="0>2|1|0|0" visibilityActive="true" />
            <objectChange node="0>1|0|0" visibilityActive="true" />
            <objectChange node="0>1|4|0" visibilityActive="true" />
            <objectChange node="0>1|5|0" visibilityActive="true" /> 
            <objectChange node="0>2|1"   translationActive="0.095 1.308 0.936" />
            <objectChange node="0>2|1|0|2" visibilityActive="false" /> 
        </attacherJointConfiguration>
    </attacherJointConfigurations>	

    </attacherJoints>

    <powerTakeOffs>
        <powerTakeOffConfigurations title="Odblaski">
            <powerTakeOffConfiguration name="Bez odblaskow" price="0" vehicleType="waterTrailer">
                <objectChange node="0>1|6|0"        visibilityActive="false"/>   
                <objectChange node="0>1|6|1"        visibilityActive="false"/>  
            </powerTakeOffConfiguration>
            <powerTakeOffConfiguration name="Trojkat" price="20" vehicleType="waterTrailer">
                <objectChange node="0>1|6|0"        visibilityActive="true"/>   
                <objectChange node="0>1|6|1"        visibilityActive="false"/>  
            </powerTakeOffConfiguration>
            <powerTakeOffConfiguration name="Plaskie" price="15" vehicleType="waterTrailer">
                <objectChange node="0>1|6|0"        visibilityActive="false"/>   
                <objectChange node="0>1|6|1"        visibilityActive="true"/>  
            </powerTakeOffConfiguration>
            <powerTakeOffConfiguration name="Trojkat i plaskie" price="25" vehicleType="waterTrailer">
                <objectChange node="0>1|6|0"        visibilityActive="true"/>   
                <objectChange node="0>1|6|1"        visibilityActive="true"/>  
            </powerTakeOffConfiguration>
        </powerTakeOffConfigurations>
    </powerTakeOffs>

    <!-- Kola -->
    <wheels>
	    <wheelConfigurations>
            <wheelConfiguration name="$l10n_configuration_valueDefault" price="0">
                <wheels autoRotateBackSpeed="1.7">
                    <wheel  isLeft="true" hasTireTracks="true" hasParticles="true">
                        <physics rotSpeed="1" restLoad="1.0" repr="0>0|0" forcePointRatio="0.2" initialCompression="20" width="0.5" radius="0.41" suspTravel="0.22" spring="20" damper="40"/>
                    </wheel>
                    <wheel  isLeft="false" hasTireTracks="true" hasParticles="true">
                        <physics rotSpeed="1" restLoad="1.0" repr="0>0|1" forcePointRatio="0.2" initialCompression="20" width="0.5" radius="0.41" suspTravel="0.22" spring="20" damper="40"/>
                    </wheel>
                </wheels>
            </wheelConfiguration>
        </wheelConfigurations>
    </wheels>

    <!-- Woda -->
    <fillUnit>
        <fillUnitConfigurations>
            <fillUnitConfiguration>
                <fillUnits>
                    <fillUnit unit="$l10n_unit_literShort" fillTypes="MILK WATER" capacity="1000">
					    <exactFillRootNode node="0>3|0|0" />               
                    </fillUnit>
                </fillUnits>
            </fillUnitConfiguration>
        </fillUnitConfigurations>
    </fillUnit>
	
	<fillTriggerVehicle triggerNode="0>3|0|1" fillUnitIndex="1" litersPerSecond="50"/>
	
	<dischargeable>
        <dischargeNode node="0>3|0|2" emptySpeed="20" fillUnitIndex="1" canDischargeToGround="true">
            <info width="1.25" length="5"/>
            <trigger node="0>3|0|3" />
        </dischargeNode>
    </dischargeable>

    <waterTrailer fillUnitIndex="1" fillLitersPerSecond="50" fillNode="0>">
        <sounds>
            <refill template="DEFAULT_REFUEL_SOUND" linkNode="0>" />
        </sounds>
    </waterTrailer>


    <!------------------------------------------------------------------ Konfiguracje ------------------------------------------------------------------------------------>

    <!-- bolec chujem Ci wjezdza! -->
    <designConfigurations title="Mauzery">
        <designConfiguration name="Stary Mauzer" price="0" >
            <objectChange node="0>1|2|0" visibilityActive="true"/>
            <objectChange node="0>1|2|1" visibilityActive="false"/>
            <objectChange node="0>1|2|2" visibilityActive="false"/>
        </designConfiguration>
        <designConfiguration name="Nowy Mauzer" price="500" >
            <objectChange node="0>1|2|0" visibilityActive="false"/>
            <objectChange node="0>1|2|1" visibilityActive="true"/>
            <objectChange node="0>1|2|2" visibilityActive="false"/>
        </designConfiguration>
        <designConfiguration name="Mauzer Czarny UV" price="800" >
            <objectChange node="0>1|2|0" visibilityActive="false"/>
            <objectChange node="0>1|2|1" visibilityActive="false"/>
            <objectChange node="0>1|2|2" visibilityActive="true"/>
        </designConfiguration>
    </designConfigurations>

    <vehicleTypeConfigurations title="Ozdoby">
        <vehicleTypeConfiguration name="Bez ozdob" price="0" vehicleType="waterTrailer">
            <objectChange node="0>1|3|0" visibilityActive="false" />				
            <objectChange node="0>1|3|1" visibilityActive="false" />
        </vehicleTypeConfiguration>
        <vehicleTypeConfiguration name="Wiadro" price="20" vehicleType="waterTrailer">
            <objectChange node="0>1|3|0" visibilityActive="true" />				
            <objectChange node="0>1|3|1" visibilityActive="false" />
        </vehicleTypeConfiguration>
        <vehicleTypeConfiguration name="Konewka" price="15" vehicleType="waterTrailer">
            <objectChange node="0>1|3|0" visibilityActive="false" />				
            <objectChange node="0>1|3|1" visibilityActive="true" />
        </vehicleTypeConfiguration>
        <vehicleTypeConfiguration name="Wiadro z Konewka" price="35" vehicleType="waterTrailer">
            <objectChange node="0>1|3|0" visibilityActive="true" />				
            <objectChange node="0>1|3|1" visibilityActive="true" />
        </vehicleTypeConfiguration>
    </vehicleTypeConfigurations>

    <!------------------------------------------------------------------ Skrypty ------------------------------------------------------------------------------------>

    <!-- Rozkladanie -->
    <animations>
        <animation name="moveSupport">
            <part node="0>2|1|0" startTime="0" duration="0.3" startTrans="0 0.25 0" endTrans="0 0 0"/>
               <part node="0>2|1|0|2" startTime="0" duration="0.01" startScale="0 0 0" endScale="1 1 1"/>         
        </animation>
    </animations>

    <!------------------------------------------------------------------ Malowanie ------------------------------------------------------------------------------------>



    <!-- i3d Mappings -->
	<i3dMappings>
    </i3dMappings>
</vehicle>