﻿<?xml version="1.0" encoding="utf-8" standalone="no"?>
<modDesc descVersion="44">
    <author>PrezesZiaroo</author>
    <version>1.0.0.0</version>
    <title>
        <pl>Beczkowóz Mauzer SAM by PrezesZiaroo</pl>
        <en> Mauzer SAM by PrezesZiaroo</en>
        <de> Mauzer SAM by PrezesZiaroo</de>
    </title>
    <description>
        <pl>Zapraszam na moj kanal -> YouTube/PrezesZiaroo</pl>
        <en>I invite you to my channel -> YouTube/PrezesZiaroo</en>
        <de>Ich lade Sie zu meinem Kanal ein -> YouTube/PrezesZiaroo</de>
    </description>
    <iconFilename>Store/store.dds</iconFilename>
    <multiplayer supported="true"/>

    <storeItems>
        <storeItem rootNode="vehicle" xmlFilename="Beczkowoz Mauzer SAM by PrezesZiaroo.xml"/>
        <storeItem rootNode="vehicle" xmlFilename="Mauzer SAM do wody by PrezesZiaroo.xml"/>
    </storeItems>
</modDesc>
