﻿<?xml version="1.0" encoding="utf-8" standalone="no"?>
<modDesc descVersion="53">
    <author>Driver300</author>
    <version>1.0.0.1</version>
    <title>
        <en>Stihl MS660</en>
    </title>
    <description>
        <en>
<![CDATA[- Price: 500.- €

Changelog v1.0.0.1:
- Added long saw]]>
        </en>
        <de>
<![CDATA[- Preis: 500,- €

Changelog v1.0.0.1:
- Langes Sägeschwert hinzugefügt
]]>
        </de>
		<fr>
<![CDATA[
Stihl MS660:
-Prix: 500 €

changelog:
longue scie ajoutée
]]>
        </fr>
    </description>
    
	<iconFilename>icon.dds</iconFilename>
   
   <multiplayer supported="true"/>
 
 <storeItems>
        <storeItem xmlFilename="stihlMS660.xml"/>
		<storeItem xmlFilename="stihlMS660LONG.xml"/>
    </storeItems>
</modDesc>
