<?xml version='1.0' encoding='utf-8'?>
<vehicle type="carFillableAddon">
    <annotation>Copyright (C) DD ModPassion, All Rights Reserved.</annotation>
    <storeData>
        <name>Rumbler Van</name>
        <specs>
            <power>140</power>
            <maxSpeed>120</maxSpeed>
        </specs>
        <functions>
            <function>$l10n_function_car</function>
			<function>$l10n_function_service</function>
            <function>$l10n_function_pallets</function>
        </functions>
        <image>image/store_rumblerVan.png</image>
        <price>78000</price>
        <lifetime>600</lifetime>
        <rotation>0</rotation>
        <brand>LIZARD</brand>
        <category>cars</category>
    </storeData>
    <base>
        <typeDesc>$l10n_typeDesc_car</typeDesc>
        <filename>filename/rumblerVan.i3d</filename>
        <size length="6.5" width="3"/>
        <components count="1">
            <component centerOfMass="0 0.4 0" mass="1800" solverIterationCount="10"/>
        </components>
        <schemaOverlay attacherJointPosition="0 0">
            <default name="DEFAULT_VEHICLE"/>
            <selected name="DEFAULT_VEHICLE_SELECTED"/>
        </schemaOverlay>
    </base>
    <configurationSets>
        <configurationSet name="$l10n_ui_other">
            <configuration name="tensionBelts" index="2"/>
            <configuration name="fillUnit" index="1"/>
            <configuration name="vehicleType" index="1"/>
            <configuration name="design" index="1"/>
        </configurationSet>
        <configurationSet name="$l10n_shopItem_workshop">
            <configuration name="tensionBelts" index="2"/>
            <configuration name="fillUnit" index="1"/>
            <configuration name="vehicleType" index="2"/>
        </configurationSet>
        <configurationSet name="$l10n_fillType_egg">
            <configuration name="tensionBelts" index="1"/>
            <configuration name="fillUnit" index="2"/>
            <configuration name="vehicleType" index="1"/>
            <configuration name="design" index="1"/>
        </configurationSet>
        <configurationSet name="$l10n_fillType_milk">
            <configuration name="tensionBelts" index="1"/>
            <configuration name="fillUnit" index="3"/>
            <configuration name="vehicleType" index="1"/>
            <configuration name="design" index="1"/>
        </configurationSet>
        <configurationSet name="$l10n_fillType_wool">
            <configuration name="tensionBelts" index="1"/>
            <configuration name="fillUnit" index="4"/>
            <configuration name="vehicleType" index="1"/>
            <configuration name="design" index="1"/>
        </configurationSet>
        <configurationSet name="$l10n_category_bigbags">
            <configuration name="tensionBelts" index="1"/>
            <configuration name="fillUnit" index="5"/>
            <configuration name="vehicleType" index="1"/>
            <configuration name="design" index="1"/>
        </configurationSet>
        <configurationSet name="$l10n_category_tank">
            <configuration name="tensionBelts" index="1"/>
            <configuration name="fillUnit" index="6"/>
            <configuration name="vehicleType" index="1"/>
            <configuration name="design" index="1"/>
        </configurationSet>
    </configurationSets>
    <designConfigurations>
        <designConfiguration name="DPD" price="0">
            <objectChange node="0>15|10" visibilityActive="true" visibilityInactive="false"/>
        </designConfiguration>
        <designConfiguration name="Nic" price="0">
            <objectChange node="0>12|4|1" visibilityActive="false" visibilityInactive="false"/>
            <objectChange node="0>12|5|1" visibilityActive="false" visibilityInactive="false"/>
            <objectChange node="0>15|6|0" visibilityActive="false" visibilityInactive="false"/>
            <objectChange node="0>15|6|1" visibilityActive="false" visibilityInactive="false"/>
            <objectChange node="0>15|7" visibilityActive="false" visibilityInactive="false"/>
            <objectChange node="0>15|8" visibilityActive="false" visibilityInactive="false"/>
            <objectChange node="0>15|9" visibilityActive="false" visibilityInactive="false"/>
            <objectChange node="0>15|10" visibilityActive="false" visibilityInactive="false"/>
        </designConfiguration>
    </designConfigurations>
    <wheels>
        <wheelConfigurations>
             <wheelConfiguration name="$l10n_configuration_valueDefault" price="0">
                <wheels autoRotateBackSpeed="2.5">
                    <wheel hasParticles="true" hasTireTracks="true">
                        <physics damper="3" driveNode="0>0|0" forcePointRatio="0.5" frictionScale="2.5" initialCompression="25" radius="0.42" repr="0>0" restLoad="0.5" rotSpeed="1" spring="14" suspTravel="0.13" width="0.27"/>
                        <tire tireTrackAtlasIndex="1"/>
                    </wheel>
                    <wheel hasParticles="true" hasTireTracks="true">
                        <physics damper="3" driveNode="0>1|0" forcePointRatio="0.5" frictionScale="2.5" initialCompression="25" radius="0.42" repr="0>1" restLoad="0.5" rotSpeed="1" spring="14" suspTravel="0.13" width="0.27"/>
                        <tire tireTrackAtlasIndex="1"/>
                    </wheel>
                    <wheel hasParticles="true" hasTireTracks="true">
                        <physics damper="3" forcePointRatio="0.5" frictionScale="3" initialCompression="25" radius="0.42" repr="0>2" restLoad="0.7" rotSpeed="0" spring="19" suspTravel="0.14" width="0.27"/>
                        <tire tireTrackAtlasIndex="1"/>
                    </wheel>
                    <wheel hasParticles="true" hasTireTracks="true">
                        <physics damper="3" forcePointRatio="0.5" frictionScale="3" initialCompression="25" radius="0.42" repr="0>3" restLoad="0.7" rotSpeed="0" spring="19" suspTravel="0.14" width="0.27"/>
                        <tire tireTrackAtlasIndex="1"/>
                    </wheel>
                </wheels>
            </wheelConfiguration>
        </wheelConfigurations>
        <ackermannSteeringConfigurations>
            <ackermannSteering rotCenterWheel1="2" rotCenterWheel2="3" rotMax="42" rotSpeed="65"/>
        </ackermannSteeringConfigurations>
    </wheels>
    <lights>
        <states>
            <state lightTypes="0"/>
            <state lightTypes="0 1"/>
        </states>
        <sharedLight linkNode="0>4|11" filename="$data/shared/assets/lights/lizard/rearLightOvalWhite_01.xml" lightTypes="1"/>
        <realLights>
            <low>
                <light lightTypes="0" node="0>4|0"/>
                <light lightTypes="1" node="0>4|1"/>
            </low>
            <high>
                <light lightTypes="0" node="0>4|2"/>
                <light lightTypes="1" node="0>4|3"/>
                <light lightTypes="1" node="0>4|9"/>
                <light lightTypes="0 3" node="0>4|4"/>
                <brakeLight node="0>4|4"/>
                <brakeLight node="0>12|2|0|0"/>
                <turnLightLeft node="0>4|5"/>
                <turnLightLeft node="0>4|6"/>
                <turnLightRight node="0>4|7"/>
                <turnLightRight node="0>4|8"/>
            </high>
        </realLights>
        <defaultLights>
            <defaultLight lightTypes="0 3" node="0>4|10|1"/>
            <defaultLight lightTypes="0 3" node="0>4|10|0"/>
            <defaultLight lightTypes="1" node="0>4|10|2"/>
        </defaultLights>
        <brakeLights>
            <brakeLight node="0>4|10|6"/>
            <brakeLight node="0>12|2|0|1"/>
        </brakeLights>
        <reverseLights>
            <reverseLight node="0>4|10|3"/>
        </reverseLights>
        <turnLights>
            <turnLightLeft node="0>4|10|4"/>
            <turnLightRight node="0>4|10|5"/>
        </turnLights>
		<beaconLights>
			 <beaconLight node="0>15|6|0" speed="0.015" filename="$data/shared/assets/beaconLights/lizard/beaconLight06.xml"/>
			 <beaconLight node="0>15|6|1" speed="0.015" filename="$data/shared/assets/beaconLights/lizard/beaconLight06.xml"/>
		</beaconLights>
        <sounds>
            <switchLight template="SWITCH_01"/>
            <turnLight template="SWITCH_TURNLIGHT"/>
        </sounds>
    </lights>
    <enterable isTabbable="true">
        <enterReferenceNode node="0>"/>
        <exitPoint node="0>8"/>
        <cameras count="2">
            <camera limit="true" node="0>5|0|0" rotMaxX="1" rotMinX="-1.4" rotatable="true" rotateNode="0>5|0" rotation="-17.5 180 0" transMax="40" transMin="4" translation="0 0 5.5" useWorldXZRotation="true">
                <raycastNode node="0>5|3"/>
                <raycastNode node="0>5|2"/>
            </camera>
            <camera isInside="true" limit="true" node="0>5|1" positionSmoothingParameter="0" rotMaxX="0.4" rotMinX="-1.1" rotatable="true" transMax="0" transMin="0" useMirror="true"/>
        </cameras>
        <mirrors>
            <mirror node="0>10|0" prio="1"/>
            <mirror node="0>10|1" prio="1"/>
            <mirror node="0>10|2" prio="1"/>
        </mirrors>
        <characterNode cameraMinDistance="1.5" node="0>11|0" spineRotation="-90 0 90">
            <target ikChain="rightFoot" targetNode="0>11|2"/>
            <target ikChain="leftFoot" targetNode="0>11|1"/>
            <target ikChain="rightArm" poseId="wideFingers" targetNode="0>6|0|1"/>
            <target ikChain="leftArm" poseId="wideFingers" targetNode="0>6|0|0"/>
        </characterNode>
    </enterable>
    <attacherJoints>
        <attacherJoint allowsJointLimitMovement="false" canTurnOnImplement="false" comboTime="1" jointType="trailer" lowerRotLimit="10 70 50" node="0>13|0|0" upperRotationOffset="0">
            <schema invertX="false" position="1 0" rotation="0"/>
            <attachSound linkNode="0>" template="ATTACH_01"/>
        </attacherJoint>
        <attacherJoint allowsJointLimitMovement="false" canTurnOnImplement="false" comboTime="1" jointType="trailerLow" lowerRotLimit="10 70 50" node="0>13|0|1" upperRotationOffset="0">
            <schema invertX="false" position="1 0" rotation="0"/>
            <attachSound linkNode="0>" template="ATTACH_01"/>
        </attacherJoint>
    </attacherJoints>
    <connectionHoses>
        <target attacherJointIndices="1 2" node="0>13|0|2" socket="electric" type="electric"/>
    </connectionHoses>
    <drivable>
        <sounds>
            <waterSplash template="WATER_SPLASH_01"/>
        </sounds>
        <steeringWheel indoorRotation="540" node="0>6|0" outdoorRotation="60"/>
    </drivable>
    <motorized>
        <consumerConfigurations>
            <consumerConfiguration>
                <consumer fillType="diesel" fillUnitIndex="1" usage="30"/>
            </consumerConfiguration>
        </consumerConfigurations>
        <differentialConfigurations>
            <differentialConfiguration>
                <differentials>
                    <differential maxSpeedRatio="1.8" torqueRatio="0.5" wheelIndex1="1" wheelIndex2="2"/>
                    <differential maxSpeedRatio="1.8" torqueRatio="0.5" wheelIndex1="3" wheelIndex2="4"/>
                    <differential differentialIndex1="1" differentialIndex2="2" maxSpeedRatio="1.8" torqueRatio="0.5"/>
                </differentials>
            </differentialConfiguration>
        </differentialConfigurations>
        <motorConfigurations>
            <motorConfiguration hp="300" name="Rumbler Van" price="0">
                <motor brakeForce="1.5" lowBrakeForceScale="0.22" maxBackwardSpeed="50" maxForwardSpeed="123" maxRpm="2200" minRpm="1000" torqueScale="0.593">
                    <torque rpm="1000" torque="0.9"/>
                    <torque rpm="2400" torque="1"/>
                    <torque rpm="3480" torque="1"/>
                    <torque rpm="4560" torque="0.75"/>
                    <torque rpm="5280" torque="0.63"/>
                    <torque rpm="6000" torque="0.2"/>
                </motor>
                <transmission maxBackwardGearRatio="200" maxForwardGearRatio="200" minBackwardGearRatio="40" minForwardGearRatio="10"/>
            </motorConfiguration>
        </motorConfigurations>
        <exhaustEffects>
            <exhaustEffect filename="$data/particleSystems/shared/exhaust.i3d" maxRpmColor="0.9 0.9 0.9 0.4" maxRpmScale="0.25" minRpmColor="0.9 0.9 0.9 0.1" minRpmScale="0.02" node="0>7"/>
        </exhaustEffects>
        <dashboards>
            <dashboard animName="rpmDisplay" displayType="ANIMATION" groups="MOTOR_ACTIVE" maxValueAnim="7000" minValueAnim="0" valueType="rpm"/>
            <dashboard animName="speedDisplay" displayType="ANIMATION" groups="MOTOR_ACTIVE" maxValueAnim="220" minValueAnim="0" valueType="speed"/>
        </dashboards>
        <sounds externalSoundFile="$data/sounds/vehicles/engine/lizard_pickup_2014/lizard_pickup_2014.xml"/>
    </motorized>
    <animations>
        <animation name="rpmDisplay">
            <part endRot="0 -20 0" endTime="0.5" node="0>14|1|0" startRot="0 0 0" startTime="0"/>
            <part endRot="0 -195 0" endTime="1" node="0>14|1|0" startRot="0 -20 0" startTime="0.5"/>
        </animation>
        <animation name="speedDisplay">
            <part endRot="0 -245 0" endTime="1" node="0>14|0|0" startRot="0 0 0" startTime="0"/>
        </animation>
        <animation name="loadingBarFuel">
            <part endRot="0 68 0" endTime="1" node="0>14|2|0" startRot="0 0 0" startTime="0"/>
        </animation>
        <animation name="backDoorsR">
            <part endRot="-8.626 -172.835 14.408" endTime="1" node="0>12|2" startRot="0 0 0" startTime="0"/>
        </animation>
        <animation name="backDoorsL">
            <part endRot="-8.626 172.835 -14.408" endTime="1" node="0>12|3" startRot="0 0 0" startTime="0"/>
        </animation>
        <animation name="sideDoorsR">
            <part endTime="0.1" endTrans="0.95 1.24 0.756" node="0>12|4" startTime="0.0" startTrans="0.914 1.24 0.756"/>
            <part endTime="1.0" endTrans="0.988 1.24 -0.652" node="0>12|4" startTime="0.1" startTrans="0.95 1.24 0.756"/>
        </animation>
        <animation name="sideDoorsL">
            <part endTime="0.1" endTrans="-0.971 1.24 0.756" node="0>12|5" startTime="0.0" startTrans="-0.914 1.24 0.756"/>
            <part endTime="1.0" endTrans="-0.991 1.24 -0.635" node="0>12|5" startTime="0.1" startTrans="-0.971 1.24 0.756"/>
        </animation>
    </animations>
    <cylindered>
        <movingTools>
            <movingTool node="0>12|2" playSound="true">
                <controls axis="AXIS_FRONTLOADER_ARM" iconName="FRONTLOADER_ARM_ROTATE" invertAxis="false" mouseSpeedFactor="0.7"/>
                <animation animName="backDoorsR" animSpeed="0.5"/>
            </movingTool>
            <movingTool node="0>12|3" playSound="true">
                <controls axis="AXIS_FRONTLOADER_ARM2" iconName="FRONTLOADER_ARM_ROTATE" invertAxis="false" mouseSpeedFactor="0.7"/>
                <animation animName="backDoorsL" animSpeed="0.5"/>
            </movingTool>
            <movingTool node="0>12|4" playSound="true">
                <controls axis="AXIS_FRONTLOADER_TOOL" iconName="IMPLEMENT_ATTACHER_TRANS" invertAxis="false" mouseSpeedFactor="0.7"/>
                <animation animName="sideDoorsR" animSpeed="0.5"/>
            </movingTool>
            <movingTool node="0>12|5" playSound="true">
                <controls axis="AXIS_FRONTLOADER_TOOL2" iconName="IMPLEMENT_ATTACHER_TRANS" invertAxis="false" mouseSpeedFactor="0.7"/>
                <animation animName="sideDoorsL" animSpeed="0.5"/>
            </movingTool>
        </movingTools>
    </cylindered>
    <fillUnit>
        <fillUnitConfigurations>
            <fillUnitConfiguration>
                <fillUnits>
                    <fillUnit capacity="120" fillTypes="diesel" showInShop="false" showOnHud="false" unit="$l10n_unit_literShort">
                        <dashboard animName="loadingBarFuel" displayType="ANIMATION" groups="MOTOR_ACTIVE" maxValueAnim="35" minValueAnim="0" valueType="fillLevel"/>
                    </fillUnit>
                    <fillUnit unit="$l10n_unit_literShort" fillTypes="diesel" capacity="0"/>
                </fillUnits>
            </fillUnitConfiguration>
            <fillUnitConfiguration>
                <fillUnits>
                    <fillUnit capacity="120" fillTypes="diesel" showInShop="false" showOnHud="false" unit="$l10n_unit_literShort">
                        <dashboard animName="loadingBarFuel" displayType="ANIMATION" groups="MOTOR_ACTIVE" maxValueAnim="35" minValueAnim="0" valueType="fillLevel"/>
                    </fillUnit>
                    <fillUnit unit="$l10n_unit_literShort" fillTypes="egg" capacity="7050">
                        <dashboard displayType="ANIMATION" valueType="fillLevel" animName="eggAnimation"/>
                        <exactFillRootNode node="0>13|3|0"/>
                    </fillUnit>
                </fillUnits>
                <objectChange node="0>16|0" visibilityActive="true" visibilityInactive="false"/>
            </fillUnitConfiguration>
            <fillUnitConfiguration>
                <fillUnits>
                    <fillUnit capacity="120" fillTypes="diesel" showInShop="false" showOnHud="false" unit="$l10n_unit_literShort">
                        <dashboard animName="loadingBarFuel" displayType="ANIMATION" groups="MOTOR_ACTIVE" maxValueAnim="35" minValueAnim="0" valueType="fillLevel"/>
                    </fillUnit>
                    <fillUnit unit="$l10n_unit_literShort" fillTypes="milk" capacity="2040">
                        <dashboard displayType="ANIMATION" valueType="fillLevel" animName="milkAnimation"/>
                        <exactFillRootNode node="0>13|3|0"/>
                    </fillUnit>
                </fillUnits>
                <objectChange node="0>16|1" visibilityActive="true" visibilityInactive="false"/>
            </fillUnitConfiguration>
            <fillUnitConfiguration>
                <fillUnits>
                    <fillUnit capacity="120" fillTypes="diesel" showInShop="false" showOnHud="false" unit="$l10n_unit_literShort">
                        <dashboard animName="loadingBarFuel" displayType="ANIMATION" groups="MOTOR_ACTIVE" maxValueAnim="35" minValueAnim="0" valueType="fillLevel"/>
                    </fillUnit>
                    <fillUnit unit="$l10n_unit_literShort" fillTypes="wool" capacity="2750">
                        <dashboard displayType="ANIMATION" valueType="fillLevel" animName="woolAnimation"/>
                        <exactFillRootNode node="0>13|3|0"/>
                    </fillUnit>
                </fillUnits>
                <objectChange node="0>16|2" visibilityActive="true" visibilityInactive="false"/>
            </fillUnitConfiguration>
            <fillUnitConfiguration>
                <fillUnits>
                    <unloading node="0>13|2" width="5" offset="0 0 0"/>
                    <fillUnit capacity="120" fillTypes="diesel" showInShop="false" showOnHud="false" unit="$l10n_unit_literShort">
                        <dashboard animName="loadingBarFuel" displayType="ANIMATION" groups="MOTOR_ACTIVE" maxValueAnim="35" minValueAnim="0" valueType="fillLevel"/>
                    </fillUnit>
                    <fillUnit unit="$l10n_unit_literShort" fillTypes="wheat fertilizer oat lime pigFood seeds salt" capacity="3000">
                        <dashboard displayType="ANIMATION" valueType="fillLevel" animName="bigBagAnimation"/>
                        <exactFillRootNode node="0>13|3|0"/>
                    </fillUnit>
                </fillUnits>
                <objectChange node="0>16|3" visibilityActive="true" visibilityInactive="false"/>
            </fillUnitConfiguration>
            <fillUnitConfiguration>
                <fillUnits>
                    <unloading node="0>13|2" width="5" offset="0 0 0"/>
                    <fillUnit capacity="120" fillTypes="diesel" showInShop="false" showOnHud="false" unit="$l10n_unit_literShort">
                        <dashboard animName="loadingBarFuel" displayType="ANIMATION" groups="MOTOR_ACTIVE" maxValueAnim="35" minValueAnim="0" valueType="fillLevel"/>
                    </fillUnit>
                    <fillUnit unit="$l10n_unit_literShort" fillTypes="liquidfertilizer herbicide" capacity="4000">
                        <dashboard displayType="ANIMATION" valueType="fillLevel" animName="tankAnimation"/>
                        <exactFillRootNode node="0>13|3|0"/>
                    </fillUnit>
                </fillUnits>
                <objectChange node="0>16|4" visibilityActive="true" visibilityInactive="false"/>
            </fillUnitConfiguration>
        </fillUnitConfigurations>
    </fillUnit>
    <dischargeable>
        <dischargeNode node="0>13|3|2" emptySpeed="500" fillUnitIndex="2" canDischargeToGround="false">
            <info width="2.0" length="0.5"/>
            <trigger node="0>13|3|3"/>
        </dischargeNode>
    </dischargeable>
    <tensionBelts>
        <tensionBeltsConfigurations>
            <tensionBeltsConfiguration/>
            <tensionBeltsConfiguration>
                <tensionBelts activationTrigger="0>13|1|3" defaultHeight="4" defaultOffset="0.1" defaultOffsetSide="0.1" geometryBias="0.01" jointNode="0>" linkNode="0>13|1" maxEdgeLength="0.1" ratchetPosition="0.2" width="0.075">
                    <tensionBelt endNode="0>13|1|0|0" startNode="0>13|1|0"/>
                    <tensionBelt endNode="0>13|1|1|0" startNode="0>13|1|1"/>
                    <tensionBelt endNode="0>13|1|2|0" startNode="0>13|1|2"/>
                </tensionBelts>
            </tensionBeltsConfiguration>
        </tensionBeltsConfigurations>
    </tensionBelts>
    <suspensions>
        <suspension maxRotation="0 5 5" minRotation="0 -5 -5" suspensionParametersY="7 1" suspensionParametersZ="7 1" useCharacterTorso="true" weight="90"/>
    </suspensions>
    <dashboard>
        <groups>
            <group isMotorStarting="true" name="MOTOR_STARTING"/>
            <group isMotorRunning="true" isMotorStarting="true" name="MOTOR_ACTIVE"/>
        </groups>
    </dashboard>
    <ai>
        <collisionTrigger node="0>9"/>
    </ai>
    <honk>
        <sound template="HONK_JD8400R"/>
    </honk>
    <foliageBending>
        <bendingNode maxX="1.15" maxZ="2.8" minX="-1.15" minZ="-2.8" yOffset="0.05"/>
    </foliageBending>
    <baseMaterial>
        <material baseNode="0>15" name="rumblerVan_mat">
            <shaderParameter name="colorMat0" value="SHARED_GREY2"/>
        </material>
        <material baseNode="0>15|2" name="rumblerVan_interior_mat">
            <shaderParameter name="colorMat0" value="SHARED_GREY2"/>
        </material>
        <material baseNode="0>0|0|0|0" name="rumblerVanRims_mat">
            <shaderParameter name="colorMat0" value="0.5669 0.5669 0.5669 8"/>
        </material>
    </baseMaterial>
    <dischargeable requiresTipOcclusionArea="false"/>
    <baseMaterialConfigurations defaultColorIndex="3" price="1000" useDefaultColors="true">
        <material name="rumblerVan_mat" shaderParameter="colorMat0"/>
        <material name="rumblerVan_interior_mat" shaderParameter="colorMat0"/>
    </baseMaterialConfigurations>
    <designMaterialConfigurations defaultColorIndex="0" price="100" useDefaultColors="true">
        <designMaterialConfiguration color="0.5669 0.5669 0.5669" material="8" name="SILVER"/>
        <material name="rumblerVanRims_mat" shaderParameter="colorMat0"/>
    </designMaterialConfigurations>
	<workshop sellTrigger="0>15|5|1" sellAreaTrigger="0>15|5|0"/>
    <wearable fieldMultiplier="2" wearDuration="480" workMultiplier="5"/>
    <washable dirtDuration="90" fieldMultiplier="2" washDuration="1" workMultiplier="3"/>
</vehicle>