<?xml version="1.0" encoding="utf-8" standalone="no" ?>
<vehicle type="pallet">
    <storeData>
		<name>	
			<fr>Echelle 8</fr>
			<en>Ladder 8</en>
			<de>Leiter 8</de>
			<pl>Drabina 8</pl>
		</name>
        <image>Store/Store_Ladder8.png</image>
        <price>60</price>
        <allowLeasing>false</allowLeasing>
        <canBeSold>true</canBeSold>
        <rotation>90</rotation>
        <brand>LIZARD</brand>
        <category>misc</category>
        <financeCategory>OTHER</financeCategory>
        <vertexBufferMemoryUsage>44736</vertexBufferMemoryUsage>
        <indexBufferMemoryUsage>10896</indexBufferMemoryUsage>
        <textureMemoryUsage>3495384</textureMemoryUsage>
        <instanceVertexBufferMemoryUsage>0</instanceVertexBufferMemoryUsage>
        <instanceIndexBufferMemoryUsage>0</instanceIndexBufferMemoryUsage>
    </storeData>

    <base>
        <filename>i3d/ladder8.i3d</filename>
        <size width="1" length="2" />
        <input allowed="false"/>
        <canBeReset>false</canBeReset>
        <components>
            <component centerOfMass="0 0.1 0" solverIterationCount="10" mass="15" />
        </components>
    </base>

    <dynamicMount triggerNode="dynamicMountTrigger" />

    <tensionBeltObject>
        <meshNodes>
            <meshNode node="tensionBeltNode"/>
        </meshNodes>
    </tensionBeltObject>

    <i3dMappings>
        <i3dMapping id="dynamicMountTrigger" node="0>0" />
        <i3dMapping id="tensionBeltNode" node="0>1" />
    </i3dMappings>
</vehicle>
