﻿<?xml version="1.0" encoding="utf-8" standalone="no" ?>
<modDesc descVersion="53">
<title>
	<en>Real Dirt Color</en>
	<de>Echte Schmutzfarbe</de>
	<fr>Vraie Couleur De Terre</fr>
	<es>Color De Suciedad Real</es>
	<cz>Real Dirt Colour</cz>
</title>
<author>ViperGTS96</author>
<version>1.2.0.0</version>
    
<description>    
<en>
<![CDATA[Real Dirt Color changes all vehicles/tools dirt color to the surrounding enviroment.
- 10 color variations including: Brown Dirt, Brown Mud, Red Dirt, Red Mud, Grass, Chaff, Manure, Slurry, Lime, and Snow.
- Colors are blended back and forth using a variable speed.
- 2 modes available via xml settings file: "Simple mode" and "Independent wheel mode".
- Tweakable color change speed.

Change Log: (v1.0.0.5)
----------------------
-Mod conflict issue resolved.
-Added a few more values for spray types increasing the chance Lime, Slurry, and Manure will affect your dirt color.
-RedDirtMap0 in the settings file was previously ignored, corrected to enable the support for "Estancia Lapacho".

Change Log: (v1.0.1.2)
----------------------
-Added a few more values for spray types increasing the chance Lime, Slurry, and Manure will affect your dirt color.
-Large tools' (cultivators) detecting area adjusted.

Change Log: (v1.1.0.0)
----------------------
-Color change speed now adjustable via Settings.xml file.
-Ability to disable Real Dirt Color per vehicle added. (For incomplete mods, etc.)
-Increased support for maps with red dirt.
-New way of detecting sprayed fields to guarantee color change.
-New function added to support varying wheel configurations of mods.
-Lime Filltype added to color changes (driving on a "pile" of lime).
-Change speeds (per color) tweaked.

Change Log: (v1.1.0.2)
----------------------
-Forestry Wheel Tracks issue fixed.

Change Log: (v1.1.1.0)
----------------------
-Specialization registration script revised.
-Fix: Mods with custom vehicle types didn't work if the mod name came after "FS19_realDirtColor" alphabetically.

Change Log: (v1.1.1.1)
----------------------
-Fix: "loadMap" function of certain mods was being blocked by removal of registration script's event listner.

Change Log: (v1.2.0.0)
----------------------
-Wheel parts are loaded in a new way which allows all wheels and parts to be correctly loaded for independent mode. If a wheel or wheel part didn't change color previously it should now.
-Color revert speed now slower, and configurable using the 'settings.xml' file within the mod.
-The mod [Real Mud]'s mud piles now change the dirt color to mud.
-Driving though water that is lower than the map's set water height will now also change the dirt color to mud.]]></en>

<de>
<![CDATA[Real Dirt Color passt die Schmutzfarbe aller Fahrzeuge/Werkzeuge an die Umgebung an.
- 10 Farbvariationen, einschließlich: Brauner Schmutz, Brauner Schlamm, Roter Schmutz, Roter Schlamm, Gras, Spreu, Mist, Gülle, Kalk und Schnee.
- Farben werden mit einer variablen Geschwindigkeit hin und her gemischt.
- 2 Modi, die über die XML-Einstellungsdatei verfügbar sind: "Einfacher Modus" und "Unabhängiger Radmodus".
- Einstellbare Farbwechselgeschwindigkeit.

Changelog: (v1.1.0.0)
----------------------
- Mod-Konflikt-Problem behoben.
- Einige weitere Werte für Spraytypen hinzugefügt, um die Wahrscheinlichkeit zu erhöhen, dass Kalk, Gülle und Dung die Schmutzfarbe beeinflussen.
- RedDirtMap0 in der Einstellungsdatei wurde zuvor ignoriert, korrigiert, um die Unterstützung für "Estancia Lapacho" zu aktivieren.

Changelog: (v1.0.1.2)
----------------------
- Einige weitere Werte für Spritzentypen hinzugefügt, um die Wahrscheinlichkeit zu erhöhen, dass Kalk, Gülle und Mist die Schmutzfarbe beeinflussen.
- Der Erkennungsbereich von Geräten (Grubber) wurde angepasst.

Changelog: (v1.1.0.0)
----------------------
- Farbänderungsgeschwindigkeit jetzt über Settings.xml-Datei einstellbar.
- Möglichkeit, die Echtschmutzfarbe pro Fahrzeug zu deaktivieren. (Für unvollständige Mods usw.)
- Erhöhte Unterstützung für Karten mit rotem Schmutz.
- Neue Möglichkeit, gespritzte Felder zu erkennen, um Farbwechsel zu gewährleisten.
- Neue Funktion hinzugefügt, um verschiedene Rad-Konfigurationen von Mods zu unterstützen.
- Kalkfüllungstyp hinzugefügt zu Farbänderungen (Fahren auf einem "Kalkhaufen").
- Ändern Sie die Geschwindigkeit (pro Farbe).

Changelog: (v1.1.0.2)
----------------------
- Problem mit Forst-Radspuren behoben.

Changelog: (v1.1.1.0)
----------------------
- Spezialisierungsregistrierungsskript überarbeitet.
- Fix: Mods mit benutzerdefinierten Fahrzeugtypen funktionierten nicht, wenn der Mod-Name alphabetisch nach "FS19_realDirtColor" kam.

Changelog: (v1.1.1.1)
----------------------
- Fix: "loadMap" -Funktion bestimmter Mods wurde durch Entfernen des Event-Listeners des Registrierungsskripts blockiert.

Changelog: (v1.2.0.0)
----------------------
- Radteile werden auf eine neue Weise geladen, die es ermöglicht, alle Räder und Teile für den unabhängigen Modus korrekt zu laden. Wenn ein Rad oder Radteil vorher nicht die Farbe geändert hat, sollte es jetzt.
- Die Geschwindigkeit der Farbumkehr ist nun langsamer und kann über die Datei "settings.xml" in der Mod konfiguriert werden.
- Schlammhaufen der Mod [Real Mud] ändern nun die Farbe des Schmutzes in Schlamm.
- Das Durchfahren von Wasser, das niedriger ist als die eingestellte Wasserhöhe der Karte, ändert nun auch die Schmutzfarbe in Schlamm.]]></de>

<fr>
<![CDATA[Vraie couleur de terre modifie la couleur de la saleté de tous les véhicules / outils en fonction de l'environnement.
- 10 variations de couleur comprenant: la saleté brune, la boue brune, la saleté rouge, la boue rouge, l'herbe, la paille, le fumier, le lisier, la chaux et la neige.
- Les couleurs sont mélangées en utilisant une vitesse variable.
- 2 modes disponibles via le fichier de paramètres xml: "Mode simple" et "Mode roue indépendante".
- Vitesse de changement de couleur réglable.

Journal des modifications: (v1.0.0.5)
----------------------
-Problème de conflit mod résolu.
-Ajouté quelques valeurs supplémentaires pour les types de pulvérisation augmentant les chances que la chaux, le lisier et le fumier affectent votre couleur de terre.
-RedDirtMap0 dans le fichier de paramètres était précédemment ignoré, corrigé pour permettre la prise en charge de "Estancia Lapacho".

Journal des modifications: (v1.0.1.2)
----------------------
-Ajouté quelques valeurs supplémentaires pour les types de pulvérisation augmentant les chances que la chaux, le lisier et le fumier affectent votre couleur de terre.
-Grands outils (cultivateurs) détectant la surface ajustée.

Journal des modifications: (v1.1.0.0)
----------------------
La vitesse de changement de couleur est maintenant réglable via le fichier Settings.xml.
-Possibilité de désactiver Real Dirt Color par véhicule ajouté. (Pour les mods incomplets, etc.)
-Assistance accrue pour les cartes avec la saleté rouge.
-Nouvelle méthode de détection des champs pulvérisés pour garantir le changement de couleur.
-Nouvelle fonction ajoutée pour prendre en charge différentes configurations de roue des mods.
-Type de remplissage à la chaux ajouté aux changement de couleur (conduite sur un "tas" de chaux).
-Changez les vitesses (par couleur) peaufinées.

Journal des modifications: (v1.1.0.2)
----------------------
-Le problème des traces de roues forestières est résolu.

Journal des modifications: (v1.1.1.0)
----------------------
-Script d'inscription à la spécialisation révisé.
-Correction: les mods avec des types de véhicules personnalisés ne fonctionnaient pas si le nom du mod venait après "FS19_realDirtColor" par ordre alphabétique.

Journal des modifications: (v1.1.1.1)
----------------------
-Correction: la fonction "loadMap" de certains mods était bloquée par la suppression du listeur d'événements du script d'enregistrement.

Journal des modifications: (v1.1.1.1)
----------------------
-Les pièces de roue sont chargées d'une nouvelle manière qui permet à toutes les roues et pièces d'être correctement chargées pour le mode indépendant. Si une roue ou une pièce de roue n'a pas changé de couleur auparavant, elle le devrait maintenant.
-La vitesse de «retour» de la couleur est maintenant plus lente et configurable à l'aide du fichier «settings.xml» dans le mod.
-Les tas de boue du mod [Real Mud] changent maintenant la couleur de la saleté en boue.
-La conduite dans une eau inférieure à la hauteur d'eau définie sur la carte changera également la couleur de la saleté en boue.]]></fr>

<cz>
<![CDATA[Skutečná barva špíny změní barvu špíny všech vozidel / nástrojů na okolní prostředí.
- 10 barevných variací včetně: hnědé nečistoty, hnědého bahna, červené špíny, červeného kalu, trávy, plevy, hnojiva, kalu, vápna a sněhu.
- Barvy se mísí dopředu a dozadu pomocí variabilní rychlosti.
- 2 režimy dostupné prostřednictvím souboru nastavení xml: "Jednoduchý režim" a "Nezávislý režim kol".
- Nastavitelná rychlost změny barvy.

Změnit protokolu: (v1.0.0.5)
----------------------
-Problém konfliktu v modu byl vyřešen.
-Přidávaly ještě několik hodnot pro druhy postřiků, které zvyšují šanci Vápno, hnojivo a hnůj ovlivní barvu špíny.
-RedDirtMap0 v souboru nastavení byl předtím ignorován, opraven, aby byla povolena podpora pro "Estancia Lapacho".

Změnit protokolu: (v1.0.1.2)
----------------------
-Přidávaly ještě několik hodnot pro druhy postřiků, které zvyšují šanci Vápno, hnojivo a hnůj ovlivní barvu špíny.
-Velké nástroje (kultivátory) pro zjišťování plochy.

Změnit protokolu: (v1.1.0.0)
----------------------
-Rychlost změny barvy lze nyní nastavit pomocí souboru Settings.xml.
-Schopnost zakázat skutečnou barvu špíny na přidané vozidlo. (Pro neúplné mody apod.)
-Zvýšená podpora map s červenou špínou.
-New způsob detekce postřikovaných polí zaručujících změnu barvy.
-Nová funkce přidaná pro podporu různých konfigurací kol modů.
-Lime Filltype se přidá ke změnám barev (jízda na "hromadu" vápna).
-Změna rychlosti (na barvu) vylepšená.

 Změnit protokolu: (v1.1.0.2)
----------------------
-Odkazy pro lesní kola jsou vyřešeny.

 Změnit protokolu: (v1.1.1.0)
----------------------
-Revize skriptu specializace.
-Oprava: Mody s vlastními typy vozidel nefungovaly, pokud název mod přišel abecedně za „FS19_realDirtColor“.

 Změnit protokol: (v1.1.1.1)
----------------------
-Oprava: Funkce „loadMap“ určitých režimů byla blokována odebráním seznamu událostí skriptu registrací.

 Změnit protokol: (v1.2.0.0)
----------------------
-Kolové díly se načítají novým způsobem, který umožňuje správné naložení všech kol a dílů pro nezávislý režim. Pokud kolo nebo jeho část dříve nezměnily barvu, mělo by to být nyní.
-Color 'návrat' rychlost nyní pomalejší a konfigurovatelné pomocí souboru 'settings.xml' v módu.
-Hromady bláta mod [Real Mud] nyní mění barvu nečistot na bahno.
-Jízda po vodě, která je nižší než nastavená výška vody na mapě, nyní také změní barvu nečistot na bláto.]]></cz>

<es>
<![CDATA[Color de suciedad real cambia el color de la suciedad de todos los vehículos / herramientas al entorno circundante.
- 10 variaciones de color que incluyen: suciedad marrón, barro marrón, suciedad roja, barro rojo, hierba, paja, estiércol, purines, lima y nieve.
- Los colores se mezclan de un lado a otro usando una velocidad variable.
- 2 modos disponibles a través del archivo de configuración xml: "Modo simple" y "Modo de rueda independiente".
- Velocidad de cambio de color ajustable.

Registro de cambios: (v1.0.0.5)
----------------------
-Del problema del conflicto resuelto.
-Se agregaron algunos valores más para los tipos de rociado, lo que aumenta la posibilidad de que la cal, la lechada y el estiércol afecten el color de la suciedad.
-RedDirtMap0 en el archivo de configuración se ignoró previamente, se corrigió para habilitar el soporte para "Estancia Lapacho".

Registro de cambios: (v1.0.1.2)
----------------------
-Se agregaron algunos valores más para los tipos de rociado, lo que aumenta la posibilidad de que la cal, la lechada y el estiércol afecten el color de la suciedad.
-Amplia área de detección de herramientas (cultivadores) ajustada.

Registro de cambios: (v1.1.0.0)
----------------------
-La velocidad de cambio de color ahora se puede ajustar a través del archivo Settings.xml.
-Posibilidad de desactivar Real Dirt Color por vehículo añadido. (Para modificaciones incompletas, etc.)
-Aumento del soporte para mapas con suciedad roja.
-Nueva forma de detectar campos pulverizados para garantizar el cambio de color.
-Nueva función agregada para soportar diferentes configuraciones de rueda de mods.
-Lime Filltype agregado a los cambios de color (conduciendo sobre una "pila" de cal).
-Cambios de velocidad (por color) ajustados.

Registro de cambios: (v1.1.0.2)
----------------------
-Se ha solucionado el problema de las pistas de la rueda forestal.

Registro de cambios: (v1.1.1.0)
----------------------
-Escritura de registro de especialización revisada
-Solución: las modificaciones con tipos de vehículos personalizados no funcionaban si el nombre de la modificación aparecía después de "FS19_realDirtColor" alfabéticamente.

 Registro de cambios: (v1.1.1.1)
----------------------
-Arreglo: la función "loadMap" de ciertas modificaciones estaba siendo bloqueada por la eliminación de la lista de eventos del script de registro.

 Registro de cambios: (v1.2.0.0)
----------------------
-Las piezas de las ruedas se cargan de una manera nueva que permite que todas las ruedas y piezas se carguen correctamente para el modo independiente. Si una rueda o pieza de rueda no cambió de color anteriormente, debería hacerlo ahora.
-La velocidad de 'revertir' de color ahora es más lenta y se puede configurar usando el archivo 'settings.xml' dentro del mod.
-Las pilas de barro del mod [Real Mud] ahora cambian el color de la tierra a barro.
-Conducir a través del agua que es más baja que la altura del agua establecida en el mapa ahora también cambiará el color de la suciedad a barro.]]></es>

<it>
<![CDATA[Il colore reale della sporcizia cambia il colore della sporcizia di tutti i veicoli / attrezzi verso l'ambiente circostante.
- 10 varianti di colore tra cui: sporcizia marrone, fango marrone, sporcizia rossa, fango rosso, erba, pula, letame, liquami, calce e neve.
- I colori vengono miscelati avanti e indietro utilizzando una velocità variabile.
- 2 modalità disponibili tramite file di impostazioni xml: "Modalità semplice" e "Modalità ruota indipendente".
- Velocità di cambio colore regolabile.

Registro modifiche: (v1.0.0.5)
----------------------
-Risolto il problema di conflitto di sistema.
-Aggiunto qualche altro valore per i tipi di spray aumentando la possibilità che Lime, Slurry e Letame influenzino il tuo colore sporco.
-RedDirtMap0 nel file delle impostazioni è stato precedentemente ignorato, corretto per abilitare il supporto per "Estancia Lapacho".

Registro modifiche: (v1.0.1.2)
----------------------
-Aggiunto qualche altro valore per i tipi di spray aumentando la possibilità che Lime, Slurry e Letame influenzino il tuo colore sporco.
-Ampia area di rilevamento degli attrezzi grandi (coltivatori) regolata.

Registro modifiche: (v1.1.0.0)
----------------------
-Color velocità di modifica ora regolabile tramite il file Settings.xml.
-Possibilità di disabilitare Real Dirt Color per veicolo aggiunto. (Per modifiche incomplete, ecc.)
-Aumentato supporto per mappe con sporco rosso.
-Nuovo modo di rilevare i campi spruzzati per garantire il cambio di colore.
-Nuova funzione aggiunta per supportare diverse configurazioni di ruote di mod.
-Lime Filltype aggiunto ai cambiamenti di colore (guida su una "pila" di calce).
-Cambia le velocità (per colore) ottimizzate.

Registro modifiche: (v1.1.0.2)
----------------------
-Risolto il problema del problema delle ruote gommate.

Registro modifiche: (v1.1.1.0)
----------------------
-Revisione dello script di registrazione della specializzazione.
-Correzione: le mod con tipi di veicoli personalizzati non funzionavano se il nome della mod veniva dopo "FS19_realDirtColor" in ordine alfabetico.

Registro modifiche: (v1.1.1.1)
----------------------
-Correzione: la funzione "loadMap" di alcune mod veniva bloccata rimuovendo il listener di eventi dello script di registrazione.

Registro modifiche: (v1.2.0.0)
----------------------
-Le parti delle ruote vengono caricate in un nuovo modo che consente a tutte le ruote e alle parti di essere caricate correttamente per la modalità indipendente. Se una ruota o una parte della ruota non ha cambiato colore in precedenza, dovrebbe ora.
-Velocità di ripristino del colore ora più lenta e configurabile utilizzando il file "settings.xml" all'interno del mod.
-Le pile di fango del mod [Real Mud] ora cambiano il colore dello sporco in fango.
-Guidare attraverso l'acqua che è inferiore all'altezza dell'acqua impostata sulla mappa ora cambierà anche il colore dello sporco in fango.]]></it>
</description>

<iconFilename>icon.dds</iconFilename>
<multiplayer supported="true"/>
<extraSourceFiles>
	<sourceFile filename="registerRealDirtColor.lua" />
</extraSourceFiles>

</modDesc>
