﻿<?xml version="1.0" encoding="utf-8" standalone="no" ?>
<modDesc descVersion="44">
   <author>GtX</author>

   <tranlsations>Ralf, Vanquish081</tranlsations>

   <version>1.0.0.0</version>

    <title>
        <en>Easy Development Controls</en>
    </title>

    <description>
        <en>
            <![CDATA[This script addon is designed for use by map / mod developers or video content creators and is not intended to be used as a game cheat.

With this simple UI you can control many of the Giants provided Console Commands and some new custom commands without the need to input or understand long text strings required.

Some commands are supported in MP for testing on dedicated servers by admin only. Unsupported commands will be disabled.

Game starting parameter -cheats is not required to use the UI addon.

Open menu using default input binding 'F11']]>
        </en>
        <de>
            <![CDATA[Dieses Skript-Addon wurde für Entwickler von Maps / Mods oder Videocontent-Ersteller entwickelt und ist nicht als Spiel-Cheat gedacht.

Mit dieser einfachen Benutzeroberfläche kannst du viele der von Giants bereitgestellten Konsolenbefehle und einige neue benutzerdefinierte Befehle steuern, ohne dass du lange Textzeichenfolgen eingeben oder verstehen musst.

Einige Befehle werden im MP zum Testen auf dedizierten Servern nur für Administratoren unterstützt. Nicht unterstützte Befehle werden deaktiviert.

Der Spielstartparameter -cheats sind nicht erforderlich, um das UI-Addon zu verwenden.

Menü mit Standardeingabetaste 'F11' öffnen]]>
        </de>
        <fr>
            <![CDATA[Ce script est conçu pour être utilisé dans le développement de cartes ou de mods, il est également utile pour les vidéos, il n’est pas destiné à être utilisé comme une astuce de jeu.

Avec cette interface utilisateur simple, vous pouvez contrôler de nombreuses commandes de console fournies par Giants et de nouvelles commandes personnalisées sans avoir à saisir ou à mémoriser leurs noms longs.

Certaines commandes sont compatibles avec MP pour effectuer des tests sur des serveurs dédiés uniquement à l'administrateur. Les commandes non prises en charge seront désactivées dans MP.

Les paramètres de démarrage du jeu ne nécessitent aucune astuce pour utiliser cette interface.

Ouvrez le menu en utilisant la touche par défaut 'F11']]>
        </fr>
        <es>
            <![CDATA[Este script está diseñado para usar en el desarrollo de mapas o mods, también es útil para videos, no está destinado a ser usado como un truco del juego.

Con esta sencilla interfaz de usuario puede controlar muchos de los Comandos de Consola provistos por Giants y algunos nuevos comandos personalizados sin la necesidad de teclear o memorizar los largos nombres de estos.

Algunos comandos son compatibles con MP para realizar pruebas en servidores dedicados solo por el administrador. Los comandos no soportados serán deshabilitados en MP.

Los parámetros de inicio del juego no requieren trucos para usar esta interfaz.

Abra el menu usando la tecla por defecto 'F11']]>
        </es>
    </description>

    <multiplayer supported="true"/>
    <iconFilename>icon.dds</iconFilename>

    <extraSourceFiles>
        <sourceFile filename="scripts/EasyDevControls.lua" />
    </extraSourceFiles>

    <l10n filenamePrefix="translations/translation"/>

    <inputBinding>
        <actionBinding action="EDC_openMenu">
            <binding device="KB_MOUSE_DEFAULT" input="KEY_f11" />
        </actionBinding>
        <actionBinding action="EDC_playerSpeed">
            <binding device="KB_MOUSE_DEFAULT" input="KEY_end" />
        </actionBinding>
        <actionBinding action="EDC_objectDelete">
            <binding device="KB_MOUSE_DEFAULT" input="KEY_delete" />
        </actionBinding>
    </inputBinding>

    <actions>
        <action name="EDC_openMenu" />
        <action name="EDC_playerSpeed" />
        <action name="EDC_objectDelete" />
    </actions>
</modDesc>
