<?xml version="1.0" encoding="utf-8" standalone="no"?>
<modDesc descVersion="53">
	<author>Rockstar</author>

	<version>1.0.0.0</version>

	<title>
		<en>New Currencies</en>
		<de>Neue Währungen</de>
		<fr>Nouvelles Devises</fr>
		<pl>Nowe Waluty</pl>
	</title>

	<description>
		<en>
			<![CDATA[Mod that adds new currencies, not originally available in the game: (Brazilian Real, Chinese Yuan, Czech Koruna, Hungarian Forint, Japanese Yen, Polish Zloty, South Korean Won, Romanian Leu, Russian Ruble, Turkish Lira, Ukrainian Hryvnia).]]></en>
		<de>
			<![CDATA[Ein Mod, der neue Währungen hinzufügt, die ursprünglich nicht im Spiel verfügbar sind: (Brasilianischer Real, Chinesische Yuan, Tschechische Krone, Ungarischer Forint, Japanischer Yen, Polnischer Zloty, Südkoreanischer Won, Rumänischer Leu, Russischer Rubel, Türkische Lira, Ukrainische Griwna).]]></de>
		<fr>
			<![CDATA[Mod qui ajoute de nouvelles devises, non disponibles à l'origine dans le jeu: (Real brésilien, Le yuan chinois, Couronne tchèque, Forint hongrois, Yen japonais, Zloty polonais, Won sud-coréen, Leu roumain, Rouble russe, Lire turque, Hryvnia ukrainienne).]]></fr>
		<pl>
			<![CDATA[Mod dodający nowe waluty, niedostępne oryginalnie w grze: (Real brazylijski, Juan chiński, Korona czeska, Forint węgierski, Jen japoński, Polski złoty, Won południowokoreański, Lej rumuński, Rubel rosyjski, Lira turecka, Hrywna ukraińska).]]></pl>
	</description>

	<iconFilename>icon.png</iconFilename>

	<multiplayer supported="true"/>

	<extraSourceFiles>
		<sourceFile filename="scripts/NewCurrencies.lua"/>
	</extraSourceFiles>

	<l10n>
		<text name="unit_brazilianReal">
			<en>Brazilian real</en>
			<de>Brasilianischer Real</de>
			<it>Real brasiliano</it>
			<fr>Real brésilien</fr>
			<es>Real brasileño</es>
			<br>Real brasileiro</br>
			<cs>巴西雷亚尔</cs>
			<ct>巴西雷亞爾</ct>
			<cz>Brazilský real</cz>
			<hu>Brazil igazi</hu>
			<jp>ブラジルレアル</jp>
			<kr>브라질 헤알</kr>
			<pl>Real brazylijski</pl>
			<nl>Braziliaanse real</nl>
			<pt>Real brasileiro</pt>
			<ro>Real brazilian</ro>
			<ru>Бразильский реал</ru>
			<tr>Brezilya gerçek</tr>
		</text>
		<text name="unit_chineseYuan">
			<en>Chinese yuan</en>
			<de>Chinesische Yuan</de>
			<it>Yuan cinese</it>
			<fr>Le yuan chinois</fr>
			<es>Yuan chino</es>
			<br>Yuan chinês</br>
			<cs>人民币元</cs>
			<ct>人民幣元</ct>
			<cz>Čínský jüan</cz>
			<hu>Kínai jüan</hu>
			<jp>人民元</jp>
			<kr>중국 위안</kr>
			<pl>Juan chiński</pl>
			<nl>Chinese yuan</nl>
			<pt>Yuan chinês</pt>
			<ro>Yuan chinezesc</ro>
			<ru>Китайский юань</ru>
			<tr>Çin Yuanı</tr>
		</text>
		<text name="unit_czechKoruna">
			<en>Czech koruna</en>
			<de>Tschechische Krone</de>
			<it>Corona ceca</it>
			<fr>Couronne tchèque</fr>
			<es>Corona checa</es>
			<br>Coroa checa</br>
			<cs>捷克王冠</cs>
			<ct>捷克王冠</ct>
			<cz>Koruna česká</cz>
			<hu>Cseh korona</hu>
			<jp>チェコ・コルナ</jp>
			<kr>체코 코루나</kr>
			<pl>Korona czeska</pl>
			<nl>Tsjechische kroon</nl>
			<pt>Coroa checa</pt>
			<ro>Coroană cehă</ro>
			<ru>Чешская крона</ru>
			<tr>Çek korunası</tr>
		</text>
		<text name="unit_hungarianForint">
			<en>Hungarian forint</en>
			<de>Ungarischer Forint</de>
			<it>Fiorino ungherese</it>
			<fr>Forint hongrois</fr>
			<es>Forinto húngaro</es>
			<br>Florim húngaro</br>
			<cs>匈牙利福林</cs>
			<ct>匈牙利福林</ct>
			<cz>Maďarský forint</cz>
			<hu>Magyar forint</hu>
			<jp>ハンガリーフォリント</jp>
			<kr>헝가리 포린트</kr>
			<pl>Forint węgierski</pl>
			<nl>Hongaarse forint</nl>
			<pt>Florim húngaro</pt>
			<ro>Magyar forint</ro>
			<ru>Венгерский форинт</ru>
			<tr>Macar forinti</tr>
		</text>
		<text name="unit_japaneseYen">
			<en>Japanese yen</en>
			<de>Japanischer Yen</de>
			<it>Yen Giapponese</it>
			<fr>Yen japonais</fr>
			<es>Yen japonés</es>
			<br>Yen japonês</br>
			<cs>日圆</cs>
			<ct>日圓</ct>
			<cz>Japonský jen</cz>
			<hu>Japán jen</hu>
			<jp>日本円</jp>
			<kr>일본 엔</kr>
			<pl>Jen japoński</pl>
			<nl>Japanse yen</nl>
			<pt>Yen japonês</pt>
			<ro>Yeni japonezi</ro>
			<ru>Японская иена</ru>
			<tr>Japon yeni</tr>
		</text>
		<text name="unit_polishZloty">
			<en>Polish zloty</en>
			<de>Polnischer Zloty</de>
			<it>Zloty polacco</it>
			<fr>Zloty polonais</fr>
			<es>Zloty polaco</es>
			<br>Zloty polonês</br>
			<cs>波兰兹罗提</cs>
			<ct>波蘭茲羅提</ct>
			<cz>Polský zlotý</cz>
			<hu>Lengyel złoty</hu>
			<jp>ポーランドズウォティ</jp>
			<kr>폴란드 즈워티</kr>
			<pl>Polski złoty</pl>
			<nl>Poolse złoty</nl>
			<pt>Zloty polonês</pt>
			<ro>Zlot polonez</ro>
			<ru>Польский злотый</ru>
			<tr>Polonya zlotisi</tr>
		</text>
		<text name="unit_southKoreanWon">
			<en>South Korean won</en>
			<de>Südkoreanischer Won</de>
			<it>Won sud-coréen</it>
			<fr>Won sud-coréen</fr>
			<es>Won surcoreano</es>
			<br>Won sul-coreano</br>
			<cs>韩元</cs>
			<ct>韓元</ct>
			<cz>Jihokorejský won</cz>
			<hu>Dél-koreai von</hu>
			<jp>大韓民国ウォン</jp>
			<kr>대한민국 원</kr>
			<pl>Won południowokoreański</pl>
			<nl>Zuid-Koreaanse won</nl>
			<pt>Won sul-coreano</pt>
			<ro>Won sud-coreean</ro>
			<ru>Южнокорейская вона</ru>
			<tr>Güney Kore wonu</tr>
		</text>
		<text name="unit_romanianLeu">
			<en>Romanian leu</en>
			<de>Rumänischer Leu</de>
			<it>Leu romeno</it>
			<fr>Leu roumain</fr>
			<es>Leu rumano</es>
			<br>Leu romeno</br>
			<cs>罗马尼亚列伊</cs>
			<ct>羅馬尼亞列伊</ct>
			<cz>Rumunský lei</cz>
			<hu>Román lej</hu>
			<jp>ルーマニア・レウ</jp>
			<kr>루마니아 레우</kr>
			<pl>Lej rumuński</pl>
			<nl>Roemeense leu</nl>
			<pt>Leu romeno</pt>
			<ro>Leu românesc</ro>
			<ru>Румынский лей</ru>
			<tr>Rumen leyi</tr>
		</text>
		<text name="unit_russianRuble">
			<en>Russian ruble</en>
			<de>Russischer Rubel</de>
			<it>Rublo russo</it>
			<fr>Rouble russe</fr>
			<es>Rublo ruso</es>
			<br>Rublo russo</br>
			<cs>俄罗斯卢布</cs>
			<ct>俄羅斯盧布</ct>
			<cz>Ruský rubl</cz>
			<hu>Orosz rubel</hu>
			<jp>ロシア・ルーブル</jp>
			<kr>러시아 루블</kr>
			<pl>Rubel rosyjski</pl>
			<nl>Russische roebel</nl>
			<pt>Rublo russo</pt>
			<ro>Rublă rusă</ro>
			<ru>Российский рубль</ru>
			<tr>Rus rublesi</tr>
		</text>
		<text name="unit_turkishLira">
			<en>Turkish lira</en>
			<de>Türkische Lira</de>
			<it>Lira turca</it>
			<fr>Lire turque</fr>
			<es>Lira turca</es>
			<br>Lira turca</br>
			<cs>土耳其里拉</cs>
			<ct>土耳其里拉</ct>
			<cz>Turecká lira</cz>
			<hu>Török líra</hu>
			<jp>トルコリラ</jp>
			<kr>터키 리라</kr>
			<pl>Lira turecka</pl>
			<nl>Turkse lira</nl>
			<pt>Lira turca</pt>
			<ro>Liră turcească</ro>
			<ru>Турецкая лира</ru>
			<tr>Türk lirası</tr>
		</text>
		<text name="unit_ukrainianHryvnia">
			<en>Ukrainian hryvnia</en>
			<de>Ukrainische Griwna</de>
			<it>Grivnia ucraina</it>
			<fr>Hryvnia ukrainienne</fr>
			<es>Jrivnia ucraniana</es>
			<br>Hryvnia ucraniana</br>
			<cs>乌克兰格里夫纳汇率</cs>
			<ct>烏克蘭格里夫納匯率</ct>
			<cz>Ukrajinská hřivna</cz>
			<hu>Ukrán hrivnya</hu>
			<jp>ウクライナグリブナ</jp>
			<kr>우크라이나 흐 리브 냐</kr>
			<pl>Hrywna ukraińska</pl>
			<nl>Oekraïense hryvnia</nl>
			<pt>Hryvnia ucraniana</pt>
			<ro>Grivna ucraineană</ro>
			<ru>Украинская гривна</ru>
			<tr>Ukrayna grivnası</tr>
		</text>
	</l10n>
</modDesc>