﻿<?xml version="1.0" encoding="utf-8" standalone="no"?>
<modDesc descVersion="46">
    <author>Deniox_</author>
    <version>1.0.0.0</version>
    <title>
		<en>Wiadra</en>
    </title>
    <description>
        <en>.</en>
    </description>
    <iconFilename>textures/Zdjecie.dds</iconFilename>
    <multiplayer supported="true"/>
    <storeItems>
        <storeItem xmlFilename="NoweWiadro.xml"/>
		<storeItem xmlFilename="StareWiadro.xml"/>
		<storeItem xmlFilename="PlastikoweWiadro.xml"/>
    </storeItems>
</modDesc>
