﻿<?xml version="1.0" encoding="utf-8" standalone="no" ?>
<vehicle type="shovel">
    <annotation>Copyright (C) GIANTS Software GmbH, All Rights Reserved.</annotation>
    <storeData>
        <name>Stare Wiadro</name>
        <image>textures/Stare_Zdjecie.dds</image>
        <price>50</price>
        <lifetime>600</lifetime>
        <rotation>0</rotation>
        <brand>LIZARD</brand>
        <category>misc</category>
        <vertexBufferMemoryUsage>77584</vertexBufferMemoryUsage>
        <indexBufferMemoryUsage>15726</indexBufferMemoryUsage>
        <textureMemoryUsage>4587904</textureMemoryUsage>
        <instanceVertexBufferMemoryUsage>0</instanceVertexBufferMemoryUsage>
        <instanceIndexBufferMemoryUsage>0</instanceIndexBufferMemoryUsage>
    </storeData>
    <base>
        <filename>bucketRusty.i3d</filename>
        <size width="3" length="2"/>
        <components>
            <component solverIterationCount="10" mass="100" />
        </components>
        <schemaOverlay attacherJointPosition="0 0">
            <default name="DEFAULT_IMPLEMENT"/>
            <selected name="DEFAULT_IMPLEMENT_SELECTED"/>
        </schemaOverlay>
    </base>
    <fillUnit>
        <fillUnitConfigurations>
            <fillUnitConfiguration>
                <fillUnits>
                    <fillUnit unit="$l10n_unit_literShort" fillTypeCategories="bulk windrow" capacity="100" >
                        <exactFillRootNode node="0>0|4" />
                    </fillUnit>
                </fillUnits>
            </fillUnitConfiguration>
        </fillUnitConfigurations>
    </fillUnit>
    <fillVolume>
        <fillVolumeConfigurations>
            <fillVolumeConfiguration>
                <volumes>
                    <volume node="0>0|0" allSidePlanes="true" maxAllowedHeapAngle="50" fillUnitIndex="1" />
                </volumes>
            </fillVolumeConfiguration>
        </fillVolumeConfigurations>
        <loadInfos>
            <loadInfo>
                <node node="0>0|2" width="2.45" length="1.2" />
            </loadInfo>
        </loadInfos>
        <unloadInfos>
            <unloadInfo>
                <node node="0>0|3" width="2.45" length="1.2" />
            </unloadInfo>
        </unloadInfos>
    </fillVolume>
    <dischargeable requiresTipOcclusionArea="false">
        <dischargeNode node="0>0|1" fillUnitIndex="1" emptySpeed="500" >
            <raycast node="0>0|1" maxDistance="30" useWorldNegYDirection="true" yOffset="2"/>
            <info width="2.45" length="1.3" zOffset="1.5"/>
            <effects>
                <effectNode effectClass="TipEffect">
                    <effectNode effectNode="0>2" effectClass="ParticleEffect" />
                </effectNode>
            </effects>
        </dischargeNode>
    </dischargeable>
    <shovel>
	    <shovelNode node="0>5" fillUnitIndex="1" width="1" length="1" yOffset="-0.5" zOffset="0" needsMovement="false" needsActivation="false" fillLitersPerSecond="500" needsAttacherVehicle="false"/>
		<dischargeInfo node="0>0|1" minSpeedAngle="105" maxSpeedAngle="180" />
    </shovel>
	<foliageBending>
        <bendingNode minX="-0.6" maxX="0.6" minZ="-0.5" maxZ="0.5" yOffset="0.1" />
    </foliageBending>
	
</vehicle>
