﻿<?xml version="1.0" encoding="utf-8" standalone="no" ?>
<modDesc descVersion="53">
    <author>User B4D, Consi</author>
    <version>2.0.0.0</version>

    <title>
        <en>One Axle Trailer</en>
		<de>Einachsanhänger</de>	
		<pl>Przyczepa Jednoosiowa</pl>		
    </title>

    <iconFilename>icon_oneAxleTrailer.png</iconFilename>
    <multiplayer supported="true" /> 

    <description>
       <en><![CDATA[Small, multifunctional trailer.
Category: Trailers

Price: 
- New: 2500 €
- Used: 1300 €

Configurations:
- Without Extensions
- With Extensions (+200 €)
- Tank (+800 €)

Includes color configurations and possibility of transporting animals.

Changelog 2.0.0.0
- improved model and textures
- added many configurations]]>
       </en>
       <de><![CDATA[Kleiner, multifunktionaler Anhänger.
Kategorie: Anhänger

Preis:
- Neu: 2500 €
- Gebraucht: 1300 €

Konfigurationen:
- Ohne Erweiterungen
- Mit Erweiterungen (+200 €)
- Tank (+800 €)

Beinhaltet Farbkonfigurationen und die Möglichkeit, Tiere zu transportieren.

Changelog 2.0.0.0
- Verbessertes Modell und verbesserte Texturen
- viele Konfigurationen hinzugefügt]]>
       </de>
    </description>

   	<l10n>
	<text name="configuration_New"> 
		    <en>New</en>
			<de>Neu</de>
            <pl>Nowy</pl>	
		</text>
		<text name="configuration_Rust"> 
		    <en>Used</en>
			<de>Gebraucht</de>
            <pl>Używany</pl>	
		</text>
		<text name="function_oneAxleTrailer">
			<en>A small, multifunctional trailer that can be used to transport pallets, bales, straw, grass and hay.</en>
			<de>Ein kleiner Mehrzweckanhänger, mit dem Paletten, Ballen, Stroh, Gras und Heu transportiert werden können.</de>
			<pl>Mała, wielofunkcyjna przyczepa. Może służyć do przewozu palet, bel, słomy, trawy oraz siana.</pl>
		</text>
		<text name="typeDesc_oneAxleTrailer">
			<en>One Axle Trailer</en> 
			<de>Einachsanhänger</de> 
			<pl>Przyczepa jednoosiowa</pl>
		</text>
		<text name="configuration_withExtensions"> 
		    <en>With Extensions</en>
			<de>Mit Erweiterungen</de>
            <pl>Z nadstawkami</pl>	
		</text>
		<text name="configuration_withoutExtensions"> 
		    <en>Without Extensions</en>
			<de>Ohne Erweiterungen</de>
            <pl>Bez nadstawek</pl>	
		</text>
		<text name="configuration_Tank"> 
		    <en>Tanks</en>
			<de>Tanks</de>
            <pl>Zbiorniki</pl>	
		</text>
		<text name="Gray"> 
		    <en>Gray</en>
			<de>Grau</de>
            <pl>Siwy</pl>	
		</text>
		<text name="Black"> 
		    <en>Black</en>
			<de>Schwarz</de>
            <pl>Czarny</pl>	
		</text>		
		<text name="Green"> 
		    <en>Green</en>
			<de>Grün</de>
            <pl>Zielony</pl>	
		</text>	
		<text name="Red"> 
		    <en>Red</en>
			<de>Rot</de>
            <pl>Czerwony</pl>	
		</text>	
		<text name="Orange"> 
		    <en>Orange</en>
			<de>Orange</de>
            <pl>Pomarańczowy</pl>	
		</text>
		<text name="Blue"> 
		    <en>Blue</en>
			<de>Blau</de>
            <pl>Niebieski</pl>	
		</text>
	</l10n>
	
	<vehicleTypes>
		<type name="oneAxleTrailer" className="Vehicle" filename="$dataS/scripts/vehicles/Vehicle.lua">
			<specialization name="baseMaterial" />
			<specialization name="tipOccluder" />
			<specialization name="foliageBending" />
			<specialization name="washable" />
			<specialization name="wearable" />
			<specialization name="dynamicallyLoadedParts" />
			<specialization name="animatedVehicle" />
			<specialization name="cylindered" />
			<specialization name="mountable" />
			<specialization name="foldable" />
			<specialization name="wheels" />
			<specialization name="attachable" />
			<specialization name="attacherJoints" />
			<specialization name="fillUnit" />
			<specialization name="fillVolume" />
			<specialization name="dischargeable" />
			<specialization name="trailer" />
			<specialization name="livestockTrailer" />
			<specialization name="tensionBelts" />
		</type>
	</vehicleTypes>

    <storeItems>
        <storeItem xmlFilename="oneAxleTrailer.xml"/>
    </storeItems>

</modDesc>
