﻿<?xml version="1.0" encoding="utf-8" standalone="no" ?>
<vehicle type="oneAxleTrailer">
    <annotation>Copyright (C) GIANTS Software GmbH, All Rights Reserved.</annotation>

    <storeData>
        <name>
           <en>One Axle Trailer</en>
		   <de>Einachsanhänger</de>	
		   <pl>Przyczepa jednoosiowa</pl>	
		</name>
        <functions>
            <function>$l10n_function_oneAxleTrailer</function>
        </functions>
        <image>store.png</image>
        <price>2500</price>
        <lifetime>600</lifetime>
        <rotation>0</rotation>
        <brand>LIZARD</brand>
        <category>trailers</category>
        <vertexBufferMemoryUsage>200104</vertexBufferMemoryUsage>
        <indexBufferMemoryUsage>35520</indexBufferMemoryUsage>
        <textureMemoryUsage>16078464</textureMemoryUsage>
        <instanceVertexBufferMemoryUsage>0</instanceVertexBufferMemoryUsage>
        <instanceIndexBufferMemoryUsage>0</instanceIndexBufferMemoryUsage>
    </storeData>

    <base>
        <typeDesc>$l10n_typeDesc_oneAxleTrailer</typeDesc>
        <filename>oneAxleTrailer.i3d</filename>
        <size width="1.85" length="4.2" lengthOffset="0.4" />
        <components>
            <component centerOfMass="0 0.45 0.5" solverIterationCount="4" mass="240"/>
        </components>
        <schemaOverlay attacherJointPosition="0 0">
            <default name="DEFAULT_IMPLEMENT"/>
            <selected name="DEFAULT_IMPLEMENT_SELECTED"/>
        </schemaOverlay>
    </base>
	
	<configurationSets>
        <!-- With extensions -->
        <configurationSet name="$l10n_configuration_withExtensions" params="4400" isDefault="true">
            <configuration name="tensionBelts" index="1" />
            <configuration name="fillVolume"   index="1" />
            <configuration name="fillUnit"     index="1" />
            <configuration name="trailer"      index="1" />
        </configurationSet>
        <!-- Without extensions -->
        <configurationSet name="$l10n_configuration_withoutExtensions" params="1800">
            <configuration name="tensionBelts" index="1" />
            <configuration name="fillVolume"   index="2" />
            <configuration name="fillUnit"     index="2" />
            <configuration name="trailer"      index="2" />
        </configurationSet>
		<!-- Tank -->
        <configurationSet name="$l10n_configuration_Tank" params="4000">
			<configuration name="tensionBelts" index="2" />
			<configuration name="fillVolume"   index="3" />
            <configuration name="fillUnit"     index="3" />
            <configuration name="trailer"      index="3" />
        </configurationSet>
    </configurationSets>

	<wheels>
        <wheelConfigurations>
            <wheelConfiguration name="$l10n_configuration_valueDefault" price="0" brand="LIZARD">
                <wheels>
                    <wheel filename="wheels.xml" isLeft="true" hasTireTracks="true" hasParticles="true" tireTrackAtlasIndex="2" > 
                        <physics tipOcclusionAreaGroupId="1" restLoad="1.3" repr="0>0|0|0"  forcePointRatio="0.5" initialCompression="20" suspTravel="0.12" spring="20" damper="30" frictionScale="2.5" />
                    </wheel>
                    <wheel filename="wheels.xml" isLeft="false" hasTireTracks="true" hasParticles="true" tireTrackAtlasIndex="2" > 
                        <physics tipOcclusionAreaGroupId="1" restLoad="1.3" repr="0>0|0|1" forcePointRatio="0.5" initialCompression="20" suspTravel="0.12" spring="20" damper="30" frictionScale="2.5" />
                    </wheel>
                </wheels>
            </wheelConfiguration>
			<wheelConfiguration name="$l10n_configuration_Rust" price="-200" brand="LIZARD">
                <wheels>
                    <wheel filename="wheels2.xml" isLeft="true" hasTireTracks="true" hasParticles="true" tireTrackAtlasIndex="2" > 
                        <physics tipOcclusionAreaGroupId="1" restLoad="1.3" repr="0>0|0|0"  forcePointRatio="0.5" initialCompression="20" suspTravel="0.12" spring="20" damper="30" frictionScale="2.5" />
                    </wheel>
                    <wheel filename="wheels2.xml" isLeft="false" hasTireTracks="true" hasParticles="true" tireTrackAtlasIndex="2" > 
                        <physics tipOcclusionAreaGroupId="1" restLoad="1.3" repr="0>0|0|1" forcePointRatio="0.5" initialCompression="20" suspTravel="0.12" spring="20" damper="30" frictionScale="2.5" />
                    </wheel>
                </wheels>
            </wheelConfiguration>
        </wheelConfigurations>
    </wheels>

    <attachable>
        <inputAttacherJoints>
            <inputAttacherJoint node="0>0|1" jointType="trailerLow" attacherHeight="0.241" />
        </inputAttacherJoints>
        <support animationName="moveSupport"/>
        <brakeForce>0.1</brakeForce>
    </attachable>
	
	<tensionBelts>
        <tensionBeltsConfigurations>
            <tensionBeltsConfiguration>
                <tensionBelts linkNode="0>0|6" jointNode="0>" width="0.075" maxEdgeLength="0.1" geometryBias="0.01" ratchetPosition="0.2" defaultOffset="-0.25" defaultOffsetSide="0.1" defaultHeight="2.75" interactionRadius="1.5" totalInteractionRadius="6.5" activationTrigger="0>0|6|5">
                    <tensionBelt startNode="0>0|6|0" endNode="0>0|6|0|0"/>
                    <tensionBelt startNode="0>0|6|1" endNode="0>0|6|1|0"/>
                    <tensionBelt startNode="0>0|6|2" endNode="0>0|6|2|0"/>
                    <tensionBelt startNode="0>0|6|3" endNode="0>0|6|3|0"/>
                    <tensionBelt startNode="0>0|6|4" endNode="0>0|6|4|0"/>
                </tensionBelts>
            </tensionBeltsConfiguration>
			<!-- Empty -->
			<tensionBeltsConfiguration>
			</tensionBeltsConfiguration>
		</tensionBeltsConfigurations>
    </tensionBelts>
	
	<foldable>
        <foldingParts startMoveDirection="-1">
            <foldingPart animationName="folding" speedScale="0.7" />
			<foldingPart animationName="folding2" speedScale="1.0" />
        </foldingParts>
    </foldable>

    <animations>
        <!-- folding, unfolding back -->
        <animation name="folding">
			<!-- First  -->
            <part node="0>0|8|2|2" startTime="0" endTime="0.5" startTrans="0.68 -0.44 -0.036" endTrans="0.68 -0.21 -0.036" visibility="true" />
			<part node="0>0|8|2|2" startTime="0.5" endTime="1.49" visibility="false" />
			<part node="0>0|8|2|2" startTime="1.49" endTime="1.5" visibility="true" />
			<part node="0>0|8|2|2" startTime="1.5" endTime="2.0" startTrans="0.68 -0.21 -0.036" endTrans="0.68 -0.44 -0.036" />
            <part node="0>0|8|2" startTime="0.5" endTime="1.5" startRot="0 0 0" endRot="0 -120 0"/>
            <part node="0>0|8|3" startTime="1.5" endTime="2.5" startRot="0 0 0" endRot="0 120 0"/>
		</animation>
			<!-- Second -->
		<animation name="folding2">
			<part node="0>0|7|2|2" startTime="0" endTime="0.5" startTrans="-0.6 0.573 1.282" endTrans="-0.42 0.573 1.282" visibility="true" />
			<part node="0>0|7|2|2" startTime="0.5" endTime="1.49" visibility="false" />
			<part node="0>0|7|2|3" startTime="0" endTime="0.5" startTrans="0.6 0.573 1.282" endTrans="0.42 0.573 1.282" visibility="true" />
			<part node="0>0|7|2|3" startTime="0.5" endTime="1.49" visibility="false" />
            <part node="0>0|7|2|4" startTime="0.5" endTime="1.5" startRot="0 0 0" endRot="150 0 0"/>
        </animation>
         <animation name="moveSupport">
            <part node="0>0|3" startTime="0" 	endTime="0.01" visibility="false" />
			<part node="0>0|3" startTime="0.01" endTime="0.02" visibility="true" />
            <part node="0>0|3" startTime="0" 	endTime="0.01" startTrans="0 0 1.44" endTrans="0 -0.378 2.475" />
        </animation>
    </animations>
	
	<vehicleTypeConfigurations>
        <vehicleTypeConfiguration name="$l10n_configuration_New" price="0" vehicleType="oneAxleTrailer">
				<!-- Sides New -->
				<objectChange node="0>0|7|2|4|1"  visibilityActive="true" visibilityInactive="false" />  <!-- zastawka -->
                <objectChange node="0>0|8|1"  visibilityActive="true" visibilityInactive="false" />  <!-- nadstawki -->
                <objectChange node="0>0|9|1"  visibilityActive="true" visibilityInactive="false" />  <!-- podłoga -->
				<objectChange node="0>0|7|1"  visibilityActive="true" visibilityInactive="false" />  <!-- rama -->
				<objectChange node="0>0|8|2|1"  visibilityActive="true" visibilityInactive="false" />  <!-- drzwi lewe -->
				<objectChange node="0>0|8|3|1"  visibilityActive="true" visibilityInactive="false" />  <!-- drzwi prawe -->
				<objectChange node="0>0|7|2|1"  visibilityActive="true" visibilityInactive="false" />  <!-- zawiasy -->
				<objectChange node="0>0|7|2|2|1"  visibilityActive="true" visibilityInactive="false" />  <!-- bolec -->
				<objectChange node="0>0|7|2|3|1"  visibilityActive="true" visibilityInactive="false" />  <!-- bolec -->
				<objectChange node="0>0|8|2|2|1"  visibilityActive="true" visibilityInactive="false" />  <!-- bolec -->
				<objectChange node="0>0|3|2"  visibilityActive="true" visibilityInactive="false" />  <!-- nowy support -->
        </vehicleTypeConfiguration>
        <vehicleTypeConfiguration name="$l10n_configuration_Rust" price="-1000" vehicleType="oneAxleTrailer">
				<!-- Sides Rust -->
				<objectChange node="0>0|7|2|4|0"  visibilityActive="true" visibilityInactive="false" />  <!-- zastawka -->
                <objectChange node="0>0|8|0"   visibilityActive="true" visibilityInactive="false" />  <!-- nadstawki -->
                <objectChange node="0>0|9|0"   visibilityActive="true" visibilityInactive="false" />  <!-- podłoga -->
				<objectChange node="0>0|7|0"  visibilityActive="true" visibilityInactive="false" />  <!-- rama -->
				<objectChange node="0>0|8|2|0"  visibilityActive="true" visibilityInactive="false" />  <!-- drzwi lewe -->
				<objectChange node="0>0|8|3|0"  visibilityActive="true" visibilityInactive="false" />  <!-- drzwi prawe -->
				<objectChange node="0>0|7|2|0"  visibilityActive="true" visibilityInactive="false" />  <!-- zawiasy -->
				<objectChange node="0>0|7|2|2|0"  visibilityActive="true" visibilityInactive="false" />  <!-- bolec -->
				<objectChange node="0>0|7|2|3|0"  visibilityActive="true" visibilityInactive="false" />  <!-- bolec -->
				<objectChange node="0>0|8|2|2|0"  visibilityActive="true" visibilityInactive="false" />  <!-- bolec -->
				<objectChange node="0>0|3|1"  visibilityActive="true" visibilityInactive="false" />  <!-- stary support -->
        </vehicleTypeConfiguration>
    </vehicleTypeConfigurations>

	<fillUnit>
        <fillUnitConfigurations>
			 <!-- With Extensions -->
            <fillUnitConfiguration name="$l10n_configuration_withExtensions" price="200" params="4400" > 
				<fillUnits>
                    <fillUnit unit="$l10n_unit_literShort" fillTypeCategories="forageWagon" capacity="4400" >
                        <exactFillRootNode node="0>0|4|2" />
                    </fillUnit>
				</fillUnits>
				<!-- Col On -->
				<objectChange node="0>0|2|0"   compoundChildActive="true" compoundChildInactive="false" /> <!-- zastawka przód duża -->
				<objectChange node="0>0|2|1"   compoundChildActive="true" compoundChildInactive="false" /> <!-- zastawka przód -->
                <objectChange node="0>0|2|2"   compoundChildActive="true" compoundChildInactive="false" /> <!-- nadstawka lewa --> 
				<objectChange node="0>0|2|3"   compoundChildActive="true" compoundChildInactive="false" /> <!-- nadstawka prawa -->
                <objectChange node="0>0|8|2|3" compoundChildActive="true" compoundChildInactive="false" /> <!-- drzwi lewe --> 
				<objectChange node="0>0|8|3|2" compoundChildActive="true" compoundChildInactive="false" /> <!-- drzwi prawe --> 
			</fillUnitConfiguration>
			 <!-- Without Extensions -->
            <fillUnitConfiguration name="$l10n_configuration_withoutExtensions" price="0" params="1800" >
                <fillUnits>
                    <fillUnit unit="$l10n_unit_literShort" fillTypeCategories="bulk" capacity="1800" >
						<exactFillRootNode node="0>0|4|2" />
					</fillUnit>
                </fillUnits>
				<!-- Sides New -->
                <objectChange node="0>0|8"    visibilityActive="false" /> <!-- Nadstawki -->
				<objectChange node="0>0|7|2"  visibilityActive="true" visibilityInactive="false" /> <!-- Klapa tył -->
				<objectChange node="0>0|8|2"  visibilityActive="false" visibilityInactive="true" /> <!-- Drzwi lewe -->
				<objectChange node="0>0|8|3"  visibilityActive="false" visibilityInactive="true" /> <!-- Drzwi prawe -->
				<!-- Col On -->
				<objectChange node="0>0|7|2|4|2"  compoundChildActive="true" compoundChildInactive="false" /> <!-- klapa tył -->
				<!-- Belts -->
				<objectChange node="0>0|6"     translationActive="0 -0.7 0.354" />
			</fillUnitConfiguration>
			    <!-- Tank -->
            <fillUnitConfiguration name="$l10n_configuration_Tank" price="800" params="4000" >
                <fillUnits fillTypeChangeThreshold="5">
                    <fillUnit unit="$l10n_unit_literShort" fillTypeCategories="LIQUID SPRAYER" capacity="4000" />
                </fillUnits>
				<objectChange node="0>0|10" visibilityActive="true" visibilityInactive="false" /> <!-- All -->
            </fillUnitConfiguration>
        </fillUnitConfigurations>
    </fillUnit>

	<fillVolume>
        <fillVolumeConfigurations>
            <!-- With Extensions -->
            <fillVolumeConfiguration>
                <volumes>
                    <volume node="0>0|4|1" maxDelta="0.23" maxAllowedHeapAngle="18" fillUnitIndex="1" />
                </volumes>
            </fillVolumeConfiguration>
            <!-- Without Extensions -->
            <fillVolumeConfiguration>
                <volumes>
                    <volume node="0>0|4|6" maxDelta="0.23" maxAllowedHeapAngle="18" fillUnitIndex="1" />
                </volumes>
            </fillVolumeConfiguration>
			<!-- Empty -->
			<fillVolumeConfiguration>	
			</fillVolumeConfiguration>	
			</fillVolumeConfigurations>
        <unloadInfos>
            <unloadInfo>
                <node node="0>0|4|0" width="0.4" length="0.4" />
            </unloadInfo>
        </unloadInfos>
    </fillVolume> 

    <trailer>
        <trailerConfigurations>
            <trailerConfiguration>
                <trailer>
                    <tipSide name="$l10n_info_tipSideBack" dischargeNodeIndex="1">
                        <animation name="folding" speedScale="0.7" startTipTime="0.08" delayedClosing="true"/>
                    </tipSide>
                </trailer>
            </trailerConfiguration>
			<trailerConfiguration>
			  <trailer>
                    <tipSide name="$l10n_info_tipSideBack" dischargeNodeIndex="1">
                        <animation name="folding2" speedScale="1.0" startTipTime="0.45" delayedClosing="true"/>
                    </tipSide>
                </trailer>
            </trailerConfiguration>
			<!-- Empty		 -->
			<trailerConfiguration>
			</trailerConfiguration>
        </trailerConfigurations>
    </trailer>

    <dischargeable>
        <dischargeNode node="0>0|4|3" emptySpeed="400" fillUnitIndex="1" unloadInfoIndex="1" >
            <info width="1.0" length="0.5" />
            <effects>
                <effectNode effectNode="0>0|4|4|0" materialType="unloading" materialTypeId="1" fadeTime="0.5" />
                <effectNode effectNode="0>0|4|4|1" materialType="smoke"     materialTypeId="1" fadeTime="0.5" />
            </effects>
        </dischargeNode>
    </dischargeable>
	
	<baseMaterial>
        <material name="dwukolkaV2_mat" baseNode="0>0|7|1">
            <shaderParameter name="colorMat0" value="0.2 0.3 0.3 6"/>
        </material>
    </baseMaterial>

    <baseMaterialConfigurations useDefaultColors="false" defaultColorIndex="0">
        <material name="dwukolkaV2_mat" shaderParameter="colorMat0" />
		<!--GRAY-->
        <baseMaterialConfiguration name="$l10n_Gray"   price="0" color="0.18 0.18 0.18"/>
        <baseMaterialConfiguration name="$l10n_Gray"   price="200" color="0.22 0.22 0.22"/>
        <baseMaterialConfiguration name="$l10n_Gray"   price="200" color="0.264 0.264 0.264"/>
        <baseMaterialConfiguration name="$l10n_Gray"   price="200" color="0.06 0.06 0.06"/>	
        <baseMaterialConfiguration name="$l10n_Gray"   price="200" color="0.11 0.11 0.11"/>	
        <baseMaterialConfiguration name="$l10n_Gray"   price="200" color="0.2 0.22 0.2"/>
        <baseMaterialConfiguration name="$l10n_Gray"   price="200" color="0.2 0.24 0.2"/>
        <baseMaterialConfiguration name="$l10n_Gray"   price="200" color="0.24 0.24 0.2"/>
        <baseMaterialConfiguration name="$l10n_Gray"   price="200" color="0.24 0.2 0.2"/>
        <baseMaterialConfiguration name="$l10n_Gray"   price="200" color="0.24 0.25 0.2"/>
		<!--GRAY-->

		<!--BLACK-->
        <baseMaterialConfiguration name="$l10n_Black"  price="200" color="0.08 0.08 0.08"/>
        <baseMaterialConfiguration name="$l10n_Black"  price="200" color="0.03 0.03 0.03"/>
        <baseMaterialConfiguration name="$l10n_Black"  price="200" color="0.02 0.02 0.02"/>
        <baseMaterialConfiguration name="$l10n_Black"  price="200" color="0.08 0.06 0.06"/>
		<!--BLACK-->

		<!--RED-->
        <baseMaterialConfiguration name="$l10n_Red"    price="200" color="0.7 0.05 0.02"/>
        <baseMaterialConfiguration name="$l10n_Red"    price="200" color="0.7 0.05 0"/>
        <baseMaterialConfiguration name="$l10n_Red"    price="200" color="0.7 0.02 0.02"/>
        <baseMaterialConfiguration name="$l10n_Red"    price="200" color="0.7 0 0"/>
        <baseMaterialConfiguration name="$l10n_Red"    price="200" color="0.6 0.02 0"/>
        <baseMaterialConfiguration name="$l10n_Red"    price="200" color="0.6 0.05 0"/>
	 	<baseMaterialConfiguration name="$l10n_Red"    price="200" color="0.3 0.05 0.05"/>
	 	<baseMaterialConfiguration name="$l10n_Red"    price="200" color="0.3 0.04 0.04"/>
	 	<baseMaterialConfiguration name="$l10n_Red"    price="200" color="0.3 0.03 0.03"/>
	 	<baseMaterialConfiguration name="$l10n_Red"    price="200" color="0.3 0.02 0.02"/>
	 	<baseMaterialConfiguration name="$l10n_Red"    price="200" color="0.39 0.09 0.12"/>
		<!--RED-->

		<!--ORANGE-->
        <baseMaterialConfiguration name="$l10n_Orange" price="200" color="0.46 0.28 0.15"/>
        <baseMaterialConfiguration name="$l10n_Orange" price="200" color="0.46 0.28 0.12"/>
        <baseMaterialConfiguration name="$l10n_Orange" price="200" color="0.46 0.2 0.12"/>
        <baseMaterialConfiguration name="$l10n_Orange" price="200" color="0.4 0.2 0.12"/>
        <baseMaterialConfiguration name="$l10n_Orange" price="200" color="0.3 0.13 0.1"/>
        <baseMaterialConfiguration name="$l10n_Orange" price="200" color="0.4 0.07 0"/>
        <baseMaterialConfiguration name="$l10n_Orange" price="200" color="0.5 0.12 0.02"/>
        <baseMaterialConfiguration name="$l10n_Orange" price="200" color="0.8 0.28 0.06"/>
        <baseMaterialConfiguration name="$l10n_Orange" price="200" color="0.55 0.36 0.2"/>
        <baseMaterialConfiguration name="$l10n_Orange" price="200" color="0.38 0.08 0.04"/>
        <baseMaterialConfiguration name="$l10n_Orange" price="200" color="0.22 0.08 0.04"/>
        <baseMaterialConfiguration name="$l10n_Orange" price="200" color="0.15 0.06 0.04"/>
        <baseMaterialConfiguration name="$l10n_Orange" price="200" color="0.11 0.05 0.03"/>
		<!--ORANGE-->

		<!--GREEN-->
        <baseMaterialConfiguration name="$l10n_Green"  price="200" color="0 0.21 0.1"/>
        <baseMaterialConfiguration name="$l10n_Green"  price="200" color="0 0.2 0.05"/>
        <baseMaterialConfiguration name="$l10n_Green"  price="200" color="0.02 0.24 0.05"/>
        <baseMaterialConfiguration name="$l10n_Green"  price="200" color="0.08 0.3 0.05"/>
        <baseMaterialConfiguration name="$l10n_Green"  price="200" color="0.26 0.2 0.15"/>
        <baseMaterialConfiguration name="$l10n_Green"  price="200" color="0.26 0.2 0.1"/>
        <baseMaterialConfiguration name="$l10n_Green"  price="200" color="0.26 0.25 0.13"/>
        <baseMaterialConfiguration name="$l10n_Green"  price="200" color="0.01 0.13 0.04"/>
        <baseMaterialConfiguration name="$l10n_Green"  price="200" color="0.15 0.35 0.06"/>
        <baseMaterialConfiguration name="$l10n_Green"  price="200" color="0 0.28 0.08"/>
        <baseMaterialConfiguration name="$l10n_Green"  price="200" color="0.1 0.21 0.06"/>
        <baseMaterialConfiguration name="$l10n_Green"  price="200" color="0.1 0.13 0.06"/>
        <baseMaterialConfiguration name="$l10n_Green"  price="200" color="0.19 0.13 0.08"/>
        <baseMaterialConfiguration name="$l10n_Green"  price="200" color="0.04 0.15 0.03"/>
        <baseMaterialConfiguration name="$l10n_Green"  price="200" color="0.04 0.15 0.06"/>
        <baseMaterialConfiguration name="$l10n_Green"  price="200" color="0.04 0.15 0.1"/>
		<!--GREEN-->

		<!--BLUE-->
        <baseMaterialConfiguration name="$l10n_Blue"   price="200" color="0 0.27 0.37"/>
        <baseMaterialConfiguration name="$l10n_Blue"   price="200" color="0 0.21 0.37"/>
        <baseMaterialConfiguration name="$l10n_Blue"   price="200" color="0 0.17 0.37"/>
        <baseMaterialConfiguration name="$l10n_Blue"   price="200" color="0 0.21 0.43"/>
        <baseMaterialConfiguration name="$l10n_Blue"   price="200" color="0 0.2 0.3"/>
        <baseMaterialConfiguration name="$l10n_Blue"   price="200" color="0.05 0.2 0.3"/>
        <baseMaterialConfiguration name="$l10n_Blue"   price="200" color="0.02 0.07 0.53"/>
        <baseMaterialConfiguration name="$l10n_Blue"   price="200" color="0.02 0.07 0.24"/>
        <baseMaterialConfiguration name="$l10n_Blue"   price="200" color="0.02 0.13 0.24"/>
        <baseMaterialConfiguration name="$l10n_Blue"   price="200" color="0.02 0.13 0.45"/>
		<!--BLUE-->
    </baseMaterialConfigurations>
	
	<rimColorConfigurations>
		<!--GRAY-->
        <rimColorConfiguration name="$l10n_Gray"   price="0" color="0.18 0.18 0.18"/>
        <rimColorConfiguration name="$l10n_Gray"   price="200" color="0.22 0.22 0.22"/>
        <rimColorConfiguration name="$l10n_Gray"   price="200" color="0.264 0.264 0.264"/>
        <rimColorConfiguration name="$l10n_Gray"   price="200" color="0.06 0.06 0.06"/>	
        <rimColorConfiguration name="$l10n_Gray"   price="200" color="0.11 0.11 0.11"/>	
        <rimColorConfiguration name="$l10n_Gray"   price="200" color="0.2 0.22 0.2"/>
        <rimColorConfiguration name="$l10n_Gray"   price="200" color="0.2 0.24 0.2"/>
        <rimColorConfiguration name="$l10n_Gray"   price="200" color="0.24 0.24 0.2"/>
        <rimColorConfiguration name="$l10n_Gray"   price="200" color="0.24 0.2 0.2"/>
        <rimColorConfiguration name="$l10n_Gray"   price="200" color="0.24 0.25 0.2"/>
		<!--GRAY-->

		<!--BLACK-->
        <rimColorConfiguration name="$l10n_Black"  price="200" color="0.08 0.08 0.08"/>
        <rimColorConfiguration name="$l10n_Black"  price="200" color="0.03 0.03 0.03"/>
        <rimColorConfiguration name="$l10n_Black"  price="200" color="0.02 0.02 0.02"/>
        <rimColorConfiguration name="$l10n_Black"  price="200" color="0.08 0.06 0.06"/>
		<!--BLACK-->

		<!--RED-->
        <rimColorConfiguration name="$l10n_Red"    price="200" color="0.7 0.05 0.02"/>
        <rimColorConfiguration name="$l10n_Red"    price="200" color="0.7 0.05 0"/>
        <rimColorConfiguration name="$l10n_Red"    price="200" color="0.7 0.02 0.02"/>
        <rimColorConfiguration name="$l10n_Red"    price="200" color="0.7 0 0"/>
        <rimColorConfiguration name="$l10n_Red"    price="200" color="0.6 0.02 0"/>
        <rimColorConfiguration name="$l10n_Red"    price="200" color="0.6 0.05 0"/>
	 	<rimColorConfiguration name="$l10n_Red"    price="200" color="0.3 0.05 0.05"/>
	 	<rimColorConfiguration name="$l10n_Red"    price="200" color="0.3 0.04 0.04"/>
	 	<rimColorConfiguration name="$l10n_Red"    price="200" color="0.3 0.03 0.03"/>
	 	<rimColorConfiguration name="$l10n_Red"    price="200" color="0.3 0.02 0.02"/>
	 	<rimColorConfiguration name="$l10n_Red"    price="200" color="0.39 0.09 0.12"/>
		<!--RED-->

		<!--ORANGE-->
        <rimColorConfiguration name="$l10n_Orange" price="200" color="0.46 0.28 0.15"/>
        <rimColorConfiguration name="$l10n_Orange" price="200" color="0.46 0.28 0.12"/>
        <rimColorConfiguration name="$l10n_Orange" price="200" color="0.46 0.2 0.12"/>
        <rimColorConfiguration name="$l10n_Orange" price="200" color="0.4 0.2 0.12"/>
        <rimColorConfiguration name="$l10n_Orange" price="200" color="0.3 0.13 0.1"/>
        <rimColorConfiguration name="$l10n_Orange" price="200" color="0.4 0.07 0"/>
        <rimColorConfiguration name="$l10n_Orange" price="200" color="0.5 0.12 0.02"/>
        <rimColorConfiguration name="$l10n_Orange" price="200" color="0.8 0.28 0.06"/>
        <rimColorConfiguration name="$l10n_Orange" price="200" color="0.55 0.36 0.2"/>
        <rimColorConfiguration name="$l10n_Orange" price="200" color="0.38 0.08 0.04"/>
        <rimColorConfiguration name="$l10n_Orange" price="200" color="0.22 0.08 0.04"/>
        <rimColorConfiguration name="$l10n_Orange" price="200" color="0.15 0.06 0.04"/>
        <rimColorConfiguration name="$l10n_Orange" price="200" color="0.11 0.05 0.03"/>
		<!--ORANGE-->

		<!--GREEN-->
        <rimColorConfiguration name="$l10n_Green"  price="200" color="0 0.21 0.1"/>
        <rimColorConfiguration name="$l10n_Green"  price="200" color="0 0.2 0.05"/>
        <rimColorConfiguration name="$l10n_Green"  price="200" color="0.02 0.24 0.05"/>
        <rimColorConfiguration name="$l10n_Green"  price="200" color="0.08 0.3 0.05"/>
        <rimColorConfiguration name="$l10n_Green"  price="200" color="0.26 0.2 0.15"/>
        <rimColorConfiguration name="$l10n_Green"  price="200" color="0.26 0.2 0.1"/>
        <rimColorConfiguration name="$l10n_Green"  price="200" color="0.26 0.25 0.13"/>
        <rimColorConfiguration name="$l10n_Green"  price="200" color="0.01 0.13 0.04"/>
        <rimColorConfiguration name="$l10n_Green"  price="200" color="0.15 0.35 0.06"/>
        <rimColorConfiguration name="$l10n_Green"  price="200" color="0 0.28 0.08"/>
        <rimColorConfiguration name="$l10n_Green"  price="200" color="0.1 0.21 0.06"/>
        <rimColorConfiguration name="$l10n_Green"  price="200" color="0.1 0.13 0.06"/>
        <rimColorConfiguration name="$l10n_Green"  price="200" color="0.19 0.13 0.08"/>
        <rimColorConfiguration name="$l10n_Green"  price="200" color="0.04 0.15 0.03"/>
        <rimColorConfiguration name="$l10n_Green"  price="200" color="0.04 0.15 0.06"/>
        <rimColorConfiguration name="$l10n_Green"  price="200" color="0.04 0.15 0.1"/>
		<!--GREEN-->

		<!--BLUE-->
        <rimColorConfiguration name="$l10n_Blue"   price="200" color="0 0.27 0.37"/>
        <rimColorConfiguration name="$l10n_Blue"   price="200" color="0 0.21 0.37"/>
        <rimColorConfiguration name="$l10n_Blue"   price="200" color="0 0.17 0.37"/>
        <rimColorConfiguration name="$l10n_Blue"   price="200" color="0 0.21 0.43"/>
        <rimColorConfiguration name="$l10n_Blue"   price="200" color="0 0.2 0.3"/>
        <rimColorConfiguration name="$l10n_Blue"   price="200" color="0.05 0.2 0.3"/>
        <rimColorConfiguration name="$l10n_Blue"   price="200" color="0.02 0.07 0.53"/>
        <rimColorConfiguration name="$l10n_Blue"   price="200" color="0.02 0.07 0.24"/>
        <rimColorConfiguration name="$l10n_Blue"   price="200" color="0.02 0.13 0.24"/>
        <rimColorConfiguration name="$l10n_Blue"   price="200" color="0.02 0.13 0.45"/>
		<!--BLUE-->

        <colorNode node="0>0|0|0"/>
        <colorNode node="0>0|0|1"/>
    </rimColorConfigurations>
	
	<livestockTrailer>
        <animal type="sheep" node="0>0|5|0" numSlots="4"/>
        <animal type="pig" node="0>0|5|1" numSlots="3"/>
        <animal type="cow" node="0>0|5|2" numSlots="2"/>
		<animal type="horse" node="0>0|5|3" numSlots="2"/>
    </livestockTrailer>

    <ai>
        <turningRadiusLimitation radius="7"/>
    </ai>

    <foliageBending>
        <bendingNode minX="-1.1" maxX="1.1" minZ="-1.5" maxZ="2.3" yOffset="0.6" />
    </foliageBending>

    <wearable wearDuration="480" workMultiplier="5" fieldMultiplier="2"/>
    <washable dirtDuration="90" washDuration="1" workMultiplier="3" fieldMultiplier="2"/>

</vehicle>
