﻿<?xml version="1.0" encoding="utf-8" standalone="no"?>
<modDesc descVersion="46">
    <author>Mrboomnastic</author>
    <version>1.0.0.0</version>
    <title>
        <en>Stihl Weed Trimmer</en>
	<de>Schubkarre</de>
    </title>
    <description>
        <en><![CDATA[A wheel barrow for small tasks.

capacity: 120
price: 50
speed: 18 km/h
category: misc (vehicles)
]]></en>
        <de><![CDATA[Eine Schubkarre für kleine Aufgaben.

Kapazität: 120
Preis: 50
Geschwindigkeit: 18 km/h
Kategorie: Diverses (Fahrzeuge)
]]></de>
     
    </description>
    <iconFilename>icon.png</iconFilename>
    <multiplayer supported="true"/>

    <storeItems>
        <storeItem xmlFilename="wheelBarrow.xml"/>
    </storeItems>

    <l10n>
        <text name="shopItem_wheelBarrow">
            <en>Wheel Barrow</en>
            <de>Schubkarre</de>
        </text>
        <text name="function_wheelBarrow">
            <en>With a wheel barrow you can transport small amounts of material without having to start up your tractor.</en>
            <de>Mit einer Schubkarre kannst du kleine Mengen an Material transportieren, ohne deinen Traktor starten zu müssen.</de>
        </text>
    </l10n>
</modDesc>
