﻿<?xml version="1.0" encoding="utf-8" standalone="no" ?>
<vehicle type="selfPropelledMower">
    <annotation>Copyright (C) GIANTS Software GmbH, All Rights Reserved.</annotation>

    <storeData>
        <name>Stihl Weed Trimmer</name>
        <specs>
            <power>2</power>
            <maxSpeed>18</maxSpeed>
        </specs>
        <functions>
            <function>Trimming Grass</function>
        </functions>
        <image>store_wheelBarrow.png</image>
        <price>199</price>
        <lifetime>600</lifetime>
        <rotation>0</rotation>
        <shopTranslationOffset>0 0.52 0</shopTranslationOffset>
        <brand>STIHL</brand>
        <category>mowerVehicles</category>
        <vertexBufferMemoryUsage>101904</vertexBufferMemoryUsage>
        <indexBufferMemoryUsage>25512</indexBufferMemoryUsage>
        <textureMemoryUsage>1573160</textureMemoryUsage>
        <instanceVertexBufferMemoryUsage>0</instanceVertexBufferMemoryUsage>
        <instanceIndexBufferMemoryUsage>0</instanceIndexBufferMemoryUsage>
    </storeData>

    <base>
        <typeDesc>$l10n_TypeDesc_MowerW</typeDesc>
        <filename>wheelBarrow.i3d</filename>
        <size width="1" length="2" lengthOffset="0"/>
        <components>
            <component centerOfMass="0 -0.2 0.05" solverIterationCount="10" mass="30" />
        </components>
        <schemaOverlay attacherJointPosition="0 0">
            <default name="DEFAULT_VEHICLE"/>
            <turnedOn name="DEFAULT_VEHICLE_ON"/>
            <selected name="DEFAULT_VEHICLE_SELECTED"/>
            <turnedOnSelected name="DEFAULT_VEHICLE_SELECTED_ON"/>
        </schemaOverlay>
    </base>

    <wheels>
        <wheelConfigurations>
            <wheelConfiguration>
                <wheels autoRotateBackSpeed="10.0" speedDependentRotateBack="false">
                    <wheel hasParticles="true" hasTireTracks="true">
                        <physics tipOcclusionAreaGroupId="1" rotSpeed="1" restLoad="0.6" repr="0>0|0"  showSteeringAngle="false"  radius="0.23" width="0.05" forcePointRatio="0.5" initialCompression="25" suspTravel="0.09" spring="2" damper="3" frictionScale="2.5" />
                        <tire tireTrackAtlasIndex="4" />
                    </wheel>
                    <wheel hasParticles="false" hasTireTracks="false">
                        <physics tipOcclusionAreaGroupId="1" rotSpeed="1" restLoad="0.6" repr="0>0|1"  showSteeringAngle="false"  radius="0.23" width="0.05" forcePointRatio="0.5" initialCompression="25" suspTravel="0.09" spring="2" damper="3" frictionScale="2.5" />
                        <tire tireTrackAtlasIndex="4" />
                    </wheel>
                    <wheel hasParticles="false" hasTireTracks="false">
                        <physics tipOcclusionAreaGroupId="1" rotSpeed="1" restLoad="0.6" repr="0>0|2"  showSteeringAngle="false"  radius="0.23" width="0.05" forcePointRatio="0.5" initialCompression="25" suspTravel="0.09" spring="2" damper="3" frictionScale="2.5" />
                        <tire tireTrackAtlasIndex="4" />
                    </wheel>
                </wheels>
            </wheelConfiguration>
        </wheelConfigurations>

        <ackermannSteeringConfigurations>
            <ackermannSteering rotSpeed="70" rotMax="60" rotCenter="0 0" />
        </ackermannSteeringConfigurations>

    </wheels>

    <enterable isTabbable="true" >
        <enterReferenceNode node="2" />
        <exitPoint node="2" />

        <cameras>
            <camera node="0>3|0|0" rotatable="true" rotateNode="0>3|0" limit="true" useWorldXZRotation="true" rotMinX="-1.4" rotMaxX="1" transMin="3" transMax="40" translation="0 0 3.5" rotation="-20 180 0" >
                <raycastNode node="0>3|2"/>
                <raycastNode node="0>3|3"/>
                <raycastNode node="0>3|4"/>
            </camera>
            <camera node="0>3|1|0" rotatable="true" limit="true" rotMinX="-1.1" rotMaxX="0.4" transMin="0" transMax="0" useMirror="true" isInside="false" positionSmoothingParameter="0"  shadowFocusBox="0>3|5"/>
        </cameras>
        <characterNode node="0>7|0" cameraMinDistance="1.5" spineRotation="-90 0 90">
            <target ikChain="leftArm" targetNode="0>7|1"/>
            <target ikChain="rightArm" targetNode="0>7|2"/>
            <target ikChain="rightFoot" targetNode="0>7|3"/>
            <target ikChain="leftFoot" targetNode="0>7|4"/>
        </characterNode>

        <enterAnimation name="enterAnimation"/>

    </enterable>

    <motorized>
        <consumerConfigurations>
            <consumerConfiguration>
                <consumer fillUnitIndex="1" usage="3" fillType="diesel"/>
                <!-- usage is per hour at max load and max rpm -->
                <consumer fillUnitIndex="2" usage="225" fillType="air" permanentConsumption="false" refillLitersPerSecond="300" refillCapacityPercentage="0.5"/>
                <!-- usage per second at full brake power -->
            </consumerConfiguration>
        </consumerConfigurations>

        <motorConfigurations>
            <motorConfiguration hp="10" price="0">
                <motor torqueScale="0.258" minRpm="850" maxRpm="2200" maxForwardSpeed="8" maxBackwardSpeed="5" brakeForce="0.1" lowBrakeForceScale="0.1">
                    <torque normRpm="0.45" torque="0.9"/>
                    <torque normRpm="0.5" torque="0.97"/>
                    <torque normRpm="0.59" torque="1"/>
                    <torque normRpm="0.72" torque="1"/>
                    <torque normRpm="0.86" torque="0.88"/>
                    <torque normRpm="1" torque="0.72"/>
                </motor>
                <transmission minForwardGearRatio="45.3" maxForwardGearRatio="250" minBackwardGearRatio="55" maxBackwardGearRatio="250" />
            </motorConfiguration>
        </motorConfigurations>
		<animationNodes>
            <!-- Rotating Engine Top -->
			<animationNode node="0>1|0|0|1" rotAxis="2" rotSpeed="-600" turnOnFadeTime="3" turnOffFadeTime="0.8"/>
        </animationNodes>
        <motorStartDuration>2500</motorStartDuration>
        <sounds>
            <motorStart file="sounds\Start.wav">
                <pitch outdoor="0.9"/>
            </motorStart>
            <motor file="sounds\Idle.wav" innerRadius="25">
                <pitch outdoor="0.9"/>
            </motor>
            <motorStop file="sounds\Stop.wav">
                <pitch outdoor="0.95"/>
            </motorStop>
        </sounds>
        <differentialConfigurations>
            <differentialConfiguration>
                <differentials>
                    <differential torqueRatio="0.5" maxSpeedRatio="3.6" wheelIndex1="2" wheelIndex2="3" /> <!-- back left-right -->
                </differentials>
            </differentialConfiguration>
        </differentialConfigurations>

    </motorized>

   <fillUnit>
        <fillUnitConfigurations>
            <fillUnitConfiguration>
                <fillUnits>
                    <fillUnit unit="$l10n_unit_literShort" showOnHud="false" showInShop="false" fillTypes="diesel" capacity="6.2">
                      <!--  <dashboard displayType="ANIMATION" valueType="fillLevel" animName="loadingBarFuel" groups="MOTOR_ACTIVE"/> -->
                    </fillUnit>
                    <fillUnit unit="$l10n_unit_literShort" showOnHud="false" showInShop="false" fillTypes="air" capacity="3000"/>
                </fillUnits>
            </fillUnitConfiguration>
        </fillUnitConfigurations>
    </fillUnit>
	
    <drivable>
        <sounds>
            <waterSplash template="WATER_SPLASH_01" linkNode="0>" />
        </sounds>
    </drivable>

    <animations>
        <animation name="enterAnimation">
            <part node="1"       startTime="0"    endTime="0.8" endRot="0 8 0" startRot="-22 0 0" />
        </animation>
    </animations>

    <foliageBending>
       <bendingNode minX="-0.85" maxX="0.85" minZ="-1.45" maxZ="1.5" yOffset="0.22" />
    </foliageBending>
	
	<groundReferenceNodes>
        <groundReferenceNode node="0>4" threshold="0.2"/>
    </groundReferenceNodes>
    <workAreas>
        <workArea type="mower" functionName="processMowerArea" disableBackwards="false">
            <area startNode="0>5|0" widthNode="0>5|1" heightNode="0>5|2"/>
            <groundReferenceNode index="1"/>
            <mower dropWindrow="false" dropAreaIndex="2"/>
        </workArea>
    </workAreas>
	
	<honk>
        <sound file="sounds\horn.wav" />
    </honk>
	<mower fruitTypeConverter="MOWER">
        <animationNodes>
            <animationNode node="0>1|0|0|1" rotSpeed="-2500" rotAxis="2" turnOnFadeTime=".2" turnOffFadeTime="2"/>
        </animationNodes>
    </mower>
    <turnOnVehicle turnOffIfNotAllowed="true">
        <sounds>
            <start file="sounds\Workstart.wav">
                <pitch outdoor="1"/>
            </start>
            <work file="sounds\Work.wav" innerRadius="25">
                <pitch outdoor="1"/>
            </work>
            <stop file="sounds\Workstop.wav">
                <pitch outdoor="1"/>
            </stop>
        </sounds>
    </turnOnVehicle>
</vehicle>
