﻿<?xml version="1.0" encoding="utf-8" standalone="no" ?>
<modDesc descVersion="46">
    <author>Sphinx</author>
    <version>1.0.0.0</version>

    <title>
		<fr>Pack D'Echelles</fr>
        <en>Ladder Pack</en>
        <de>Leiter Paket</de>
    </title>

    <description>
        <fr>
<![CDATA[Ceci est un paquet d'échelles achetable et revendable que vous pouvez prendre à la main et sangler sur un vehicule.]]>
		</fr>
        <en>
<![CDATA[This is a packet of purchasable and resellable ladders that you can take by hand and strap on a vehicle.]]>
        </en>
        <de>
<![CDATA[Dies ist ein Paket von käuflichen und verkaufbaren Leitern, die Sie von Hand nehmen und an einem Fahrzeug befestigen können.]]>
        </de>
    </description>

    <multiplayer supported="true" /> 
    <iconFilename>Icon_Ladder_Pack.png</iconFilename> 

    <storeItems>
        <storeItem xmlFilename="xml/Aluminium_Ladder.xml"/> 
        <storeItem xmlFilename="xml/Ladder.xml"/>
    </storeItems>

</modDesc>
