﻿<?xml version="1.0" encoding="utf-8" standalone="no" ?>
<modDesc descVersion="47">

	<author>nilBrain</author>
    <version>1.0.0.0</version>
    
	<title>
        <en>No Switch In Vehicle</en>
        <de>Tabben In Fahrzeuge Deaktiviert</de>
    </title>
    
	<description>
        <en>
			<![CDATA[This mod prevents/removes the possibility to switch to Vehicles using the Tab Key.]]>
		</en>
		<de>
			<![CDATA[Dieser Mod verhindert/entfernt die möglichkeit über die Tabulatortaste sich in Fahrzeuge switchen.]]>
		</de>
    </description>
    
	<iconFilename>icon.dds</iconFilename>
    <multiplayer supported="true"/>
	
	<extraSourceFiles>	
		<sourceFile filename="NoSwitchInVehicle.lua" /> 
	</extraSourceFiles>
</modDesc>