<?xml version="1.0" encoding="utf-8" standalone="no"?>
<modDesc descVersion="43">
    <author>Deniox_</author>
    <version>1.0</version>

    <title>
        <en>Volkswagen Golf I</en>
    </title>

    <description>
        <en>.</en>
    </description>

    <storeItems>
        <storeItem xmlFilename="Xml/Golf.xml"/>
    </storeItems>

    <brands>
        <brand name="Volkswagen" title="Volkswagen" image="Zdjecia/Logo.dds"/>
    </brands>

	<vehicleTypes>
        <type name="Golf" parent="carFillable" className="Vehicle" filename="$dataS/scripts/vehicles/Vehicle.lua" >
			<specialization name="cover" />
        </type>
    </vehicleTypes>

	<universalPassenger xmlFile="Xml/Pasazer.xml" />
	<iconFilename>Zdjecia/Golf.dds</iconFilename>
    <multiplayer supported="true"/>
</modDesc>
