<?xml version="1.0" encoding="utf-8" standalone="no"?>
<modDesc descVersion="43">
    <author>modall, Lukas Jocys</author>
    <version>1.0.0.0</version>
    <title>
        <en>1976 VW Golf GTI</en>
        <de>1976 VW Golf GTI</de>
    </title>
    <description>
        <en>1976 VW Golf GTI</en>
        <de>1976 VW Golf GTI</de>
    </description>
    <iconFilename>store.dds</iconFilename>
    <multiplayer supported="true"/>

    <storeItems>
        <storeItem xmlFilename="VWGolfGti76.xml"/>
    </storeItems>
    <brands>
        <brand name="VOLKSWAGEN" title="Volkswagen" image="textures/brand.dds"/>
    </brands>
</modDesc>
