<?xml version="1.0" encoding="utf-8" standalone="no" ?>
<vehicle type="carFillable">
    <annotation>Copyright (C) GIANTS Software GmbH, All Rights Reserved.</annotation>

    <storeData>
        <name>Golf I</name>
        <specs>
            <power>40</power>
            <maxSpeed>120</maxSpeed>
        </specs>
        <functions>
            <function>$l10n_function_car</function>
        </functions>
        <image>store.dds</image>
        <price>1600</price>
        <lifetime>600</lifetime>
        <rotation>0</rotation>
        <brand>VOLKSWAGEN</brand>
        <category>cars</category>
        <vertexBufferMemoryUsage>1487412</vertexBufferMemoryUsage>
        <indexBufferMemoryUsage>360324</indexBufferMemoryUsage>
        <textureMemoryUsage>14330864</textureMemoryUsage>
        <instanceVertexBufferMemoryUsage>0</instanceVertexBufferMemoryUsage>
        <instanceIndexBufferMemoryUsage>0</instanceIndexBufferMemoryUsage>
    </storeData>
    <base>
        <typeDesc>$l10n_typeDesc_car</typeDesc>
        <filename>VWGolfGti76.i3d</filename>
        <size width="2.5" length="5"/>
        <components count="1">
            <component centerOfMass="0 0 -0.1" solverIterationCount="10" mass="1000" />
        </components>
        <schemaOverlay attacherJointPosition="0 0">
            <default name="DEFAULT_VEHICLE"/>
            <selected name="DEFAULT_VEHICLE_SELECTED"/>
        </schemaOverlay>
    </base>
    <wheels>
        <wheelConfigurations>
             <wheelConfiguration name="$l10n_configuration_valueDefault" price="0">
                <wheels autoRotateBackSpeed="2.5">
                    <wheel hasParticles="true" hasTireTracks="true">
                        <physics tipOcclusionAreaGroupId="1" rotSpeed="1" restLoad="0.6" repr="0>0"  radius="0.27" width="0.3" forcePointRatio="0.5" initialCompression="25" suspTravel="0.09" spring="20" damper="3" frictionScale="2.5" />
                        <tire tireTrackAtlasIndex="1" />
                    </wheel>
                    <wheel hasParticles="true" hasTireTracks="true">
                        <physics tipOcclusionAreaGroupId="1" rotSpeed="1" restLoad="0.6" repr="0>1" radius="0.27" width="0.3" forcePointRatio="0.5" initialCompression="25" suspTravel="0.09" spring="20" damper="3" frictionScale="2.5" />
                        <tire tireTrackAtlasIndex="1" />
                    </wheel>
                    <wheel hasParticles="true" hasTireTracks="true">
                        <physics tipOcclusionAreaGroupId="1" rotSpeed="0" restLoad="0.6" repr="0>2"   radius="0.27" width="0.3" forcePointRatio="0.5" initialCompression="25" suspTravel="0.18" spring="10" damper="3" frictionScale="3" />
                        <tire tireTrackAtlasIndex="1" />
                    </wheel>
                    <wheel hasParticles="true" hasTireTracks="true" >
                        <physics tipOcclusionAreaGroupId="1" rotSpeed="0" restLoad="0.6" repr="0>3"  radius="0.27" width="0.3" forcePointRatio="0.5" initialCompression="25" suspTravel="0.18" spring="10" damper="3" frictionScale="3" />
                        <tire tireTrackAtlasIndex="1" />
                    </wheel>
                </wheels>
            </wheelConfiguration>
        </wheelConfigurations>

        <ackermannSteeringConfigurations>
            <ackermannSteering rotSpeed="45" rotMax="42" rotCenterWheel1="3" rotCenterWheel2="4" />
        </ackermannSteeringConfigurations>
    </wheels>
    <attacherJoints>
        <attacherJoint node="0>7|1" jointType="trailer" lowerRotLimit="10 70 50" upperRotationOffset="0" allowsJointLimitMovement="false" canTurnOnImplement="false" comboTime="1">
            <schema position="1 0" rotation="0" invertX="false"/>
            <attachSound template="ATTACH_01" linkNode="0>" />
        </attacherJoint>
        <attacherJoint node="0>7|1" jointType="trailerLow" lowerRotLimit="10 70 50" upperRotationOffset="0" allowsJointLimitMovement="false" canTurnOnImplement="false" comboTime="1">
            <schema position="1 0" rotation="0" invertX="false"/>
            <attachSound template="ATTACH_01" linkNode="0>" />
        </attacherJoint>
    </attacherJoints>
	<lights>
        <states>
            <state lightTypes="0" />
            <state lightTypes="0 1" />
        </states>

        <realLights>
            <low>
                <light node="0>6|0|0|0"     lightTypes="0"/>
                <light node="0>6|0|0|1"     lightTypes="1"/>
            </low>
            <high>
                <light node="0>6|0|0|2"    lightTypes="0"/>
                <light node="0>6|0|0|3"      lightTypes="1"/>
                <reverseLight node="0>6|1|3" />			
                <brakeLight node="0>6|1|3" />
                <turnLightLeft node="0>6|2" />
                <turnLightRight node="0>6|3" />				
            </high>
        </realLights>

        <defaultLights>
            <defaultLight shaderNode="0>6|0|1" lightTypes="0 1"/>
			<defaultLight shaderNode="0>6|0|2" lightTypes="0 1"/>
            <defaultLight shaderNode="0>6|6|0" lightTypes="0 1"/>
			<defaultLight shaderNode="0>6|6|1" lightTypes="0 1"/>				
        </defaultLights>

        <brakeLights>
            <brakeLight shaderNode="0>6|1|1" />
            <brakeLight shaderNode="0>6|1|2" />
        </brakeLights>
		
        <reverseLights>
            <reverseLight shaderNode="0>6|4|0" />
            <reverseLight shaderNode="0>6|4|1" />
        </reverseLights>

        <turnLights>
		    <turnLightLeft shaderNode="0>6|2|2" />
            <turnLightRight shaderNode="0>6|3|2" />
            <turnLightLeft shaderNode="0>6|2|3" />
            <turnLightRight shaderNode="0>6|3|3" />
        </turnLights>

        <sounds>
            <switchLight template="SWITCH_01" linkNode="0>" />
            <turnLight template="SWITCH_TURNLIGHT" linkNode="0>" />
        </sounds>
        <dashboards>		
            <dashboard displayType="EMITTER" valueType="lightState"  node="0>6|7|0|2"   lightTypes="0 1"   baseColor="GREY" emitColor="GREEN" groups="MOTOR_ACTIVE" intensity="10"/>			
            <dashboard displayType="EMITTER" valueType="turnLightLeft"  node="0>6|7|0|0"      baseColor="GREY" emitColor="GREEN" groups="MOTOR_ACTIVE" intensity="10"/>
            <dashboard displayType="EMITTER" valueType="turnLightRight" node="0>6|7|0|1"     baseColor="GREY" emitColor="GREEN" groups="MOTOR_ACTIVE" intensity="10"/>		
        </dashboards>		
    </lights>
    <enterable>
        <exitPoint node="0>7|0"/>
        <enterReferenceNode node="0>"/>
        <characterNode node="0>9|0" cameraMinDistance="2.0" spineRotation="-90 0 90">
            <target ikChain="rightFoot" targetNode="0>9|1"/>
            <target ikChain="leftFoot" targetNode="0>9|2"/>
            <target ikChain="rightArm" targetNode="0>4|0|0"/>
            <target ikChain="leftArm" targetNode="0>4|0|1"/>
        </characterNode>
        <cameras>
            <camera node="0>5|0|0" rotatable="true" rotateNode="0>5|0" limit="true" useWorldXZRotation="true" rotMinX="-1.4" rotMaxX="0" transMin="4" transMax="100" useMirror="true" isInside="false"/>
            <camera node="0>5|1" rotatable="true" limit="false" rotMinX="0" rotMaxX="0" transMin="0" transMax="0" useMirror="true" isInside="true"/>
        </cameras>
    </enterable>
    <motorized>
        <consumerConfigurations>
            <consumerConfiguration>
                <consumer fillUnitIndex="1" usage="10" fillType="diesel" /> <!-- usage is per hour at max load and max rpm -->
            </consumerConfiguration>
        </consumerConfigurations>

        <differentialConfigurations>
            <differentialConfiguration>
                <differentials>
                    <differential torqueRatio="0.5" maxSpeedRatio="1.8" wheelIndex1="1" wheelIndex2="2" /> <!-- front left-right -->
                    <differential torqueRatio="0.5" maxSpeedRatio="1.8" differentialIndex1="1" differentialIndex2="2" /> <!-- front-back -->
                </differentials>
            </differentialConfiguration>
        </differentialConfigurations>
		
        <motorConfigurations>
            <motorConfiguration name="1.6" hp="40" price="0">
                <motor torqueScale="0.4" minRpm="1000" maxRpm="7000" maxForwardSpeed="120" maxBackwardSpeed="15" brakeForce="0.3" lowBrakeForceScale="0.22">
                    <torque normRpm="0.45" torque="0.9"/>
                    <torque normRpm="0.5" torque="0.97"/>
                    <torque normRpm="0.59" torque="1"/>
                    <torque normRpm="0.72" torque="1"/>
                    <torque normRpm="0.86" torque="0.88"/>
                </motor>
                <transmission minForwardGearRatio="10" maxForwardGearRatio="200" minBackwardGearRatio="40" maxBackwardGearRatio="200" />
            </motorConfiguration>
            <motorConfiguration name="1.8" hp="60" price="2500">
                <motor torqueScale="0.55" minRpm="1000" maxRpm="7000" maxForwardSpeed="140" maxBackwardSpeed="15" brakeForce="0.3" lowBrakeForceScale="0.22"/>
            </motorConfiguration>
            <motorConfiguration name="2.0" hp="80" price="5000">
                <motor torqueScale="0.55" minRpm="1000" maxRpm="7000" maxForwardSpeed="160" maxBackwardSpeed="15" brakeForce="0.3" lowBrakeForceScale="0.22"/>
            </motorConfiguration>
            <motorConfiguration name="2.2" hp="100" price="7500">
                <motor torqueScale="0.55" minRpm="1000" maxRpm="7000" maxForwardSpeed="180" maxBackwardSpeed="15" brakeForce="0.3" lowBrakeForceScale="0.22"/>
            </motorConfiguration>
            <motorConfiguration name="2.4" hp="120" price="10000">
                <motor torqueScale="0.55" minRpm="1000" maxRpm="7000" maxForwardSpeed="200" maxBackwardSpeed="15" brakeForce="0.3" lowBrakeForceScale="0.22"/>
            </motorConfiguration>
        </motorConfigurations>
		
        <exhaustEffects>
            <exhaustEffect node="0>7|2" filename="$data/particleSystems/shared/exhaust.i3d" minRpmColor="0.9 0.9 0.9 0.1" maxRpmColor="0.9 0.9 0.9 0.4" minRpmScale="0.02" maxRpmScale="0.25" />
        </exhaustEffects>
       <sounds externalSoundFile="$data/sounds/vehicles/engine/lizard_pickup_1978/lizard_pickup_1978.xml" />
        <dashboards>
            <dashboard displayType="ANIMATION" valueType="rpm"   animName="rpmDisplay"   minValueAnim="0" maxValueAnim="7000" groups="MOTOR_ACTIVE"/>
            <dashboard displayType="ANIMATION" valueType="speed" animName="speedDisplay" minValueAnim="20" maxValueAnim="220"  groups="MOTOR_ACTIVE"/>
        </dashboards>
    </motorized>
    <drivable>
        <steeringWheel node="0>4|0" indoorRotation="540" outdoorRotation="60" />
    </drivable>
	
	<animations>
	
	<!-- IC Components -->
     <simpleIC outsideInteractionTrigger="0>12|0|0" >
        <!-- Animacja 1 -->
        <animation animationName="Anim1" animationSpeed="1" sharedAnimation="true" >
			<outsideTrigger triggerPoint="0>12|1" triggerPointSize="0.05" />
            <insideTrigger triggerPoint="0>12|1" triggerPointSize="0.05" />
		</animation> 
		
    </simpleIC>
	
	
	  <animation name="rpmDisplay">
            <part node="0>6|5|1|0" startTime="0" endTime="1" startRot="0 0 0" endRot="0 -195 0" />
        </animation>
        <animation name="speedDisplay">
            <part node="0>6|5|0|0" startTime="0" endTime="1" startRot="0 0 0" endRot="0 -270 0"/>
        </animation>
		<animation name="fuelDisplay">
            <part node="0>6|5|2|0"  startTime="0.0" endTime="1.0" startRot="0 0 0" endRot="0 50 0" />
        <animations>
        <animation name="Anim1">
            <part node="0>10|0"     startTime="0" endTime="1" startRot="0 0 0"   endRot="0 -63.068 0"/> 	
			
    </animations>
	
    <fillUnit>
	<fillUnitConfigurations>
            <fillUnitConfiguration>
                <fillUnits>
                    <fillUnit unit="$l10n_unit_literShort" showOnHud="false" showInShop="false" fillTypes="diesel" capacity="80" >
                        <dashboard displayType="ANIMATION" valueType="fillLevel" animName="loadingBarFuel" minValueAnim="0" maxValueAnim="35" groups="MOTOR_ACTIVE"/>
                    </fillUnit>
                </fillUnits>
            </fillUnitConfiguration>
        </fillUnitConfigurations>
    </fillUnit>
    <washable dirtDuration="90" washDuration="1" workMultiplier="4"/>
    <honk>
        <sound file="sound/horn.wav" innerRadius="10">
            <volume outdoor="1"/>
        </sound>
    </honk>
    <ai>
        <collisionTrigger node="0>8"/>
    </ai>
    <baseColorConfigurations useDefaultColors="true" price="0">
        <baseColorConfiguration color="0.07 0.36 0.66 1"/>
        <colorNode node="0>10|0|0|1"  recursive="true"/>
		<colorNode node="0>10|3|0|0"  recursive="true"/>
		<colorNode node="0>10|2|0|0" recursive="true"/>
		<colorNode node="0>10|1|0|1" recursive="true"/>
		<colorNode node="0>11|0" recursive="true"/>
		<colorNode node="0>11|15" recursive="true"/>
    </baseColorConfigurations>
</vehicle>
