﻿<?xml version="1.0" encoding="utf-8" standalone="no"?>
<modDesc descVersion="46">
    <author>Deniox_</author>
    <version>1.0.0.0</version>
    <title>
		<en>Shovel</en>
    </title>
    <description>
		<en><![CDATA[
		
		>> Autor: Deniox_
		>> Wydanie: Nigdy
		>> Mod: Łopata
		>> Wersja: 1.0
		
		
		- Niebieski Kanister:
		
		Koszt: 40 PLN
		Pojemność: 10 L ( Kanister )
		
		- Zielony Kanister:
		
		Koszt: 40 PLN
		Pojemność: 10 L ( Kanister )
		
		- Czerwony Kanister:
		
		Koszt: 40 PLN
		Pojemność: 10 L ( Kanister )
		
		- Pomarańczowy Kanister:
		
		Koszt: 40 PLN
		Pojemność: 10 L ( Kanister )
		
		- Czarny Kanister:
		
		Koszt: 40 PLN
		Pojemność: 10 L ( Kanister )
		]]></en>
    </description>
    <iconFilename>textures/fs19_modicon_template.dds</iconFilename>
    <multiplayer supported="true"/>
    <storeItems>
        <storeItem xmlFilename="shovelGreen.xml"/>
    </storeItems>
	<l10n>
        <text name="shovelGreen">
            <en>Shovel</en>
            <de>Schaufel</de>
			<fe>Pelle</fe>
			<pl>Łopata</pl>
        </text>
    </l10n>
</modDesc>
