<?xml version="2.0" encoding="utf-8" standalone="no"?>
<vehicle type="Rower">
<annotation>Copyright (C) GIANTS Software GmbH, All Rights Reserved.</annotation>
<storeData>
	<name>
		<en>Rower</en>
	</name>

	<functions>
		<function>Rower umożliwia dotarcie z punktu A do punktu B</function>
	</functions>

	<specs>
		<maxSpeed>15</maxSpeed>
	</specs>

	<image>Zdjecia/Ikona.dds</image>
	<price>400</price>
	<lifetime>600</lifetime>
	<rotation>0</rotation>
	<brand>Romet</brand>
	<category>cars</category>
</storeData>



<base>
	<typeDesc>$l10n_typeDesc_car</typeDesc>
	<size width="2.5" length="5" />
	<filename>I3D/Rower.i3d</filename>

	<components count="1">
		<component centerOfMass="0.00 0.63 0.0675" solverIterationCount="10" mass="30" />
	</components>

	<schemaOverlay attacherJointPosition="0 0">
		<default name="DEFAULT_VEHICLE"/>
		<selected name="DEFAULT_VEHICLE_SELECTED"/>
	</schemaOverlay>
</base>



<designConfigurations>
    <designConfiguration name="Bez" price="0">
		<objectChange node="0>9|2|1|0" visibilityActive="true"/>
		<objectChange node="0>9|2|1|1" visibilityActive="false"/>
		<objectChange node="0>9|2|1|2" visibilityActive="false"/>
		<objectChange node="0>9|2|1|3" visibilityActive="false"/>
		<objectChange node="0>9|3" visibilityActive="false"/>
	</designConfiguration>

	<designConfiguration name="Wzór 1" price="50">
		<objectChange node="0>9|2|1|0" visibilityActive="false"/>
		<objectChange node="0>9|2|1|1" visibilityActive="true"/>
		<objectChange node="0>9|2|1|2" visibilityActive="false"/>
		<objectChange node="0>9|2|1|3" visibilityActive="false"/>
		<objectChange node="0>9|3" visibilityActive="false"/>
	</designConfiguration>

	<designConfiguration name="Wzór 2" price="50">
		<objectChange node="0>9|2|1|0" visibilityActive="false"/>
		<objectChange node="0>9|2|1|1" visibilityActive="false"/>
		<objectChange node="0>9|2|1|2" visibilityActive="true"/>
		<objectChange node="0>9|2|1|3" visibilityActive="false"/>
		<objectChange node="0>9|3" visibilityActive="false"/>
	</designConfiguration>

	<designConfiguration name="Wzór 3" price="50">
		<objectChange node="0>9|2|1|0" visibilityActive="false"/>
		<objectChange node="0>9|2|1|1" visibilityActive="false"/>
		<objectChange node="0>9|2|1|2" visibilityActive="false"/>
		<objectChange node="0>9|2|1|3" visibilityActive="true"/>
		<objectChange node="0>9|3" visibilityActive="false"/>
    </designConfiguration>
</designConfigurations>



<wheels>
	<wheelConfigurations>	
		<wheelConfiguration name="$l10n_configuration_valueDefault" price="0" >
			<wheels autoRotateBackSpeed="2.5">
				<wheel  hasTireTracks="false" hasParticles="false" >
					<physics rotSpeed="70" repr="0>0" radius="0.305" width="0.02" restLoad="0" initialCompression="0" suspTravel="0.25" spring="20" damper="40" frictionScale="0" mass="0.6"  />
				</wheel>

				<wheel   hasTireTracks="false" hasParticles="false" >
					<physics rotSpeed="70" repr="0>1" radius="0.305" width="0.02" restLoad="0" initialCompression="0" suspTravel="0.25" spring="20" damper="40" frictionScale="0" mass="0.6"  />
				</wheel>

				<wheel  hasTireTracks="true" hasParticles="true" >
					<physics rotSpeed="70" repr="0>9|1|0" driveNode="0>9|1|0|1|0" radius="0.29" width="0.02" restLoad="0" initialCompression="0" suspTravel="0.25" spring="20" damper="40" frictionScale="2" mass="0.195"  />
				</wheel>

				<wheel  hasTireTracks="true" hasParticles="true" >
					<physics rotSpeed="0" repr="0>9|0|0" radius="0.29" width="0.02" restLoad="0" initialCompression="0" suspTravel="0" spring="0" damper="0" frictionScale="0" mass="0.195"  />
				</wheel>

				<wheel  hasTireTracks="false" hasParticles="false" >
					<physics rotSpeed="0" repr="0>2" radius="0.305" width="0.02" restLoad="0" initialCompression="0" suspTravel="0.3" spring="20" damper="40" frictionScale="0" mass="0.6"  />
				</wheel>

				<wheel  hasTireTracks="false" hasParticles="false" >
					<physics rotSpeed="0" repr="0>3" radius="0.305" width="0.02" restLoad="0" initialCompression="0" suspTravel="0.3" spring="20" damper="40" frictionScale="2" mass="0.6"  />
				</wheel>
			</wheels>
		</wheelConfiguration>
	</wheelConfigurations>

	<ackermannSteeringConfigurations>
		<ackermannSteering rotSpeed="100" rotMax="20" rotCenterWheel1="3" rotCenterWheel2="4" />
	</ackermannSteeringConfigurations>
</wheels>



<motorized>
	<differentialConfigurations>
            <differentialConfiguration>
                <differentials>
				    <differential torqueRatio="0.5" maxSpeedRatio="1.3" wheelIndex1="1" wheelIndex2="2" />
                    <differential torqueRatio="0.5" maxSpeedRatio="1.5" wheelIndex1="3" wheelIndex2="4" />
					<differential torqueRatio="0.7" maxSpeedRatio="1.2" differentialIndex1="1" differentialIndex2="2" />
                </differentials>
            </differentialConfiguration>
    </differentialConfigurations>

    <motorConfigurations>
		<motorConfiguration>
			<motor torqueScale="0.38" minRpm="500" maxRpm="1950" maxForwardSpeed="30" maxBackwardSpeed="5" brakeForce="0.8" lowBrakeForceScale="0.0001" rotInertia="0.0015">
				<torque normRpm="0.1" torque="0.35"/>
				<torque normRpm="0.2" torque="0.65"/>
				<torque normRpm="0.3" torque="0.85"/>
				<torque normRpm="0.4" torque="1"/>
				<torque normRpm="0.75" torque="0.75"/>
				<torque normRpm="1" torque="0.65"/>
			</motor>
			<transmission minForwardGearRatio="32" maxForwardGearRatio="32" minBackwardGearRatio="50" maxBackwardGearRatio="50" />
		</motorConfiguration>
	</motorConfigurations>
	
	<sounds externalSoundFile="Xml/Dzwieki.xml" />
</motorized>



<animations>
	<animation name="Wheelie">
		<!-- Rama -->
		<part node="0>9|2" startTime="0" endTime="1.0" startTrans="0 -0.013 0.002" endTrans="0.091 0.287 0.002"/>
		<part node="0>9|2" startTime="0" endTime="1.0" startRot="0 0 0" endRot="0 0 25.597" />
		<!-- Kiera -->
		<part node="0>9|1" startTime="0" endTime="1.0" startTrans="0.19 0.891 0.002" endTrans="-0.127 1.18 0.002"/>
		<part node="0>9|1" startTime="0" endTime="1.0" startRot="0 0 23.526" endRot="0 0 50.589" />
		<!-- Pedały -->
		<part node="0>13" startTime="0" endTime="1.0" startTrans="-0.037 0.406 -0.193" endTrans="-0.037 0.579 -0.283"/>
		<part node="0>13" startTime="0" endTime="1.0" startRot="0 0 23.526" endRot="0 0 50.589" />
		<!-- Postać -->
		<part node="0>6|0" startTime="0" endTime="1.0" startTrans="0 -0.089 0.058" endTrans="0 -0.1 -0.266"/>
		<part node="0>6|0" startTime="0" endTime="1.0" startRot="10 0 0" endRot="-20 0 0" />
	</animation>
</animations>



<cover>
	<coverConfigurations title="Wheelie">
		<coverConfiguration name="Nie" price="0"/>
		<coverConfiguration name="Tak" price="0">
			<cover openAnimation="Wheelie" fillUnitIndices="1" showOnHud="false" />
		</coverConfiguration>
	</coverConfigurations>
</cover>



<enterable isTabbable="true" >
	<enterReferenceNode node="0>"/>
	<exitPoint node="0>4"/>

	<cameras count="2">
		<camera node="0>5|2|0" rotatable="true" rotateNode="0>5|2" limit="true" useWorldXZRotation="true" rotMinX="-1.4" rotMaxX="1" transMin="2" transMax="40" translation="0 0 5.5" rotation="-17.5 180 0">
		</camera>
		<camera node="0>5|1" rotatable="true" limit="true" rotMinX="-1.1" rotMaxX="0.4" transMin="0" transMax="0" useMirror="true" isInside="true" positionSmoothingParameter="0" />
	</cameras>

	<characterNode node="0>6|0" cameraMinDistance="2.0" spineRotation="-90 0 90" >
		<target ikChain="rightFoot" targetNode="0>13|2" />
		<target ikChain="leftFoot"  targetNode="0>13|1" />
		<target ikChain="rightArm"  targetNode="0>9|1|0|4" poseId="wideFingers"/>
		<target ikChain="leftArm"   targetNode="0>9|1|0|3" poseId="wideFingers"/>
	</characterNode>
</enterable>



<baseMaterial>
	<material name="rama" baseNode="0>9|2|0">
		<shaderParameter name="colorMat0" value="0.737 0.033 0.009 0"/>
	</material>

	<material name="widelec" baseNode="0>9|1|0|2">
		<shaderParameter name="colorMat0" value="0.737 0.033 0.009 0"/>
	</material>
</baseMaterial>



<baseMaterialConfigurations useDefaultColors="false" defaultColorIndex="1" price="100">
	<baseMaterialConfiguration name="Czerwony"     color="1.00 0.00 0.00 0"/>
	<baseMaterialConfiguration name="Pomarańczowy" color="1.00 0.25 0.00 0"/>
	<baseMaterialConfiguration name="Żółty"        color="0.75 0.50 0.00 0"/>
	<baseMaterialConfiguration name="Zielony"      color="0.00 0.50 0.00 0"/>
	<baseMaterialConfiguration name="Niebieski"    color="0.00 0.25 0.75 0"/>
	<baseMaterialConfiguration name="Fioletowy"    color="0.25 0.00 1.00 0"/>
	<baseMaterialConfiguration name="Różowy"       color="1.00 0.25 0.75 0"/>
	<baseMaterialConfiguration name="Biały"        color="1.00 1.00 1.00 0"/>
	<baseMaterialConfiguration name="Czarny"       color="0.00 0.00 0.00 0"/>

	<material name="rama" shaderParameter="colorMat0"/>
	<material name="widelec" shaderParameter="colorMat0"/>
</baseMaterialConfigurations>



<honk>
	<sound file="Dzwieki/Dzwonek.ogg" />
</honk>



<washable dirtDuration="50" washDuration="1" workMultiplier="4"/>



<speedRotatingParts>
	<speedRotatingPart node="0>9|1|0|1|0"  wheelIndex="1" wheelScale="1"/>
	<speedRotatingPart node="0>9|0|0"    wheelIndex="1" wheelScale="1"/>
	<speedRotatingPart node="0>13"    wheelIndex="1" wheelScale="0.4"/>
	<speedRotatingPart node="0>13|1"  wheelIndex="1" wheelScale="-0.4"/>
	<speedRotatingPart node="0>13|2"  wheelIndex="1" wheelScale="-0.4"/>
</speedRotatingParts>



<drivable>
	<sounds>
		<waterSplash template="WATER_SPLASH_01" />
	</sounds>

	<steeringWheel node="0>12" indoorRotation="40" outdoorRotation="10" />
</drivable>
</vehicle>
