﻿<?xml version="1.0" encoding="utf-8" standalone="no" ?>
<vehicle type="pallet">
    <storeData>
        <name>
            <en>Worek Ziemniaków</en>
		</name>
        <specs>
            <capacity>50</capacity>
            <fillTypes>potato</fillTypes>
        </specs>
        <image>Zdjecia/Worek.dds</image>
        <price>100</price>
        <allowLeasing>false</allowLeasing>
        <canBeSold>false</canBeSold>
        <rotation>0</rotation>
        <brand>LIZARD</brand>
        <category>bigbags</category>
        <vertexBufferMemoryUsage>74900</vertexBufferMemoryUsage>
        <indexBufferMemoryUsage>19860</indexBufferMemoryUsage>
        <textureMemoryUsage>2130024</textureMemoryUsage>
        <instanceVertexBufferMemoryUsage>0</instanceVertexBufferMemoryUsage>
        <instanceIndexBufferMemoryUsage>0</instanceIndexBufferMemoryUsage>
    </storeData>
    <base>
        <filename>I3D/Worek.i3d</filename>
        <size width="2" length="2"/>
        <input allowed="false"/>
        <canBeReset>false</canBeReset>
        <components>
            <component centerOfMass="-0.1 0.1 0" solverIterationCount="10" mass="50"/>
        </components>
    </base>
    <fillUnit>
        <fillUnitConfigurations>
            <fillUnitConfiguration>
                <fillUnits removeVehicleIfEmpty="true">
                    <fillUnit unit="$l10n_unit_literShort" fillTypes="potato" capacity="50" startFillType="potato" startFillLevel="50">
                        <fillRootNode index="0>"/>
                    </fillUnit>
                </fillUnits>
            </fillUnitConfiguration>
        </fillUnitConfigurations>
    </fillUnit>
    <dischargeable requiresTipOcclusionArea="false">
        <dischargeNode node="raycastNode" emptySpeed="300" fillUnitIndex="1" maxDistance="6" canStartDischargeAutomatically="true">
            <raycast useWorldNegYDirection="true"/>
            <info width="0.4" length="0.4"/>
            <activationTrigger node="dischargeActivationTrigger"/>
            <effects>
                <effectNode effectClass="PipeEffect" effectNode="pipeEffect" materialType="pipe" materialTypeId="1" delay="0" maxBending="1" positionUpdateNodes="smokeEffect"/>
                <effectNode effectNode="smokeEffect" materialType="smoke" materialTypeId="1" delay="0.1" alignToWorldY="true"/>
            </effects>
        </dischargeNode>
    </dischargeable>
    <fillTriggerVehicle triggerNode="fillTrigger" fillUnitIndex="1" litersPerSecond="350"/>
    <i3dMappings>
        <i3dMapping id="raycastNode" node="0>0|0"/>
        <i3dMapping id="pipeEffect" node="0>0|1|0"/>
        <i3dMapping id="smokeEffect" node="0>0|1|1"/>
        <i3dMapping id="fillTrigger" node="0>0|2"/>
        <i3dMapping id="dischargeActivationTrigger" node="0>0|3"/>
    </i3dMappings>
</vehicle>
