<?xml version="1.0" encoding="utf-8" standalone="no" ?>
<modDesc descVersion="53">
    <author>Kamilos0397</author>
    <version>1.0.0.4</version>

    <title>
        <en>Placeable Details Pack</en>
        <de>Platzierbare Objekte</de>
    </title>

    <description>
        <en>
<![CDATA[Placeable details pack. With this mods you can decorate your farm like never before.

Changelog: 1.0.0.4
-Added 15 more placeable sets (64 now)

Changelog: 1.0.0.3
-Added 10 more placeable sets (49 now)

Changelog: 1.0.0.2
-Added 10 more placeable sets (39 now)

Changelog: 1.0.0.1
-Added more placeable sets (29 now)
-Fixed problems with collisions
]]>
        </en>
        <de>
<![CDATA[Platzierbare Objekte. Mit diesen Mods kannst du deine Farm schmücken wie nie zuvor.

Changelog: 1.0.0.4
-Hat 15 neue Platzierbare Objekte (64 gesamt)

Changelog: 1.0.0.3
-Hat 10 neue Platzierbare Objekte (49 gesamt)

Changelog: 1.0.0.2
-Hat 10 neue Platzierbare Objekte (39 gesamt)

Changelog: 1.0.0.1
-Hat 3 neue Platzierbare Objekte (29 gesamt)
-Collision Problem gelöst
]]>
        </de>
    </description>

    <iconFilename>store/icon.png</iconFilename>
    <multiplayer supported="true"/>

    <storeItems>
        <storeItem xmlFilename="xml/barrells.xml"/>
        <storeItem xmlFilename="xml/bigtire.xml"/>
        <storeItem xmlFilename="xml/bigtrashskip.xml"/>
        <storeItem xmlFilename="xml/constructionPrefab1.xml"/>
        <storeItem xmlFilename="xml/constructionPrefab2.xml"/>
        <storeItem xmlFilename="xml/container.xml"/>
        <storeItem xmlFilename="xml/firewoodstack1.xml"/>
        <storeItem xmlFilename="xml/firewoodstack2.xml"/>
        <storeItem xmlFilename="xml/firewoodstack3.xml"/>
        <storeItem xmlFilename="xml/foodcontainerround.xml"/>
        <storeItem xmlFilename="xml/gardenshed.xml"/>
        <storeItem xmlFilename="xml/gardenslide.xml"/>
        <storeItem xmlFilename="xml/metaltrash.xml"/>
        <storeItem xmlFilename="xml/palletSacks1.xml"/>
        <storeItem xmlFilename="xml/palletSacks2.xml"/>
        <storeItem xmlFilename="xml/palletSacks3.xml"/>
        <storeItem xmlFilename="xml/palletSacks4.xml"/>
        <storeItem xmlFilename="xml/pallettruck.xml"/>
        <storeItem xmlFilename="xml/palletwithbuckets.xml"/>
        <storeItem xmlFilename="xml/sawtable.xml"/>
        <storeItem xmlFilename="xml/silosackpile1.xml"/>
        <storeItem xmlFilename="xml/somethings.xml"/>
        <storeItem xmlFilename="xml/trash1.xml"/>
        <storeItem xmlFilename="xml/trash2.xml"/>
        <storeItem xmlFilename="xml/trash3.xml"/>
        <storeItem xmlFilename="xml/woodenplanks.xml"/>
        <storeItem xmlFilename="xml/somethings2.xml"/>
        <storeItem xmlFilename="xml/somethings3.xml"/>
        <storeItem xmlFilename="xml/somethings4.xml"/>
        <storeItem xmlFilename="xml/new1.xml"/>
        <storeItem xmlFilename="xml/new2.xml"/>
        <storeItem xmlFilename="xml/new3.xml"/>
        <storeItem xmlFilename="xml/new4.xml"/>
        <storeItem xmlFilename="xml/new5.xml"/>
        <storeItem xmlFilename="xml/new6.xml"/>
        <storeItem xmlFilename="xml/new7.xml"/>
        <storeItem xmlFilename="xml/new8.xml"/>
        <storeItem xmlFilename="xml/new9.xml"/>
        <storeItem xmlFilename="xml/new10.xml"/>
        <storeItem xmlFilename="xml/anew1.xml"/>
        <storeItem xmlFilename="xml/anew2.xml"/>
        <storeItem xmlFilename="xml/anew3.xml"/>
        <storeItem xmlFilename="xml/anew4.xml"/>
        <storeItem xmlFilename="xml/anew5.xml"/>
        <storeItem xmlFilename="xml/anew6.xml"/>
        <storeItem xmlFilename="xml/anew7.xml"/>
        <storeItem xmlFilename="xml/anew8.xml"/>
        <storeItem xmlFilename="xml/anew9.xml"/>
        <storeItem xmlFilename="xml/anew10.xml"/>
        <storeItem xmlFilename="xml/anew11.xml"/>
        <storeItem xmlFilename="xml/anew12.xml"/>
        <storeItem xmlFilename="xml/anew13.xml"/>
        <storeItem xmlFilename="xml/anew14.xml"/>
        <storeItem xmlFilename="xml/anew15.xml"/>
        <storeItem xmlFilename="xml/anew16.xml"/>
        <storeItem xmlFilename="xml/anew17.xml"/>
        <storeItem xmlFilename="xml/anew18.xml"/>
        <storeItem xmlFilename="xml/anew19.xml"/>
        <storeItem xmlFilename="xml/anew20.xml"/>
        <storeItem xmlFilename="xml/anew21.xml"/>
        <storeItem xmlFilename="xml/anew22.xml"/>
        <storeItem xmlFilename="xml/anew23.xml"/>
        <storeItem xmlFilename="xml/anew24.xml"/>
        <storeItem xmlFilename="xml/anew25.xml"/>
    </storeItems>

</modDesc>