﻿<?xml version="1.0" encoding="utf-8" standalone="no" ?>
<modDesc descVersion="53">
    <author>PeterAH (Modding-Welt)</author>
    <version>1.0.0.0</version>
    <title>
        <en>Air Compressor Sound</en>
        <de>Druckluftanlagen-Sound</de>
    </title>
    <description>
        <en><![CDATA[Do you still remember the air compressor sound from FS17? Now this sound is back, because this global script adds a compressor sound to all tractors and trucks, if they have a compressed air system according to the vehicle XML and sound XML.

When braking or connecting a trailer with compressed air system, the compressed air tank empties.

When tank volume is below 50%, the air compressor starts and fills the tank up to 100% again.

When the compressed air hoses of a trailer are connected to a tractor, you hear a hissing sound and the compressed air flowing into the trailer air tank. A hissing sound can be heard too, when the compressed air hoses are removed. If a trailer mod does not yet have dynamic hoses, then no hissing sound will be heard. This also applies to trailers that only have hydraulic hoses because they are braked via hydraulic pressure instead of air pressure.

The following individual adjustments can be made by making changes in the modDesc:
 - Volume of the compressor sound
 - Running time of the compressor
 - Compressed air consumption during braking
 - Volume of the connecting and disconnecting hissing sound
 - Compressed air consumption when attaching a trailer
 - Exclude vehicles from air compressor sound
 - Switching debug mode on and of
        ]]>
        </en>
        <de><![CDATA[Erinnert ihr euch noch an den Druckluftanlagen-Kompressor-Sound aus dem LS17? Dieser Sound ist jetzt zurück, denn dieses globale Script fügt allen Traktoren und LKWs einen Kompressor-Sound hinzu, sofern diese laut Fahrzeug-XML und Sound-XML über eine Druckluftanlage verfügen.

Beim Bremsen oder Anschließen eines Anhängers mit Druckluftanlage leert sich der Druckluftbehälter, unterhalb von 50% springt der Druckluftkompressor an und füllt den Behälter wieder auf 100% auf.

Werden die Druckluftschläuche eines Anhängers an einen Traktor angeschlossen, so ertönt ein Zisch-Sound und man hört wie die Druckluft in den Anhänger hineinströmt. Beim Abnehmen der Druckluftschläuche ertönt ebenfalls an Zisch-Sound. Hat ein Anhänger-Mod (noch) keine dynamischen Schläuche ("dynamic hoses") verbaut, dann ertönt auch kein Zisch-Sound. Dies gilt auch für Anhänger, die nur über Hydraulikschläuche verfügen, da sie über Hydraulikdruck anstatt über Luftdruck gebremst werden.

In der modDesc lassen sich folgende individuellen Anpassungen vornehmen:
 - Lautstärke des Kompressor-Sounds
 - Laufzeit der Kompressors
 - Druckluftverbrauch beim Bremsen
 - Lautstärke vom An- und Abkuppel-Zisch-Sound
 - Druckluftverbrauch beim Ankuppeln eines Anhängers
 - Fahrzeuge vom Kompressor-Sound ausschließen
 - Debug-Modus ein- und ausschalten
        ]]>
        </de>
    </description>
    <iconFilename>icon_compressorSound.png</iconFilename>
    <multiplayer supported="true"/>
    <extraSourceFiles>
        <sourceFile filename="compressorSoundRegister.lua"/>
    </extraSourceFiles>

    <!-- Below you can adjust the settings -->
    <!-- default volumeSetting="1.00" -->
    <!-- compressorRunTime in seconds (default = "16") -->
    <compressorSound volumeSetting="1.00" compressorRunTime="16" maxAirUsagePercentPerFullStop="17"/>  
    <airAttachSound volumeSetting="1.00" trailerAttachAirUsagePercent="26" />
    <debugCompressorSound showIngameDebugInfo="false" />  <!-- only "false" or "true" allowed -->
    <excludeVehicles>
        <!-- The Case Magnum has air compressor sound in the idle already, because of that compressor "off" -->
        <noCompressorSound i3dFilename="/magnum.i3d" />
        <!-- You can enter additional vehicles to be excluded in the following lines -->
        <!-- <noCompressorSound i3dFilename="/dummy2.i3d" /> -->
        <!-- <noCompressorSound i3dFilename="/dummy3.i3d" /> -->
    </excludeVehicles>    
</modDesc>
