﻿<?xml version="1.0" encoding="utf-8" standalone="no" ?>
<handTool>
	<storeData>
		<name>$l10n_shopItem_broom</name>
		<functions>
		<function>$l10n_function_broom</function>
		</functions>
		<image>src/firstPerson/textures/store_broom.dds</image>
		<price>50</price>
		<lifetime>600</lifetime>
		<rotation>0</rotation>
		<brand>LIZARD</brand>
		<category>misc</category>
		<species>handTool</species>
	</storeData>

	<handToolType>broom</handToolType>
	<filename>src/firstPerson/i3d/broom.i3d</filename>

	<handNode>
		<firstPerson position="0.20 -0.55 -1.90" rotation="0 0 0"/>
		<thirdPerson position="0.20 -0.55 -1.90" rotation="0 0 0"/>
	</handNode>

	<broom foliageBendingNode="0|0|2">
		<workAreas>
			<broomArea startNode="0|0|3|0" widthNode="0|0|3|1" heightNode="0|0|3|2"/>
		</workAreas>
		
		<effects>
            <effectNode effectClass="ParticleEffect" effectNode="0|0|1" particleType="SMOKE" emitCountScale="0.5" worldSpace="false"/>
        </effects>
		
		<broomAnimation node="0|0" duration="1.0">
			<keyFrame time="0.000" translation="0 0.158 -0.17" rotation="-45 0 0"/>
			<keyFrame time="0.250" translation="0 0 0" rotation="-35 0 0"/>
			<keyFrame time="0.500" translation="0 0 0" rotation="-45 0 0"/>
			<keyFrame time="0.750" translation="0 0 0" rotation="-60 0 0"/>
			<keyFrame time="1.000" translation="0 0.158 -0.17" rotation="-45 0 0"/>
		</broomAnimation>
		
		<sounds>
			<randomSoundOne file="sounds/broomRandom1.ogg" linkNode="0>" innerRadius="5.0" outerRadius="10.0">
				<volume indoor="0.50" outdoor="0.80"/>
			</randomSoundOne>
			
			<randomSoundTwo file="sounds/broomRandom2.ogg" linkNode="0>" innerRadius="5.0" outerRadius="10.0">
				<volume indoor="0.50" outdoor="0.80"/>
			</randomSoundTwo>			
			
			<randomSoundThree file="sounds/broomRandom3.ogg" linkNode="0>" innerRadius="5.0" outerRadius="10.0">
				<volume indoor="0.50" outdoor="0.80"/>
			</randomSoundThree>
		</sounds>
	</broom>
</handTool>