<?xml version="1.0" encoding="utf-8" standalone="no" ?>
<weather>
    <annotation>Copyright (c) Realismus Modding, 2019, GEO Poland by Anton </annotation>

    <startValues>
        <soilTemp>4.2</soilTemp>
        <highAirTemp>8</highAirTemp>
        <snowDepth>0</snowDepth>
    </startValues>
    <temperature>
        <dailyMaximum>
            <value period="11">2.3</value>
            <value period="12">5.9</value>
            <value period="1">7.9</value>
            <value period="2">15.8</value>
            <value period="3">20.0</value>
            <value period="4">21.8</value>
            <value period="5">31.8</value>
            <value period="6">30.7</value>
            <value period="7">19.4</value>
            <value period="8">13.1</value>
            <value period="9">3.5</value>
            <value period="10">0.8</value>
        </dailyMaximum>
    </temperature>
    <clouds>
        <probability>
            <value period="11">0.55</value>
            <value period="12">0.58</value>
            <value period="1">0.52</value>
            <value period="2">0.44</value>
            <value period="3">0.46</value>
            <value period="4">0.48</value>
            <value period="5">0.44</value>
            <value period="6">0.42</value>
            <value period="7">0.44</value>
            <value period="8">0.51</value>
            <value period="9">0.63</value>
            <value period="10">0.65</value>
        </probability>
    </clouds>
    <rain>
        <probability>
            <value period="11">0.35</value> ‍
            <value period="12">0.38</value>
            <value period="1">0.37</value>
            <value period="2">0.30</value>
            <value period="3">0.30</value>
            <value period="4">0.31</value>
            <value period="5">0.30</value>
            <value period="6">0.35</value>
            <value period="7">0.37</value>
            <value period="8">0.45</value>
            <value period="9">0.45</value>
            <value period="10">0.47</value>
        </probability>
        <rainfall>
            <value period="11">22</value>
            <value period="12">23</value>
            <value period="1">25</value>
            <value period="2">33</value>
            <value period="3">53</value>
            <value period="4">67</value>
            <value period="5">71</value>
            <value period="6">58</value>
            <value period="7">43</value>
            <value period="8">35</value>
            <value period="9">39</value>
            <value period="10">32</value>
        </rainfall>
    </rain>
    <wind>
        <speed>
            <value period="11">6.9</value>
            <value period="12">6.5</value>
            <value period="1">6.0</value>
            <value period="2">5.0</value>
            <value period="3">4.7</value>
            <value period="4">4.3</value>
            <value period="5">4.4</value>
            <value period="6">4.5</value>
            <value period="7">5.2</value>
            <value period="8">5.8</value>
            <value period="9">6.3</value>
            <value period="10">6.6</value>
        </speed>
    </wind>
    <hail>
        <probability>
            <value season="0">0.05</value>
            <value season="1">0.10</value>
            <value season="2">0.10</value>
            <value season="3">0.01</value>
        </probability>
    </hail>
</weather>
