<?xml version="1.0" encoding="utf-8" standalone="no" ?>
<sounds>
    <motorStart template="SMALL_TRACTOR_MOTOR_START" file="sounds/start.ogg" linkNode="0>"/>
    <motorStop template="SMALL_TRACTOR_MOTOR_STOP" file="sounds/stop.ogg" linkNode="0>"/>

    <motor template="SMALL_TRACTOR_MOTOR_IDLE" file="sounds/idle.ogg" linkNode="0>"/>
    <motor template="SMALL_TRACTOR_MOTOR_OFFLOAD_RUN" file="sounds/runOffload.ogg" linkNode="0>"/>
    <motor template="SMALL_TRACTOR_MOTOR_ONLOAD_RUN" file="sounds/runOnload.ogg" linkNode="0>"/>

    <airCompressorStart template="BRAKE_COMPRESSOR_START" linkNode="0>"/>
    <airCompressorStop template="BRAKE_COMPRESSOR_STOP" linkNode="0>"/>
    <airCompressorRun template="BRAKE_COMPRESSOR_RUN" linkNode="0>"/>
    <compressedAir template="BRAKE_SMALL" linkNode="0>"/>
    <airRelease template="BRAKE_REGULATOR_VALVE" linkNode="0>"/>
</sounds>
