<?xml version="1.0" encoding="utf-8" standalone="no"?>
<modDesc descVersion="53">
	<author>Royal Modding</author>
	<version>1.0.0.0</version>
	<title>
		<en>Wolniejsze Przenoszenie Przedmiotów</en>
	</title>
	<description>
		<en>.</en>
	</description>
	<multiplayer supported="true" />
	<iconFilename>icon.png</iconFilename>
	<extraSourceFiles>
		<sourceFile filename="rmod/Main.lua" />
		<sourceFile filename="utility/Main.lua" />
		<sourceFile filename="slowPlayer.lua" />
	</extraSourceFiles>
</modDesc>
