<?xml version="2.0" encoding="utf-8" standalone="no"?>
<modDesc descVersion="44">
	<author>Deniox_</author>
	<version>1.0</version>

	<title>
		<en>Rower</en>
	</title>

	<description>
		<en>.</en>
	</description>

	<vehicleTypes>
        <type name="Rower" parent="carFillable" className="Vehicle" filename="$dataS/scripts/vehicles/Vehicle.lua" >
			<specialization name="cover" />
        </type>
    </vehicleTypes>

	<storeItems>
		<storeItem xmlFilename="Xml/Rower.xml"/>
	</storeItems>
	
	<brands>
        <brand name="Romet" title="Romet" image="Zdjecia/Logo.dds"/>
    </brands>

	<iconFilename>Zdjecia/Ikona.dds</iconFilename>
    <multiplayer supported="true"/>
</modDesc>
