<?xml version="1.0" encoding="utf-8" standalone="no" ?>
<universalPassengerVehicles>
    <vehicle xmlFilename="DaciaSuperNova.xml"  modName="Lz19_Dacia_SuperNova">
        <passenger exitNodePosition="-1.748 0 0">
            <passengerNode position="-0.415 0.679 0.158" rotation="-9.339 0 0" spineRotation="-90 0 90" customTargets="true">
                <leftFoot 	position="0.111 -0.40272811 0.6071015" 	rotation="0 0 0"/>
                <rightFoot 	position="-0.176 -0.39742985 0.6071015" 	rotation="0 0 0"/>
                <!-- <rightArm 	position="-0.083 0.129 0.313" 	rotation="-74.006 123.567 -26.292"/> -->
                <!-- <leftArm 	position="0.365 0.223 0.359" 	rotation="-132.051 -99.592 128.463"/> -->
            </passengerNode>

            <cameras>
                <camera cameraPosition="0 0 11" rotateNodePosition="0 1.144 0" rotateNodeRotation="-24 180 0" rotatable="true" limit="true" useWorldXZRotation="true" rotMinX="-1.4" rotMaxX="1" transMin="4" transMax="40">
                    <raycastNode position="0 1.192 2.936"/>
                    <raycastNode position="0 2.029 -0.587"/>
                </camera>
                <camera cameraPosition="-0.41499999 1.34807444 0.08431946" cameraRotation="-10 180 0" rotatable="true" limit="true" rotMinX="-1.1" rotMaxX="0.4" transMin="0" transMax="0" useMirror="true" isInside="true"/>
            </cameras>
        </passenger>

        <passenger exitNodePosition="-1.748 0 0">
            <passengerNode position="-0.40599999 0.69455522 -0.79890716" rotation="-9.339 0 0" spineRotation="-90 0 90" customTargets="true">
                <leftFoot 	position="0.111 -0.40272811 0.47583666" 	rotation="0 0 0"/>
                <rightFoot 	position="-0.176 -0.39742985 0.47237778" 	rotation="0 0 0"/>
                <!-- <rightArm 	position="-0.083 0.129 0.313" 	rotation="-74.006 123.567 -26.292"/> -->
                <!-- <leftArm 	position="0.365 0.223 0.359" 	rotation="-132.051 -99.592 128.463"/> -->
            </passengerNode>

            <cameras>
                <camera cameraPosition="0 0 11" rotateNodePosition="0 1.144 0" rotateNodeRotation="-24 180 0" rotatable="true" limit="true" useWorldXZRotation="true" rotMinX="-1.4" rotMaxX="1" transMin="4" transMax="40">
                    <raycastNode position="0 1.192 2.936"/>
                    <raycastNode position="0 2.029 -0.587"/>
                </camera>
                <camera cameraPosition="-0.40599999 1.38859272 -0.749354" cameraRotation="-10 180 0" rotatable="true" limit="true" rotMinX="-1.1" rotMaxX="0.4" transMin="0" transMax="0" useMirror="true" isInside="true"/>
            </cameras>
        </passenger>
		
        <passenger exitNodePosition="1.748 0 0">
            <passengerNode position="0.40599999 0.69455522 -0.79890716" rotation="-9.339 0 0" spineRotation="-90 0 90" customTargets="true">
                <leftFoot 	position="0.111 -0.40272811 0.47583666" 	rotation="0 0 0"/>
                <rightFoot 	position="-0.176 -0.39742985 0.47237778" 	rotation="0 0 0"/>
                <!-- <rightArm 	position="-0.083 0.129 0.313" 	rotation="-74.006 123.567 -26.292"/> -->
                <!-- <leftArm 	position="0.365 0.223 0.359" 	rotation="-132.051 -99.592 128.463"/> -->
            </passengerNode>

            <cameras>
                <camera cameraPosition="0 0 11" rotateNodePosition="0 1.144 0" rotateNodeRotation="-24 180 0" rotatable="true" limit="true" useWorldXZRotation="true" rotMinX="-1.4" rotMaxX="1" transMin="4" transMax="40">
                    <raycastNode position="0 1.192 2.936"/>
                    <raycastNode position="0 2.029 -0.587"/>
                </camera>
                <camera cameraPosition="0.40599999 1.38859272 -0.749354" cameraRotation="-10 180 0" rotatable="true" limit="true" rotMinX="-1.1" rotMaxX="0.4" transMin="0" transMax="0" useMirror="true" isInside="true"/>
            </cameras>
        </passenger>
		
    </vehicle>

</universalPassengerVehicles>
