<?xml version="1.0" encoding="utf-8" standalone="no"?>
<modDesc descVersion="53">
    <author>Ostry , Kasztan18</author>
    <version>1.0.0.0</version>
    
	<title>
		<en>Lizard M20</en>
	</title>

    <description>
       <en>
<![CDATA[Price: 990 €
-Category: Trailers
-Color Configuration
-Design Configuration
-Capacity: 550


]]>
       </en>
       <de>
<![CDATA[Preis: 990 €
-Kategorie: Anhänger
-Farbkonfiguration
-Designkonfiguration
-Kapazität 550

]]>
       </de>
    </description>
    <iconFilename>przyczepka_icon.dds</iconFilename>
    <multiplayer supported="true" />
	
   	<l10n>
		<text name="barierkinie"> 
		    <en>Nothing</en>
			<de>Nichts</de>
            <pl>Nic</pl>	
		</text>
		<text name="barierki"> 
		    <en>Barriers</en>
			<de>Barrieren</de>
            <pl>Barierki</pl>	
		</text>
		<text name="Gray"> 
		    <en>Gray</en>
			<de>Grau</de>
            <pl>Szary</pl>	
		</text>
		<text name="Brown"> 
		    <en>Brown</en>
			<de>Braun</de>
            <pl>Brązowy</pl>	
		</text>
		<text name="Black"> 
		    <en>Black</en>
			<de>Schwarz</de>
            <pl>Czarny</pl>	
		</text>		
		<text name="Green"> 
		    <en>Green</en>
			<de>Grün</de>
            <pl>Zielony</pl>	
		</text>	
		<text name="Red"> 
		    <en>Red</en>
			<de>Rot</de>
            <pl>Czerwony</pl>	
		</text>
		<text name="White"> 
		    <en>White</en>
			<de>Weiß</de>
            <pl>Biały</pl>	
		</text>			
	</l10n>

    <storeItems>        
		<storeItem xmlFilename="przyczepka.xml"/>
    </storeItems>
</modDesc>