<?xml version="1.0" encoding="utf-8" standalone="no" ?>
<vehicle type="trailer">
    <annotation>Copyright (C) GIANTS Software GmbH, All Rights Reserved.</annotation>

    <storeData>
        <name>
           <en>M20</en>
		</name>
        <specs>
            <combination>Pickup 2014, Pickup 1978, Retriever 1000</combination>
        </specs>
        <functions>
            <function>$l10n_function_tipper</function>
        </functions>
        <image>store_przyczepka.dds</image>
        <price>990</price>
        <lifetime>600</lifetime>
        <rotation>0</rotation>
        <brand>LIZARD</brand>
        <category>trailers</category>
        <vertexBufferMemoryUsage>468580</vertexBufferMemoryUsage>
        <indexBufferMemoryUsage>85944</indexBufferMemoryUsage>
        <textureMemoryUsage>17476824</textureMemoryUsage>
        <instanceVertexBufferMemoryUsage>0</instanceVertexBufferMemoryUsage>
        <instanceIndexBufferMemoryUsage>0</instanceIndexBufferMemoryUsage>
    </storeData>
	
    <base>
        <typeDesc>$l10n_typeDesc_tipper</typeDesc>
        <filename>przyczepka.i3d</filename>
        <size width="2.2" length="4.5" lengthOffset="0.4" />
        <components>
            <component centerOfMass="0 0.303 0.700" solverIterationCount="10" mass="550"/>
        </components>
        <schemaOverlay attacherJointPosition="0 0">
            <default name="DEFAULT_IMPLEMENT"/>
            <selected name="DEFAULT_IMPLEMENT_SELECTED"/>
        </schemaOverlay>
    </base>
	
    <wheels>
        <wheelConfigurations>
            <wheelConfiguration name="$l10n_configuration_valueDefault" price="0" brand="LIZARD">
                <wheels>
                    <wheel filename="wheels/280_55R16.xml" isLeft="true" hasTireTracks="true" hasParticles="true" >
                        <physics tipOcclusionAreaGroupId="1" restLoad="1.3" repr="0>0|1|0"  forcePointRatio="0.5" initialCompression="20" suspTravel="0.12" spring="20" damper="30" frictionScale="2.5" />
                    </wheel>
                    <wheel filename="wheels/280_55R16.xml" isLeft="false" hasTireTracks="true" hasParticles="true" >
                        <physics tipOcclusionAreaGroupId="1" restLoad="1.3" repr="0>0|1|1" forcePointRatio="0.5" initialCompression="20" suspTravel="0.12" spring="20" damper="30" frictionScale="2.5" />
                    </wheel>
                </wheels>
            </wheelConfiguration>
        </wheelConfigurations>
        <hubs>
            <color0>0.18 0.1 0.1 6</color0>
            <hub linkNode="0>0|1|0|0" filename="wheels/hubSmall_n0_1.xml" isLeft="true"  scale="0.11 0.11 0.11" />
            <hub linkNode="0>0|1|1|0" filename="wheels/hubSmall_n0_1.xml" isLeft="false" scale="0.11 0.11 0.11" />
        </hubs>
    </wheels>
	
	<connectionHoses>
		<hose inputAttacherJointIndices="1" type="electric" node="0>0|6|0" length="0.9" diameter="0.007" straighteningFactor="1">
           <objectChange node="0>0|5" visibilityActive="false" visibilityInactive="true"/>
        </hose>
    </connectionHoses>
	
	<lights>
        <realLights>
            <high>
                <light node="0>0|8|0|0" lightTypes="0" />
                <turnLightLeft node="0>0|8|1|0|0" />
                <turnLightRight node="0>0|8|1|1|0" />
                <brakeLight node="0>0|8|0|0" />
            </high>
        </realLights>
        <defaultLights>  
            <defaultLight shaderNode="0>0|8|2|0|0" lightTypes="0 3"/>   
            <defaultLight shaderNode="0>0|8|2|1|0" lightTypes="0 3"/>   
        </defaultLights>
        <brakeLights>
            <brakeLight shaderNode="0>0|8|2|1|1" />
            <brakeLight shaderNode="0>0|8|2|0|1" />
        </brakeLights>
        <turnLights>
	        <turnLightLeft  shaderNode="0>0|8|2|0|2" />
            <turnLightRight shaderNode="0>0|8|2|1|2" />
        </turnLights>
    </lights>
	
    <attachable>
        <inputAttacherJoints>
            <inputAttacherJoint node="0>0|0|0" jointType="trailer" attacherHeight="0.624" />
        </inputAttacherJoints>
        <brakeForce>0.11</brakeForce>
    </attachable>
	
    <animations>
        <animation name="backDoor">
		    <part node="0>0|2|1"     startTime="0" endTime="0.001"   startTrans="0.628 0.939 -1.178"        endTrans="0.628 4007.94 -1.178"/>
            <part node="0>0|2|0"     startTime="0.5" endTime="1"   startRot="0 0 0"        endRot="-180 0 0"/>
        </animation>
        <animation name="tipAnimationBack">
		    <part node="0>0|2|1"     startTime="0" endTime="0.001"   startTrans="0.628 0.939 -1.178"        endTrans="0.628 4007.94 -1.178"/>
            <part node="0>0|2|0"     startTime="0.5" endTime="1"   startRot="0 0 0"        endRot="-180 0 0"/>
        </animation>
        <animation name="moveSupport">
            <part node="0>0|0|3|0" startTime="0" endTime="0.001" startTrans="0 0 0" endTrans="0 0.152 0" />
        </animation>
    </animations>

    <foldable>
        <foldingParts>
            <foldingPart animationName="backDoor" speedScale="1" />
        </foldingParts>
    </foldable>
	
    <fillUnit>
        <fillUnitConfigurations>
            <fillUnitConfiguration>
                <fillUnits>
                    <fillUnit unit="$l10n_unit_literShort" fillTypeCategories="bulk" capacity="550" fillAnimation="tipAnimationBack" fillAnimationLoadTime="0.2">
                        <exactFillRootNode node="0>0|10|2"/>
                    </fillUnit>
                </fillUnits>
            </fillUnitConfiguration>
        </fillUnitConfigurations>
    </fillUnit>
	
    <fillVolume>
        <fillVolumeConfigurations>
            <fillVolumeConfiguration>
                <volumes>
                    <volume node="0>0|10|1" maxDelta="0.23" maxAllowedHeapAngle="18" fillUnitIndex="1" />
                </volumes>
            </fillVolumeConfiguration>
        </fillVolumeConfigurations>
        <unloadInfos>
            <unloadInfo>
                <node node="0>0|10|0" width="0.4" length="0.4" />
            </unloadInfo>
        </unloadInfos>
    </fillVolume>

    <trailer>
        <trailerConfigurations>
            <trailerConfiguration>
                <trailer>
                    <tipSide name="$l10n_info_tipSideBack" dischargeNodeIndex="1">
                        <animation name="tipAnimationBack" speedScale="1.0" startTipTime="1" delayedClosing="true"/>
                    </tipSide>
                </trailer>
            </trailerConfiguration>
        </trailerConfigurations>
    </trailer>

    <dischargeable>
        <dischargeNode node="0>0|10|4" emptySpeed="100" fillUnitIndex="1" unloadInfoIndex="1" >
            <info width="1.0" length="0.5" />
            <effects>
                <effectNode effectNode="0>0|10|3|0" materialType="unloading" materialTypeId="1" fadeTime="0.5" />
                <effectNode effectNode="0>0|10|3|1" materialType="smoke"     materialTypeId="1" fadeTime="0.5" />
            </effects>
        </dischargeNode>
    </dischargeable>
	
	<tensionBelts>
        <tensionBeltsConfigurations>
            <tensionBeltsConfiguration>
                <tensionBelts linkNode="0>0|9" jointNode="0>" width="0.055" maxEdgeLength="0.1" geometryBias="0.01" ratchetPosition="0.2" defaultOffset="0.1" defaultOffsetSide="0.1" defaultHeight="3.5" activationTrigger="0>0|9|10">
                    <tensionBelt startNode="0>0|9|0" endNode="0>0|9|0|0"/>
                    <tensionBelt startNode="0>0|9|1" endNode="0>0|9|1|0"/>
                    <tensionBelt startNode="0>0|9|2" endNode="0>0|9|2|0"/>
                    <tensionBelt startNode="0>0|9|3" endNode="0>0|9|3|0"/>
                    <tensionBelt startNode="0>0|9|4" endNode="0>0|9|4|0"/>
					<tensionBelt startNode="0>0|9|5" endNode="0>0|9|5|0"/>
					<tensionBelt startNode="0>0|9|6" endNode="0>0|9|6|0"/>
					<tensionBelt startNode="0>0|9|7" endNode="0>0|9|7|0"/>
					<tensionBelt startNode="0>0|9|8" endNode="0>0|9|8|0"/>
					<tensionBelt startNode="0>0|9|9" endNode="0>0|9|9|0"/>
                </tensionBelts>
            </tensionBeltsConfiguration>
        </tensionBeltsConfigurations>
	</tensionBelts>
	
	<designConfigurations>
        <designConfiguration>
                <objectChange node="0>0|3|0" visibilityActive="true" />
        </designConfiguration>
        <designConfiguration>
                <objectChange node="0>0|3|0" visibilityActive="false" />
        </designConfiguration>
     </designConfigurations>
	
     <configurationSets>
        <configurationSet name="$l10n_barierkinie"> 
			<configuration name="design" index="2" />
        </configurationSet>
        <configurationSet name="$l10n_barierki"> 
			<configuration name="design" index="1" />
        </configurationSet>
    </configurationSets>
	
    <baseMaterial>
        <material name="przyczepka_mat" baseNode="0>0">
            <shaderParameter name="colorMat0" value="0.18 0.1 0.1 6"/>
			<shaderParameter name="colorMat1" value="0.18 0.1 0.1 6"/>
        </material>
        <material name="cos_mat" baseNode="0>0|0|2">
            <shaderParameter name="colorMat0" value="0.18 0.1 0.1 6"/>
        </material>
    </baseMaterial> 
	
    <baseMaterialConfigurations useDefaultColors="false" price="300" defaultColorIndex="0">
        <baseMaterialConfiguration name="$l10n_Brown"   color="0.18 0.1 0.1 6"/>
		<baseMaterialConfiguration name="$l10n_Gray"    color="0.11 0.11 0.11 6"/>
		<baseMaterialConfiguration name="$l10n_Red"     color="0.3 0.05 0.05 6"/>
		<baseMaterialConfiguration name="$l10n_Green"   color="0.01 0.13 0.04 6"/>
		<baseMaterialConfiguration name="$l10n_Green"   color="0.04 0.15 0.1 6"/>
		<baseMaterialConfiguration name="$l10n_Black"   color="0.08 0.06 0.06 6"/>
		<baseMaterialConfiguration name="$l10n_Black"   color="0.03 0.03 0.03 6"/>

        <material name="przyczepka_mat"    shaderParameter="colorMat0"/>
		<material name="cos_mat"    shaderParameter="colorMat0"/>
    </baseMaterialConfigurations>
	
	<designMaterialConfigurations price="100" useDefaultColors="false" defaultColorIndex="0">
        <designMaterialConfiguration name="$l10n_Brown"    color="0.18 0.1 0.1 6"/>
		<designMaterialConfiguration name="$l10n_Gray"     color="0.11 0.11 0.11 6"/>
		<designMaterialConfiguration name="$l10n_Red"     color="0.3 0.05 0.05 6"/>
		<designMaterialConfiguration name="$l10n_Green"   color="0.01 0.13 0.04 6"/>
		<designMaterialConfiguration name="$l10n_Green"   color="0.04 0.15 0.1 6"/>
		<designMaterialConfiguration name="$l10n_Black"   color="0.08 0.06 0.06 6"/>

		<material name="przyczepka_mat" shaderParameter="colorMat1" />
	</designMaterialConfigurations>
	
	<rimColorConfigurations useDefaultColors="false" price="200" >
		<rimColorConfiguration name="$l10n_Brown"  color="0.18 0.1 0.1 6" />
		<rimColorConfiguration name="$l10n_Gray" color="0.11 0.11 0.11 6" />
		<rimColorConfiguration name="$l10n_Red"     color="0.3 0.05 0.05 6"/>
		<rimColorConfiguration name="$l10n_Green"   color="0.01 0.13 0.04 6"/>
		<rimColorConfiguration name="$l10n_Green"   color="0.04 0.15 0.1 6"/>
		<rimColorConfiguration name="$l10n_Black"   color="0.08 0.06 0.06 6"/>
		<rimColorConfiguration name="$l10n_White"   color="1 1 1 6"/>
	</rimColorConfigurations>
	
    <ai>
        <allowTurnBackward value="false"/>
        <turningRadiusLimitation radius="7"/>
    </ai>
	
    <foliageBending>
        <bendingNode minX="-1.1" maxX="1.1" minZ="-1.5" maxZ="2.3" yOffset="0.6" />
    </foliageBending>
	
    <wearable wearDuration="480" workMultiplier="5" fieldMultiplier="2"/>
    <washable dirtDuration="90" washDuration="1" workMultiplier="6" fieldMultiplier="2"/>

</vehicle>