<?xml version="1.0" encoding="utf-8" standalone="no" ?>

<!--
     Tire sound XML by PeterAH [FBM]
     Date: September 2020
     Parts of this XML will be overwritten by the "tireSound.lua".
-->

<sounds>
    
    <!-- Tire sound / Reifen-Sound -->
    <tires file="sounds/tires_loop.wav" linkNode="0>" innerRadius="25.0" outerRadius="135.0" >
        <volume indoor="0.41" outdoor="0.63" >
            <modifier type="SPEED" value="29.0" modifiedValue="0.0" />
            <modifier type="SPEED" value="53.0" modifiedValue="1.0" />
            <modifier type="ACCELERATE" value="0.0" modifiedValue="0.71" />
            <modifier type="ACCELERATE" value="0.5" modifiedValue="1.00" />
            <modifier type="CRUISECONTROL" value="0" modifiedValue="1.00" />
            <modifier type="CRUISECONTROL" value="1" modifiedValue="1.41" />
        </volume>
        <pitch indoor="1.0" outdoor="1.0" >
            <modifier type="SPEED" value="0.0" modifiedValue="0.0" />
            <modifier type="SPEED" value="53.0" modifiedValue="1.0" />
        </pitch>
        <lowpassGain indoor="0.5" outdoor="0.5" />
    </tires>

</sounds>
