<?xml version="1.0" encoding="utf-8" standalone="no"?>
<currencies imageFilename="overlays/currenciesOverlay.png" useConverter="true">
	<currency text="$l10n_unit_brazilianReal" textShort="R$" prefixSymbol="false" factor="6.57" imageUVs="0 0 48 48"/>
	<currency text="$l10n_unit_chineseYuan" textShort="¥" prefixSymbol="true" factor="7.82" imageUVs="192 0 48 48"/>
	<currency text="$l10n_unit_czechKoruna" textShort="Kč" prefixSymbol="false" factor="25.81" imageUVs="48 0 48 48"/>
	<currency text="$l10n_unit_hungarianForint" textShort="Ft" prefixSymbol="false" factor="357,74" imageUVs="96 0 48 48"/>
	<currency text="$l10n_unit_japaneseYen" textShort="¥" prefixSymbol="true" factor="127" imageUVs="192 0 48 48"/>
	<currency text="$l10n_unit_polishZloty" textShort="zł" prefixSymbol="false" factor="1" imageUVs="144 0 48 48"/>
	<currency text="$l10n_unit_southKoreanWon" textShort="₩" prefixSymbol="true" factor="1341.22" imageUVs="96 48 48 48"/>
	<currency text="$l10n_unit_romanianLeu" textShort="lei" prefixSymbol="false" factor="4.88" imageUVs="0 48 48 48"/>
	<currency text="$l10n_unit_russianRuble" textShort="руб" prefixSymbol="false" factor="89.63" imageUVs="48 48 48 48"/>
	<currency text="$l10n_unit_turkishLira" textShort="TL" prefixSymbol="true" factor="8.56" imageUVs="144 48 48 48"/>
	<currency text="$l10n_unit_ukrainianHryvnia" textShort="грн" prefixSymbol="false" factor="33.72" imageUVs="192 48 48 48"/>
</currencies>