<?xml version="1.0" encoding="utf-8" standalone="no" ?>
<modDesc descVersion="46">
   <author>GtX</author>

   <mpTesting>Johnny Vee</mpTesting>

   <translations>Ralf, Vanquish081, MrHector</translations>

   <version>1.0.1.0</version>

    <title>
        <en>Pasazer Mod</en>
    </title>

    <description>
        <en>.</en>
    </description>

    <multiplayer supported="true"/>
    <iconFilename>icon.dds</iconFilename>

    <extraSourceFiles>
        <sourceFile filename="scripts/UniversalPassenger.lua" />
    </extraSourceFiles>

    <l10n>
        <text name="universalPassenger_loadError">
            <en>.</en>
        </text>

        <text name="input_NEXT_PASSENGER_VEHICLE">
            <en>Next Passenger Vehicle</en>
        </text>

        <text name="input_ENTER_PASSENGER_SEAT">
            <en>Enter/Exit Passenger Seat</en>
        </text>

        <text name="input_NEXT_PASSENGER_SEAT">
            <en>Zmien Miejsce</en>
        </text>

        <text name="action_enterDriverSeat">
            <en>Wejdz jako kierowca</en>
        </text>

        <text name="action_enterPassengerSeat">
            <en>Wejdz jako pasazer</en>
        </text>

        <text name="action_exitPassengerSeat">
            <en>Wyjdz z pojazdu</en>
        </text>

        <text name="action_nextPassengerSeat">
            <en>Wejdz jako pasazer</en>
        </text>

        <text name="config_allFarms">
            <en>Dla Wszystkich</en>
        </text>

        <text name="config_farmOnly">
            <en>Dla Gospodarstwa</en>
        </text>

        <text name="config_disabled">
            <en>Wylaczone</en>
        </text>
    </l10n>

    <inputBinding>
        <actionBinding action="ENTER_PASSENGER_SEAT">
            <binding device="KB_MOUSE_DEFAULT" input="KEY_lshift KEY_z" />
        </actionBinding>
        <actionBinding action="NEXT_PASSENGER_SEAT">
            <binding device="KB_MOUSE_DEFAULT" input="KEY_n" />
        </actionBinding>
        <actionBinding action="NEXT_PASSENGER_VEHICLE">
            <binding device="KB_MOUSE_DEFAULT" input="KEY_lctrl KEY_tab" />
        </actionBinding>
    </inputBinding>

    <actions>
        <action name="ENTER_PASSENGER_SEAT" />
        <action name="NEXT_PASSENGER_SEAT" />
        <action name="NEXT_PASSENGER_VEHICLE" />
    </actions>
</modDesc>
