﻿<?xml version="1.0" encoding="utf-8" standalone="no" ?>
<vehicle type="pallet">
    <storeData>
        <name>
            <en>Środek Chwastobójczy</en>
		</name>
		
        <functions>
            <function>$l10n_function_herbicideTank</function>
        </functions>
		
        <specs>
            <capacity>20</capacity>
            <fillTypes>herbicide</fillTypes>
        </specs>
		
        <image>Zdjecia/Srodek.dds</image>
        <price>90</price>
        <allowLeasing>false</allowLeasing>
        <canBeSold>false</canBeSold>
        <rotation>0</rotation>
        <brand>CORTEVA</brand>
        <category>bigbags</category>
        <financeCategory>PURCHASE_FERTILIZER</financeCategory>
        <vertexBufferMemoryUsage>88452</vertexBufferMemoryUsage>
        <indexBufferMemoryUsage>21624</indexBufferMemoryUsage>
        <textureMemoryUsage>6815968</textureMemoryUsage>
        <instanceVertexBufferMemoryUsage>0</instanceVertexBufferMemoryUsage>
        <instanceIndexBufferMemoryUsage>0</instanceIndexBufferMemoryUsage>
    </storeData>

    <base>
        <filename>I3D/Corteva_Herbicide.i3d</filename>
        <size width="2" length="2"/>
        <input allowed="false"/>
        <canBeReset>false</canBeReset>
        <components>
            <component centerOfMass="-0 0.20 -0" solverIterationCount="10" mass="50"/>
        </components>
    </base>

    <fillUnit>
        <fillUnitConfigurations>
            <fillUnitConfiguration>
                <fillUnits removeVehicleIfEmpty="true">
                    <fillUnit unit="$l10n_unit_literShort" fillTypes="HERBICIDE" capacity="20" startFillType="HERBICIDE" startFillLevel="20">
                        <fillRootNode index="0>"/>
                    </fillUnit>
                </fillUnits>
            </fillUnitConfiguration>
        </fillUnitConfigurations>
    </fillUnit>

    <dischargeable requiresTipOcclusionArea="false">
        <dischargeNode node="raycastNode" emptySpeed="300" fillUnitIndex="1" maxDistance="6" canStartDischargeAutomatically="true">
            <raycast useWorldNegYDirection="true"/>
            <info width="0.4" length="0.4"/>
            <activationTrigger node="dischargeActivationTrigger"/>
            <effects>
                <effectNode effectClass="PipeEffect" effectNode="pipeEffect" materialType="pipe" materialTypeId="1" delay="0" maxBending="1" positionUpdateNodes="smokeEffect"/>
                <effectNode effectNode="smokeEffect" materialType="smoke" materialTypeId="1" delay="0.1" alignToWorldY="true"/>
            </effects>
        </dischargeNode>
    </dischargeable>

    <fillTriggerVehicle triggerNode="fillTrigger" fillUnitIndex="1" litersPerSecond="10"/>

    <i3dMappings>
        <i3dMapping id="CortevaHerbicide_main_component1" node="0>"/>
        <i3dMapping id="raycastNode" node="0>0|0"/>
        <i3dMapping id="pipeEffect" node="0>0|1|0"/>
        <i3dMapping id="smokeEffect" node="0>0|1|1"/>
        <i3dMapping id="fillTrigger" node="0>0|2"/>
        <i3dMapping id="dischargeActivationTrigger" node="0>0|3"/>
        <i3dMapping id="seeds_mat" node="0>1|0"/>
        <i3dMapping id="pigFood_mat" node="0>1|1"/>
        <i3dMapping id="lime_mat" node="0>1|2"/>
        <i3dMapping id="horseFood_mat" node="0>1|3"/>
        <i3dMapping id="chickenFood_mat" node="0>1|4"/>
    </i3dMappings>
</vehicle>
