<?xml version="1.0" encoding="utf-8" standalone="no" ?>
<vehicle type="pallet">
	<storeData>
	<name>
		<en>Szary Kanister</en>
	</name>

	<specs>
		<capacity>10</capacity>
		<fillTypes>diesel</fillTypes>
	</specs>

	<functions>
		<function>
			<en>Służy do przewozu paliwa w dane miejsce.</en>
		</function>
	</functions>

	<image>Zdjecia/Szary.dds</image>
	<price>40</price>
	<allowLeasing>false</allowLeasing>
	<canBeSold>false</canBeSold>
	<rotation>0</rotation>
	<brand>LIZARD</brand>
	<category>pallets</category>
    </storeData>
	
	<base>
		<filename>I3D/Szary/Szary.i3d</filename>
		<size width="0.7" length="0.7"/>
		<input allowed="false"/>
		<canBeReset>true</canBeReset>
		<components>
			<component centerOfMass="0 0.21 0" solverIterationCount="10" mass="75"/>
		</components>
	</base>
	
	<fillUnit>
		<fillUnitConfigurations>
			<fillUnitConfiguration>
				<fillUnits removeVehicleIfEmpty="true">
					<fillUnit unit="$l10n_unit_literShort" fillTypes="DIESEL" capacity="10" startFillType="DIESEL" startFillLevel="10">
					<fillRootNode node="0>"/>
					</fillUnit>
				</fillUnits>
			</fillUnitConfiguration>
		</fillUnitConfigurations>
	</fillUnit>
	
	<fillTriggerVehicle triggerNode="Aktywacja" fillUnitIndex="1" litersPerSecond="0.1"/>
	
	<dischargeable requiresTipOcclusionArea="false"/>
	<tensionBeltObject>
		<meshNodes>
			<meshNode node="Tekstury"/>
		</meshNodes>
	</tensionBeltObject>
	
	<i3dMappings>
		<i3dMapping id="Aktywacja" node="0>2"/>
		<i3dMapping id="Tekstury" node="0>3"/>
	</i3dMappings>
</vehicle>