<?xml version="1.0" encoding="utf-8" standalone="no" ?>
<modDesc descVersion="53">
	<author>Deniox_</author>
	<version>1.0</version>

	<title>
		<en>Skrypt Sklep</en>
	</title>

	<description>
		<en><![CDATA[
		
		>> Autor: Deniox_
		>> Wydanie: Nigdy
		>> Mod: Skrypt Sklep
		>> Wersja: 1.0
		
		
		- Informacje
		
		Otwarty Sklep: Od 7 Do 22
		Zamkniety Sklep: Od 22 Do 7
		]]></en>
	</description>

	<extraSourceFiles>
		<sourceFile filename="Xml/Sklep.lua" />
	</extraSourceFiles>

	<iconFilename>Zdjecia/Ikona.dds</iconFilename>
    <multiplayer supported="true"/>
</modDesc>