﻿<?xml version="1.0" encoding="utf-8" standalone="no"?>
<modDesc descVersion="53">
    <author>Deniox_</author>
	<version>1.0</version>
	
	<title>
		<en>Miotła</en>
    </title>

    <iconFilename>Ikona.dds</iconFilename>
    <multiplayer supported="true"/>

	<description>
		<en>.</en>
	</description>

	<l10n>
		<text name="function_broom">
			<en>Miotła to proste narzędzie czyszczące służące do usuwania pyłu i śmieci z płaskich powierzchni, przede wszystkim podłóg.</en>
		</text>

		<text name="shopItem_broom">
			<en>Miotła</en>
		</text>
	</l10n>

	<extraSourceFiles>
		<sourceFile filename="src/handTools/Broom.lua"/>
	</extraSourceFiles>

    <storeItems>
        <storeItem xmlFilename="XMLs/broom.xml"/>
    </storeItems>
</modDesc>