﻿<?xml version="1.0" encoding="utf-8" standalone="no" ?>
<modDesc descVersion="53">
    <author>900Hasse</author>
	<version>1.4.2.0</version>
	<title>
        <en>Added Realism For Vehicles</en>
    </title>
    <description>
        <en>
<![CDATA[The goal of this mod is to make the game feel more realistic and
customizing the vehicle for the task more rewarding.
The goal is to make the mod universal.
This mod supports multiplayer and dedicated servers.
No changes in XML is needed. Some data from XML is overwritten!

Wheels:
In the base game many vehicles does not take tiretype into consideration making for example
the lizard pickup truck recive unrealistic high friction at all ground types.
This mod fill the missing data based on tiretrack index making it universal.
Different tiretypes now act completely different on different ground types and
suffers differently on rain and sinking into the ground.
This mod only supports the 4 standard tiretypes: MUD, STREET, OFFROAD and CRAWLERS!
Calculates friction based on size of tire making wide tires, duals and tracks worth the money for
heavy fieldwork but the narrows suffers making it ideal for easier tasks in later growth state.
Adds rolling and sideway resistance meening: 
More wheel load, small tires and soft ground = more force needed for pulling or pushing.
Less wheel load, large tires and hard ground = less force needed for pulling or pushing.
Wheels now dig down into the ground.

Implements:
Pulling force for "Plows", "cultivators" and "sowingmachines" is affected by ground type.
Balers and loading wagons uses power based on fillspeed.

1.1.0.0:
Increased sink of wheels, this will make it harder to pull small wheels in soft ground.
Added missing information about balers and loading wagons use power based on fillspeed.
The power added by fillspeed is now based on the mass of the mateial, 
grass needs more power then straw for example.
Slightly increased friction of street tires.
Added the wheel digging into the ground if no traction.
Removed gearbox.

1.2.0.0:
Added support for "REA Dynamic dirt", driving into standing water
created by "REA Dynamic dirt" decrease friction and increase sink of wheels.
Decreased power added by fillspeed with 25%.
Decreased sink in rootcrops from 0,15m to 0,1m.
Added a minimum sideway resistance to make vehicle more stable.
Resolved issue where crawlers sufferd of extreme rolling resistance and low friction.

1.3.0.0:
Decreased the loss of friction for STREET tires in field when sinking into the ground.
Overhaul of wheel sinking into ground: load on wheel, width of tire and ground wetness 
now has greater effect on how far the wheels sinks into the field.
Center of gravity height is adjusted between 0.1-0.6m above the wheel axel unless
already higher original value, this only applies if vehcles has got wheels.
Center of gravity position lenght wise is adjusted closer to wheel axel.
Front axel is no longer by default locked when a frontloader is attached.
Changed GUI.

1.3.1.0:
Fixed console only showing two lines.
Fillspeed for calculating fillspeed now uses total fillspeed of all fillunits and not
each fillunit individually.
Center of gravity length wise is now only changed for motorized vehicles.
Center of gravity height adjustment is now lowered to 0.05-0.3m above the wheel axel.

1.3.2.0:
Added a minimum wheel size to be effected by REA,
very small wheels will get lesser effect by REA.
Center of gravity is now only changed during loading of vehicle,
this corrects the "moon" effect of some vehicles.
If center of gravity is adjusted by vehicle customizing this data is now not ignored.

1.4.0.0:
Increased mud particles behind wheels.
Particles was based on vehicle speed but is now based on wheel rotation speed,
this adds particles also when vehicle is standing still and wheel spins.
Tiretrack is now changed when wheels slips adding the visiual effect of wheel digging.
Fixed issue in original script creating tiretracks below ground as a multiplayer client.
Lowered friction loss from wheel sink.
Increased friction loss from ground wetness.
Slightly decreased friction of Crawlers in field.
Fixed issue where HUD was visable even when disabled.
Added separate frictions during wet ground for seansons and "vanilla".
Center of gravity can never be higher then 3 times the wheel raduis,
some singel component vehicle got very high center of gravity.
Code optimization.

1.4.1.0:
Wetness now plays a larger role for wheel sink and wheel load less,
old WheelLoad 50%/Wetness 50%, new WheelLoad 40%/Wetness 60%.
Increased REA effects from wetness when seasons is loaded to balance it with vanilla.
In very low speed rolling resistance was not added, this is now fixed.
Added smoothing of wheel load to get more even rolling resistance.
Sink is now only decreased by moving wheel in rolling direction or by 
moving the wheel sideway and lifting at the same time.
Sideway and rolling speed is now based on the same reference.

1.4.2.0:
Removed sink beeing only reduced in rolling direction.
Load now effect how much the wheel digs into the ground, 
narrow wheels dig fast and wider digs slower.
Increased friction when wheel reaches max sink to decrease sliding.
]]>
</en>
<de>
<![CDATA[Das Ziel dieses Mods ist es, dass Spielgefühl realistischer zu machen und
das Anpassen des Fahrzeugs für die Aufgabe lohnender zu machen.
Ziel ist es ebenfalls die Mod universell zu machen.
Diese Mod unterstützt Multiplayer und dedizierte Server.
Es werden keine Änderungen im XML benötigt. Einige Daten aus der XML werden überschrieben!

Räder:
Im Basisspiel wird bei vielen Fahrzeugen der Reifentyp nicht berücksichtigt, so dass z.B.
der Lizard-Pickup-Truck eine unrealistisch hohe Reibung bei allen Bodentypen erhält.
Diese Mod füllt die fehlenden Daten basierend auf dem Reifenspur-Index und macht sie universell.
Verschiedene Reifentypen verhalten sich nun völlig unterschiedlich auf verschiedenen Bodentypen und
leiden unterschiedlich bei Regen und Einsinken in den Boden.
Dieser Mod unterstützt nur die 4 Standard-Reifentypen: MUD, STREET, OFFROAD und CRAWLERS!
Berechnet die Reibung basierend auf der Reifengröße, wodurch breite Reifen, Duals und Raupen das Geld wert sind für
schwere Feldarbeiten, aber der Pflegereifen leidet, so dass sie für leichtere Aufgaben im späteren Wachstumszustand ideal sind.
Erhöht den Roll- und Seitwärtswiderstand:
Mehr Radlast, kleine Reifen und weicher Boden = mehr Kraftaufwand zum Ziehen oder Schieben.
Geringere Radlast, große Reifen und harter Boden = weniger Kraftaufwand zum Ziehen oder Schieben.
Die Räder graben sich nun in den Boden ein.

Anbaugeräte:
Die Zugkraft für "Pflüge", "Grubber" und "Sämaschinen" wird vom Bodentyp beeinflusst.
Ballenpressen und Ladewagen verwenden Kraft basierend auf der Füllgeschwindigkeit.

1.1.0.0:
Das Einsinken der Räder wurde erhöht, dadurch wird es schwieriger, kleine Räder in weichem Boden zu ziehen.
Fehlende Information hinzugefügt, dass Ballenpressen und Ladewagen Leistung basierend auf Fillspeed verwenden.
Die Leistung, die durch die Füllgeschwindigkeit hinzugefügt wird, basiert nun auf der Masse des Materials,
Gras benötigt z.B. mehr Leistung als Stroh.
Die Reibung der Straßenreifen wurde leicht erhöht.
Das Rad gräbt sich bei fehlender Traktion in den Boden ein.
Das Getriebe wurde entfernt.

1.2.0.0:
Unterstützung für "REA Dynamic dirt" hinzugefügt, das fahren in stehendes Wasser
die durch "REA Dynamic dirt" erzeugt wird, verringert die Reibung und erhöht das Einsinken der Räder.
Die durch Füllgeschwindigkeit hinzugefügte Leistung wurde um 25% verringert.
Verringertes Einsinken im Wurzelwerk von 0,15m auf 0,1m.
Es wurde ein minimaler seitlicher Widerstand hinzugefügt, um das Fahrzeug stabiler zu machen.
Problem behoben, bei dem Crawler unter extremem Rollwiderstand und geringer Reibung litten.

1.3.0.0:
Verringert den Reibungsverlust für STREET-Reifen im Feld beim Einsinken in den Boden.
Überarbeitung des Einsinkens der Räder in den Boden: Last auf dem Rad, Breite des Reifens und Bodenfeuchtigkeit
haben jetzt einen größeren Einfluss darauf, wie weit die Räder im Feld einsinken.
Schwerpunkthöhe wird zwischen 0,1-0,6m über der Radachse angepasst, wenn nicht
bereits höherer Originalwert, dies gilt nur, wenn das Fahrzeug über Räder verfügt.
Die Position des Schwerpunkts in der Länge wird näher an die Radachse angepasst.
Die Vorderachse ist nicht mehr standardmäßig gesperrt, wenn ein Frontlader angebracht ist.
Geänderte GUI.

1.3.1.0:
Problem, bei dem die Konsole nur zwei Zeilen zeigte - gefixt
Die Füllgeschwindigkeit zur Berechnung der Füllgeschwindigkeit verwendet jetzt die Gesamtfüllgeschwindigkeit aller Fülleinheiten und nicht mehr
jede Fülleinheit einzeln.
Der Schwerpunkt in Längsrichtung wird jetzt nur für motorisierte Fahrzeuge geändert.
Die Höheneinstellung des Schwerpunkts wird jetzt auf 0,05 bis 0,3 m über der Radachse abgesenkt.

1.3.2.0:
Es wurde eine Mindestradgröße hinzugefügt, die von REA beeinflusst wird,
sehr kleine Räder werden von REA weniger stark beeinflusst.
Der Schwerpunkt wird jetzt nur noch beim Beladen des Fahrzeugs verändert,
dies korrigiert den "moon"-Effekt bei einigen Fahrzeugen.
Wenn der Schwerpunkt durch die Fahrzeuganpassung angepasst wird, werden diese Daten nun nicht mehr ignoriert.

1.4.0.0:
Die Schlammpartikel hinter den Rädern wurden erhöht.
Die Partikel basierten auf der Fahrzeuggeschwindigkeit, aber jetzt basiert auf der Raddrehzahl,
Dies fügt Partikel auch hinzu, wenn das Fahrzeug stillsteht und das Rad durchdreht.
Die Reifenspur wird nun geändert, wenn die Räder durchrutschen, was den visuellen Effekt des Eingrabens der Räder verstärkt.
Problem im Original-Skript behoben, das Reifenspuren unter dem Boden als Multiplayer-Client erzeugt.
Der Reibungsverlust durch das Einsinken der Räder wurde verringert.
Erhöhter Reibungsverlust durch Bodennässe.
Die Reibung von Crawlern im Feld wurde leicht verringert.
Problem behoben, bei dem das HUD sichtbar war, auch wenn es deaktiviert war.
Separate Reibung bei nassem Boden für Seansons und "Vanilla" hinzugefügt.
Der Schwerpunkt kann nie höher als das 3-fache des Radabstandes sein,
einige Einzelkomponenten-Fahrzeuge hatten einen sehr hohen Schwerpunkt.
Code-Optimierung.

1.4.1.0:
Nässe spielt jetzt eine größere Rolle für die Radsenkung und Radlast,
alte WheelLoad 50%/Nässe 50%, neue WheelLoad 40%/Nässe 60%.
Erhöhte REA-Effekte durch Nässe bei Beladung mit Seasons, um sie mit Vanille auszugleichen.
Bei sehr niedriger Geschwindigkeit wurde der Rollwiderstand nicht hinzugefügt, dies ist nun behoben.
Es wurde eine Glättung der Radlast hinzugefügt, um einen gleichmäßigeren Rollwiderstand zu erhalten.
Das Einsinken wird nun nur noch verringert, wenn das Rad in Rollrichtung bewegt wird oder wenn
das Rad seitlich bewegt und gleichzeitig angehoben wird.
Seitenführung und Rollgeschwindigkeit basieren jetzt auf der gleichen Referenz.

1.4.2.0:
Sinken wird nicht mehr nur in Rollrichtung reduziert.
Die Belastung wirkt sich nun darauf aus, wie stark sich das Rad in den Boden gräbt,
schmale Räder graben schnell und breitere langsamer.
Erhöhte Reibung, wenn das Rad die maximale Senkung erreicht, um das Gleiten zu verringern.
]]>
</de>
    </description>
	<l10n>
	</l10n>
    <iconFilename>icon_REA.dds</iconFilename>
	<multiplayer supported="true" />
    <extraSourceFiles>
        <sourceFile filename="REA.lua" />
    </extraSourceFiles>
</modDesc>