<?xml version="1.0" encoding="utf-8" standalone="no" ?>
<modDesc descVersion="47">
  <author>LS-ModSource / Silas770</author>
  <version>1.0.0.0</version>

  <title>
    <en>Green Mowing</en>
    <de>Green Mowing</de>
  </title>

  <description>
    <en><![CDATA[This mod allows it to harvest wheat, barley, oat, rye and triticale (if installed in the map) within the last green growth state with a mower.]]></en>
    <de><![CDATA[Mit diesem Mod können Weizen, Gerste, Hafer, Roggen und Triticale (sofern in der Map verbaut) auch mit dem Mähwerk in der letzten "grünen" Wachstumsphase geerntet werden.]]></de>
  </description>

  <iconFilename>icon.dds</iconFilename>
  <multiplayer supported="true"/>

  <extraSourceFiles>
    <sourceFile filename="src/register.lua" />
    <sourceFile filename="src/GreenMowing.lua" />
  </extraSourceFiles>
  
</modDesc>
