<?xml version="1.0" encoding="utf-8" standalone="no" ?>
<placeable>
    <storeData>
        <name>$l10n_name_airCompressor</name>
        <functions>
            <function>$l10n_function_airCompressor</function>
        </functions>
        <image>store_AirCompressor.png</image>
        <price>350</price>
        <dailyUpkeep>5</dailyUpkeep>
        <lifetime>1000</lifetime>
        <rotation>0</rotation>
        <brand>VDI</brand>
        <species>placeable</species>
        <category>placeableMisc</category>
        <vertexBufferMemoryUsage>458968</vertexBufferMemoryUsage>
        <indexBufferMemoryUsage>91326</indexBufferMemoryUsage>
        <textureMemoryUsage>2447000</textureMemoryUsage>
        <instanceVertexBufferMemoryUsage>0</instanceVertexBufferMemoryUsage>
        <instanceIndexBufferMemoryUsage>0</instanceIndexBufferMemoryUsage>
    </storeData>

    <placeableType>highPressureWasher</placeableType>
    <filename>FS19_AirCompressor.i3d</filename>
    <placement testSizeX="1" testSizeZ="1" sizeX="1.5" sizeZ="1.5" useRandomYRotation="false" useManualYRotation="true" alignToWorldY="false" pos1Node="2" pos2Node="3" pos3Node="4"/>

    <highPressureWasher>
        <handtool filename="FS19_AirLance.xml"/>
        <lance node="0|2|0"/>
        <sounds>
            <compressor template="PRESSURE_WASHER_RUN_01" file="sounds/air_compressor_run.ogg" linkNode="0" />
            <switch template="PRESSURE_WASHER_SWITCH_01" linkNode="0|2|0|0" />
        </sounds>
    </highPressureWasher>

    <tipOcclusionUpdateArea sizeX="2" sizeZ="2" />
    <clearAreas>
        <clearArea startNode="1|1" widthNode="1|2" heightNode="1|0"/>
    </clearAreas>

</placeable>
