﻿<?xml version="1.0" encoding="utf-8" standalone="no" ?>
<modDesc descVersion="53">
    <author>VertexDezign</author>
    <version>1.0.1.0</version>
    <title>
        <de>Kompressor</de>
        <en>Air Compressor</en>
    </title>
    <description>
<en><![CDATA[
This simple, stationary air compressor is a must have item on any farm.
Price: 350 €
Maintenance: 5 € / day

Changelog v1.0.1.0:
- Fixed normal direction of trigger of air lance

]]>
</en>

<de><![CDATA[
Dieser einfache Kompressor darf auf keinem Bauernhof fehlen.
Preis: 350 €
Wartung: 5 € / Tag

Changelog v1.0.1.0:
- Normalenausrichtung am Auslöser der Druckpistole berichtigt

]]>
</de>
    </description>
    <iconFilename>icon_AirCompressor.png</iconFilename>
    <multiplayer supported="true"/>

    <brands>
		<brand name="VDI" title="Vertexdezign Industries" image="brand_vdi.dds"/>
	</brands>

    <storeItems>
        <storeItem xmlFilename="FS19_AirCompressor.xml"/>
        <storeItem xmlFilename="FS19_AirLance.xml"/>
    </storeItems>

	<l10n>
        <text name="name_airCompressor">
            <en>Air Compressor</en>
            <de>Kompressor</de>
        </text>
		<text name="function_airCompressor">
            <en>Air Compressor to dust off equipment for cleaning.</en>
            <de>Kompressor um Geräte zu entstauben und zu säubern.</de>
        </text>
	</l10n>
</modDesc>