<?xml version="1.0" encoding="utf-8" standalone="no" ?>
<modDesc descVersion="47">
    <author>Wopster</author>
    <version>1.1.0.0</version>

    <title>
        <en>Manual Attach</en>
        <de>Manuelles Ankuppeln</de>
        <fr>Attacher Manuellement</fr>
        <nl>Handmatig Aankoppelen</nl>
        <pl>Ręczne Zaczepianie</pl>
        <ru>Ручная сцепка</ru>
        <cz>Manuální Připojování</cz>
        <hu>Kézi Csatlakozás</hu>
    </title>

    <description>
        <en>
            <![CDATA[This mod enforces you to attach/detach tools and trailers manually.

Attach/Detach implements:
When attaching an implement the script forces the implement to stay at it's lowered state. There are some exceptions made for frontloaders, skidsteers, shovels, telehandlers, combines and hooklift implements. You're still able to attach and detach those implements without having to leave your vehicle.
Note: The connection hoses and power take off still require to be attached manually for those implements.*
In order to detach, the implement needs to be lowered first! Also make sure that the power take off and connection hoses are detached before detaching the implement.

The mod disables attaching and detaching from inside the vehicle (exceptions are mentioned above). Like the mod title already suggests it’s not possible anymore to do the quick switches between implements.. get out that vehicle for real this time!

Attach/Detach power take off:
Hit Z in order to attach/detach the power take off.

Keep in mind that a tool needs a power take off, otherwise it can't be turned on!

Attach/Detach connection hoses:
Hold Z (for a short amount of time) in order to attach/detach the connection hoses.

Without attached connection hoses the following can occur:
- You won't be able to control hydraulics (e.g. moving parts, folding, use ridge markers etc)
- You won't be able to use the lights.
- Brakes will be blocked.

Changelog v1.1.0.0:
- Performance improvements.
- Added more blockage of functions when hoses are not connected.
- Fixed double attach possibility.
- Allow detaching of vehicles that are turned on by lowering.
- Fixed issue with the hoses on the Anderson M160.
- Fixed PTO attach state on savegame load.
- Fixed issue with tools sometimes not being detected (frontloader tools specially).
- Added attach/detach sounds for PTO and hoses.
]]>
        </en>
        <de>
            <![CDATA[Dieser Mod zwingt dich Geräte und Anhänger manuell anzukoppeln.

Anhängen/Abhängen von Anbaugeräten:

Wenn ein Anbaugerät angehangen wird, zwingt das Skript das Anbaugerät im abgesenkten Zustand zu bleiben. Es gibt ein paar Ausnahmen, Frontlader, Skidsteers, Schaufeln, Telelader, Mähdrescher und Hakenlift Anbaugeräte.
Es ist weiterhin möglich diese Anbaugeräte vom Fahrzeug aus an und abzubauen.
Anmerkung: Die Schläuche und die Zapfwelle müssen trotzdem noch manuell angebaut werden.
Man muss das Anbaugerät erst absenken um es abzuhängen! Bevor du das Anbaugerät abhängst,
sei dir sicher,dass die Schläuche und die Zapfwelle nicht angeschlossen sind.

Der Mod deaktiviert das An-/Abkuppeln vom Fahrzeug aus (Ausnahmen wurden oben erwähnt).
Wie der Modname schon sagt, ist es nun nicht mehr möglich mal eben schnell zwischen den Anbaugeräten zu wechseln...
steig endlich aus!

An-/abbauen der Zapfwelle:

Drücke y um die Zapfwelle an oder abzubauen.
Behalte im Kopf, dass die Zapfwelle angeschlossen sein muss, andernfalls kannst du das Gerät nicht anschalten.

An-/abkuppeln der Verbindungsschläuche:

Halte y (für eine kurze Zeit) gedrückt um die Schläuche an bzw. abzukuppeln.

Ohne angeschlossene Schläuche kann folgendes passieren:
- Du wirst nicht in der Lage sein die Hydraulik zu kontrollieren (z.B. sich bewegende Teile, ein-/ausklappen, Spuranreißer benutzen etc.)
- Du kannst keine Lichter benutzen.
- Blockierte Bremsen.

Changelog v1.1.0.0:
- Performance verbessert.
- Weitere Blockierung von Funktionen bei nicht angeschlossenen Schläuchen hinzugefügt.
- Möglichkeit der doppelten Anschlussmöglichkeit gefixt.
- Ermöglicht das Abkoppeln von Fahrzeugen, die durch Absenken eingeschaltet werden.
- Problem mit den Schläuchen am Anderson M160 behoben.
- Der PTO-Anschlusszustand beim Laden des Savegames wurde korrigiert.
- Es wurde ein Problem behoben, bei dem Werkzeuge manchmal nicht erkannt wurden (speziell Frontladerwerkzeuge).
- Es wurden Geräusche für das An- und Abkuppeln der Zapfwelle und der Schläuche zugefügt.
]]>
        </de>
        <fr>
            <![CDATA[Ce mod vous oblige à attacher/détacher manuellement les outils et les remorques.

Attacher/détacher les outils :
Lors de la fixation d'un outil, le script force l'outil à rester à l'état abaissé. Il y a quelques exceptions faites pour les chargeurs frontaux, les débardeurs, les pelles, les télescopiques, les moissonneuses-batteuses et les appareils de levage à crochet. Vous pouvez toujours attacher et détacher ces outils de l'intérieur de votre véhicule. Remarque : Les flexibles de raccordement et la prise de force doivent encore être fixés manuellement pour ces outils. Pour pouvoir détacher l'outil, il faut d'abord l'abaisser ! Avant de dételer l'outil, vérifiez également que la prise de force et les flexibles de raccordement sont débranchés.

Le mod désactive l'attachement et le détachement depuis l'intérieur du véhicule (les attentes sont mentionnées ci-dessus). Comme le suggère déjà l'intitulé du mod il n'est plus possible de passer rapidement d'un outil à l'autre.... sortez ce véhicule pour de bon cette fois-ci !

Branchez/débranchez la prise de force :
Appuyez sur la touche W pour accoupler/détacher la prise de force.

Gardez à l'esprit qu'un outil a besoin d'une prise de force, sinon il ne peut pas être mis en marche !

Branchez/débranchez les tuyaux de raccordement :
Maintenez la touche W (pendant un court instant) pour fixer/détacher les flexibles de raccordement.

En l'absence de tuyaux de raccordement raccordés, les situations suivantes peuvent se produire :
- Vous ne serez pas en mesure de contrôler l'hydraulique (par exemple, les pièces mobiles, le repliage, l'utilisation de marqueurs de faîtage, etc.)
- Vous ne pourrez pas utiliser les lumières.
- Votre remorque sera freinée par l'air comprimé.

Changelog v1.1.0.0:
- Performance improvements.
- Added more blockage of functions when hoses are not connected.
- Fixed double attach possibility.
- Allow detaching of vehicles that are turned on by lowering.
- Fixed issue with the hoses on the Anderson M160.
- Fixed PTO attach state on savegame load.
- Fixed issue with tools sometimes not being detected (frontloader tools specially).
- Added attach/detach sounds for PTO and hoses.
]]>
        </fr>
        <pl>
            <![CDATA[Ten mod zmusza cię do ręcznego zaczepiania/odczepiania przyczep, maszyn i narzędzi. Mamy nadzieję, że będziesz się dobrze z nim bawił!

Changelog v1.1.0.0:
- Performance improvements.
- Added more blockage of functions when hoses are not connected.
- Fixed double attach possibility.
- Allow detaching of vehicles that are turned on by lowering.
- Fixed issue with the hoses on the Anderson M160.
- Fixed PTO attach state on savegame load.
- Fixed issue with tools sometimes not being detected (frontloader tools specially).
- Added attach/detach sounds for PTO and hoses.
]]>
        </pl>
        <ru>
            <![CDATA[Этот мод вынуждает присоединять/отсоединять оборудование и прицепы только вручную. Мы надеемся вам понравится этот мод.

Changelog v1.1.0.0:
- Performance improvements.
- Added more blockage of functions when hoses are not connected.
- Fixed double attach possibility.
- Allow detaching of vehicles that are turned on by lowering.
- Fixed issue with the hoses on the Anderson M160.
- Fixed PTO attach state on savegame load.
- Fixed issue with tools sometimes not being detected (frontloader tools specially).
- Added attach/detach sounds for PTO and hoses.
]]>
        </ru>
        <cz>
            <![CDATA[S tímto módem musíte manuálně připojovat a odpojovat vaše nástroje a vlečky.

Changelog v1.1.0.0:
- Performance improvements.
- Added more blockage of functions when hoses are not connected.
- Fixed double attach possibility.
- Allow detaching of vehicles that are turned on by lowering.
- Fixed issue with the hoses on the Anderson M160.
- Fixed PTO attach state on savegame load.
- Fixed issue with tools sometimes not being detected (frontloader tools specially).
- Added attach/detach sounds for PTO and hoses.
]]>
        </cz>
        <hu>
            <![CDATA[Ezzel a moddal kézzel kell csatlakoztatnod a pótkocsikat és eszközöket.

Changelog v1.1.0.0:
- Performance improvements.
- Added more blockage of functions when hoses are not connected.
- Fixed double attach possibility.
- Allow detaching of vehicles that are turned on by lowering.
- Fixed issue with the hoses on the Anderson M160.
- Fixed PTO attach state on savegame load.
- Fixed issue with tools sometimes not being detected (frontloader tools specially).
- Added attach/detach sounds for PTO and hoses.
]]>
        </hu>
        <it>
            <![CDATA[Questa mod ti impone di agganciare / sganciare manualmente strumenti e rimorchi.

Changelog v1.1.0.0:
- Performance improvements.
- Added more blockage of functions when hoses are not connected.
- Fixed double attach possibility.
- Allow detaching of vehicles that are turned on by lowering.
- Fixed issue with the hoses on the Anderson M160.
- Fixed PTO attach state on savegame load.
- Fixed issue with tools sometimes not being detected (frontloader tools specially).
- Added attach/detach sounds for PTO and hoses.
]]>
        </it>
    </description>

    <iconFilename>icon.png</iconFilename>

    <multiplayer supported="true"/>

    <l10n filenamePrefix="translations/translation"/>

    <extraSourceFiles>
        <sourceFile filename="src/loader.lua"/>
    </extraSourceFiles>

    <actions>
        <action name="MA_ATTACH_VEHICLE" axisType="HALF"/>
        <action name="MA_ATTACH_PTO_HOSE" axisType="HALF"/>
    </actions>

    <inputBinding>
        <actionBinding action="MA_ATTACH_VEHICLE">
            <binding device="KB_MOUSE_DEFAULT" input="KEY_q"/>
            <binding device="GAMEPAD_DEFAULT" input="BUTTON_5 BUTTON_10"/>
        </actionBinding>
        <actionBinding action="MA_ATTACH_PTO_HOSE">
            <binding device="KB_MOUSE_DEFAULT" input="KEY_z"/>
            <binding device="GAMEPAD_DEFAULT" input="BUTTON_5 BUTTON_9"/>
        </actionBinding>
    </inputBinding>
</modDesc>
